[31Mar2025 02:08:14.852] [main/INFO] [cpw.mods.modlauncher.Launcher/MODLAUNCHER]: ModLauncher running: args [--launchTarget, forgeserver, --fml.forgeVersion, 47.3.7, --fml.mcVersion, 1.20.1, --fml.forgeGroup, net.minecraftforge, --fml.mcpVersion, 20230612.114412, nogui]
[31Mar2025 02:08:14.858] [main/INFO] [cpw.mods.modlauncher.Launcher/MODLAUNCHER]: ModLauncher 10.0.9+10.0.9+main.dcd20f30 starting: java version 17.0.14 by Ubuntu; OS Linux arch amd64 version 6.8.0-1021-azure
[31Mar2025 02:08:14.890] [main/DEBUG] [cpw.mods.modlauncher.LaunchServiceHandler/MODLAUNCHER]: Found launch services [fmlclientdev,forgeclient,minecraft,forgegametestserverdev,fmlserveruserdev,fmlclient,fmldatauserdev,forgeserverdev,forgeserveruserdev,forgeclientdev,forgeclientuserdev,forgeserver,forgedatadev,fmlserver,fmlclientuserdev,fmlserverdev,forgedatauserdev,testharness,forgegametestserveruserdev]
[31Mar2025 02:08:14.903] [main/DEBUG] [cpw.mods.modlauncher.NameMappingServiceHandler/MODLAUNCHER]: Found naming services : [srgtomcp]
[31Mar2025 02:08:14.924] [main/DEBUG] [cpw.mods.modlauncher.LaunchPluginHandler/MODLAUNCHER]: Found launch plugins: [mixin,eventbus,slf4jfixer,object_holder_definalize,runtime_enum_extender,capability_token_subclass,accesstransformer,runtimedistcleaner]
[31Mar2025 02:08:14.936] [main/DEBUG] [cpw.mods.modlauncher.TransformationServicesHandler/MODLAUNCHER]: Discovering transformation services
[31Mar2025 02:08:14.940] [main/DEBUG] [net.minecraftforge.fml.loading.FMLPaths/CORE]: Path GAMEDIR is /workspaces/Minecraft_Server/servidor_minecraft
[31Mar2025 02:08:14.941] [main/DEBUG] [net.minecraftforge.fml.loading.FMLPaths/CORE]: Path MODSDIR is /workspaces/Minecraft_Server/servidor_minecraft/mods
[31Mar2025 02:08:14.944] [main/DEBUG] [net.minecraftforge.fml.loading.FMLPaths/CORE]: Path CONFIGDIR is /workspaces/Minecraft_Server/servidor_minecraft/config
[31Mar2025 02:08:14.944] [main/DEBUG] [net.minecraftforge.fml.loading.FMLPaths/CORE]: Path FMLCONFIG is /workspaces/Minecraft_Server/servidor_minecraft/config/fml.toml
[31Mar2025 02:08:17.053] [main/DEBUG] [cpw.mods.modlauncher.TransformationServicesHandler/MODLAUNCHER]: Found additional transformation services from discovery services: 
[31Mar2025 02:08:17.060] [main/INFO] [net.minecraftforge.fml.loading.ImmediateWindowHandler/]: ImmediateWindowProvider not loading because launch target is forgeserver
[31Mar2025 02:08:17.069] [main/DEBUG] [cpw.mods.modlauncher.TransformationServicesHandler/MODLAUNCHER]: Found transformer services : [mixin,fml]
[31Mar2025 02:08:17.069] [main/DEBUG] [cpw.mods.modlauncher.TransformationServicesHandler/MODLAUNCHER]: Transformation services loading
[31Mar2025 02:08:17.070] [main/DEBUG] [cpw.mods.modlauncher.TransformationServiceDecorator/MODLAUNCHER]: Loading service mixin
[31Mar2025 02:08:17.070] [main/DEBUG] [cpw.mods.modlauncher.TransformationServiceDecorator/MODLAUNCHER]: Loaded service mixin
[31Mar2025 02:08:17.070] [main/DEBUG] [cpw.mods.modlauncher.TransformationServiceDecorator/MODLAUNCHER]: Loading service fml
[31Mar2025 02:08:17.071] [main/DEBUG] [net.minecraftforge.fml.loading.LauncherVersion/CORE]: Found FMLLauncher version 1.0
[31Mar2025 02:08:17.071] [main/DEBUG] [net.minecraftforge.fml.loading.FMLLoader/CORE]: FML 1.0 loading
[31Mar2025 02:08:17.071] [main/DEBUG] [net.minecraftforge.fml.loading.FMLLoader/CORE]: FML found ModLauncher version : 10.0.9+10.0.9+main.dcd20f30
[31Mar2025 02:08:17.072] [main/DEBUG] [net.minecraftforge.fml.loading.FMLLoader/CORE]: FML found AccessTransformer version : 8.0.4+66+master.c09db6d7
[31Mar2025 02:08:17.072] [main/DEBUG] [net.minecraftforge.fml.loading.FMLLoader/CORE]: FML found EventBus version : 6.0.5+6.0.5+master.eb8e549b
[31Mar2025 02:08:17.072] [main/DEBUG] [net.minecraftforge.fml.loading.FMLLoader/CORE]: Found Runtime Dist Cleaner
[31Mar2025 02:08:17.074] [main/DEBUG] [net.minecraftforge.fml.loading.FMLLoader/CORE]: FML found CoreMod version : 5.1.6
[31Mar2025 02:08:17.074] [main/DEBUG] [net.minecraftforge.fml.loading.FMLLoader/CORE]: Found ForgeSPI package implementation version 7.0.1+7.0.1+master.d2b38bf6
[31Mar2025 02:08:17.074] [main/DEBUG] [net.minecraftforge.fml.loading.FMLLoader/CORE]: Found ForgeSPI package specification 5
[31Mar2025 02:08:17.074] [main/DEBUG] [cpw.mods.modlauncher.TransformationServiceDecorator/MODLAUNCHER]: Loaded service fml
[31Mar2025 02:08:17.075] [main/DEBUG] [cpw.mods.modlauncher.TransformationServicesHandler/MODLAUNCHER]: Configuring option handling for services
[31Mar2025 02:08:17.083] [main/DEBUG] [cpw.mods.modlauncher.TransformationServicesHandler/MODLAUNCHER]: Transformation services initializing
[31Mar2025 02:08:17.084] [main/DEBUG] [cpw.mods.modlauncher.TransformationServiceDecorator/MODLAUNCHER]: Initializing transformation service mixin
[31Mar2025 02:08:17.100] [main/DEBUG] [mixin/]: MixinService [ModLauncher] was successfully booted in cpw.mods.cl.ModuleClassLoader@7a3d45bd
[31Mar2025 02:08:17.127] [main/INFO] [mixin/]: SpongePowered MIXIN Subsystem Version=0.8.5 Source=union:/workspaces/Minecraft_Server/servidor_minecraft/libraries/org/spongepowered/mixin/0.8.5/mixin-0.8.5.jar%2365!/ Service=ModLauncher Env=SERVER
[31Mar2025 02:08:17.131] [main/DEBUG] [mixin/]: Initialising Mixin Platform Manager
[31Mar2025 02:08:17.133] [main/DEBUG] [mixin/]: Adding mixin platform agents for container ModLauncher Root Container(ModLauncher:4f56a0a2)
[31Mar2025 02:08:17.134] [main/DEBUG] [mixin/]: Instancing new MixinPlatformAgentMinecraftForge for ModLauncher Root Container(ModLauncher:4f56a0a2)
[31Mar2025 02:08:17.134] [main/DEBUG] [mixin/]: MixinPlatformAgentMinecraftForge rejected container ModLauncher Root Container(ModLauncher:4f56a0a2)
[31Mar2025 02:08:17.135] [main/DEBUG] [mixin/]: Instancing new MixinPlatformAgentDefault for ModLauncher Root Container(ModLauncher:4f56a0a2)
[31Mar2025 02:08:17.135] [main/DEBUG] [mixin/]: MixinPlatformAgentDefault accepted container ModLauncher Root Container(ModLauncher:4f56a0a2)
[31Mar2025 02:08:17.138] [main/DEBUG] [cpw.mods.modlauncher.TransformationServiceDecorator/MODLAUNCHER]: Initialized transformation service mixin
[31Mar2025 02:08:17.139] [main/DEBUG] [cpw.mods.modlauncher.TransformationServiceDecorator/MODLAUNCHER]: Initializing transformation service fml
[31Mar2025 02:08:17.139] [main/DEBUG] [net.minecraftforge.fml.loading.FMLServiceProvider/CORE]: Setting up basic FML game directories
[31Mar2025 02:08:17.139] [main/DEBUG] [net.minecraftforge.fml.loading.FMLPaths/CORE]: Path GAMEDIR is /workspaces/Minecraft_Server/servidor_minecraft
[31Mar2025 02:08:17.139] [main/DEBUG] [net.minecraftforge.fml.loading.FMLPaths/CORE]: Path MODSDIR is /workspaces/Minecraft_Server/servidor_minecraft/mods
[31Mar2025 02:08:17.139] [main/DEBUG] [net.minecraftforge.fml.loading.FMLPaths/CORE]: Path CONFIGDIR is /workspaces/Minecraft_Server/servidor_minecraft/config
[31Mar2025 02:08:17.140] [main/DEBUG] [net.minecraftforge.fml.loading.FMLPaths/CORE]: Path FMLCONFIG is /workspaces/Minecraft_Server/servidor_minecraft/config/fml.toml
[31Mar2025 02:08:17.140] [main/DEBUG] [net.minecraftforge.fml.loading.FMLServiceProvider/CORE]: Loading configuration
[31Mar2025 02:08:17.144] [main/DEBUG] [net.minecraftforge.fml.loading.FMLServiceProvider/CORE]: Preparing ModFile
[31Mar2025 02:08:17.147] [main/DEBUG] [net.minecraftforge.fml.loading.FMLServiceProvider/CORE]: Preparing launch handler
[31Mar2025 02:08:17.147] [main/DEBUG] [net.minecraftforge.fml.loading.FMLLoader/CORE]: Using forgeserver as launch service
[31Mar2025 02:08:17.161] [main/DEBUG] [net.minecraftforge.fml.loading.FMLLoader/CORE]: Received command line version data  : VersionInfo[forgeVersion=47.3.7, mcVersion=1.20.1, mcpVersion=20230612.114412, forgeGroup=net.minecraftforge]
[31Mar2025 02:08:17.163] [main/DEBUG] [cpw.mods.modlauncher.TransformationServiceDecorator/MODLAUNCHER]: Initialized transformation service fml
[31Mar2025 02:08:17.164] [main/DEBUG] [cpw.mods.modlauncher.NameMappingServiceHandler/MODLAUNCHER]: Current naming domain is 'srg'
[31Mar2025 02:08:17.164] [main/DEBUG] [cpw.mods.modlauncher.NameMappingServiceHandler/MODLAUNCHER]: Identified name mapping providers {}
[31Mar2025 02:08:17.164] [main/DEBUG] [cpw.mods.modlauncher.TransformationServicesHandler/MODLAUNCHER]: Transformation services begin scanning
[31Mar2025 02:08:17.165] [main/DEBUG] [cpw.mods.modlauncher.TransformationServiceDecorator/MODLAUNCHER]: Beginning scan trigger - transformation service mixin
[31Mar2025 02:08:17.166] [main/DEBUG] [cpw.mods.modlauncher.TransformationServiceDecorator/MODLAUNCHER]: End scan trigger - transformation service mixin
[31Mar2025 02:08:17.166] [main/DEBUG] [cpw.mods.modlauncher.TransformationServiceDecorator/MODLAUNCHER]: Beginning scan trigger - transformation service fml
[31Mar2025 02:08:17.166] [main/DEBUG] [net.minecraftforge.fml.loading.FMLServiceProvider/CORE]: Initiating mod scan
[31Mar2025 02:08:17.198] [main/DEBUG] [net.minecraftforge.fml.loading.moddiscovery.ModListHandler/CORE]: Found mod coordinates from lists: []
[31Mar2025 02:08:17.211] [main/DEBUG] [net.minecraftforge.fml.loading.moddiscovery.ModDiscoverer/CORE]: Found Mod Locators : (mods folder:null),(maven libs:null),(exploded directory:null),(minecraft:null),(userdev classpath:null)
[31Mar2025 02:08:17.212] [main/DEBUG] [net.minecraftforge.fml.loading.moddiscovery.ModDiscoverer/CORE]: Found Dependency Locators : (JarInJar:null)
[31Mar2025 02:08:17.223] [main/DEBUG] [net.minecraftforge.fml.loading.moddiscovery.ModFileParser/LOADING]: Considering mod file candidate /workspaces/Minecraft_Server/servidor_minecraft/mods/ad_astra-forge-1.20.1-1.15.1.jar
[31Mar2025 02:08:17.279] [main/DEBUG] [net.minecraftforge.fml.loading.moddiscovery.ModFileInfo/LOADING]: Found valid mod file ad_astra-forge-1.20.1-1.15.1.jar with {ad_astra} mods - versions {1.15.1}
[31Mar2025 02:08:17.282] [main/DEBUG] [net.minecraftforge.fml.loading.moddiscovery.ModFileParser/LOADING]: Considering mod file candidate /workspaces/Minecraft_Server/servidor_minecraft/mods/aether-1.20.1-1.0.0-beta.1.4-neoforge.jar
[31Mar2025 02:08:17.288] [main/DEBUG] [net.minecraftforge.fml.loading.moddiscovery.ModFileInfo/LOADING]: Found valid mod file aether-1.20.1-1.0.0-beta.1.4-neoforge.jar with {aether} mods - versions {1.20.1-1.0.0-beta.1.4-neoforge}
[31Mar2025 02:08:17.292] [main/DEBUG] [net.minecraftforge.fml.loading.moddiscovery.ModFileParser/LOADING]: Considering mod file candidate /workspaces/Minecraft_Server/servidor_minecraft/mods/alexsmobs-1.22.9.jar
[31Mar2025 02:08:17.294] [main/DEBUG] [net.minecraftforge.fml.loading.moddiscovery.ModFileInfo/LOADING]: Found valid mod file alexsmobs-1.22.9.jar with {alexsmobs} mods - versions {1.22.9}
[31Mar2025 02:08:17.295] [main/DEBUG] [net.minecraftforge.fml.loading.moddiscovery.ModFileParser/LOADING]: Considering mod file candidate /workspaces/Minecraft_Server/servidor_minecraft/mods/Animation_Overhaul-forge-1.20.x-1.3.1.jar
[31Mar2025 02:08:17.296] [main/DEBUG] [net.minecraftforge.fml.loading.moddiscovery.ModFileInfo/LOADING]: Found valid mod file Animation_Overhaul-forge-1.20.x-1.3.1.jar with {animation_overhaul} mods - versions {1.3.1}
[31Mar2025 02:08:17.297] [main/DEBUG] [net.minecraftforge.fml.loading.moddiscovery.ModFileParser/LOADING]: Considering mod file candidate /workspaces/Minecraft_Server/servidor_minecraft/mods/architectury-9.2.14-forge.jar
[31Mar2025 02:08:17.298] [main/DEBUG] [net.minecraftforge.fml.loading.moddiscovery.ModFileInfo/LOADING]: Found valid mod file architectury-9.2.14-forge.jar with {architectury} mods - versions {9.2.14}
[31Mar2025 02:08:17.299] [main/DEBUG] [net.minecraftforge.fml.loading.moddiscovery.ModFileParser/LOADING]: Considering mod file candidate /workspaces/Minecraft_Server/servidor_minecraft/mods/artifacts-forge-9.5.14.jar
[31Mar2025 02:08:17.301] [main/DEBUG] [net.minecraftforge.fml.loading.moddiscovery.ModFileInfo/LOADING]: Found valid mod file artifacts-forge-9.5.14.jar with {artifacts} mods - versions {9.5.14}
[31Mar2025 02:08:17.301] [main/DEBUG] [net.minecraftforge.fml.loading.moddiscovery.ModFileParser/LOADING]: Considering mod file candidate /workspaces/Minecraft_Server/servidor_minecraft/mods/biggerstacks-1.20.1-1.0.0-all.jar
[31Mar2025 02:08:17.303] [main/DEBUG] [net.minecraftforge.fml.loading.moddiscovery.ModFileInfo/LOADING]: Found valid mod file biggerstacks-1.20.1-1.0.0-all.jar with {biggerstacks} mods - versions {1.20.1-1.0.0}
[31Mar2025 02:08:17.303] [main/DEBUG] [net.minecraftforge.fml.loading.moddiscovery.ModFileParser/LOADING]: Considering mod file candidate /workspaces/Minecraft_Server/servidor_minecraft/mods/botarium-forge-1.20.1-2.3.4.jar
[31Mar2025 02:08:17.305] [main/DEBUG] [net.minecraftforge.fml.loading.moddiscovery.ModFileInfo/LOADING]: Found valid mod file botarium-forge-1.20.1-2.3.4.jar with {botarium} mods - versions {2.3.4}
[31Mar2025 02:08:17.307] [main/DEBUG] [net.minecraftforge.fml.loading.moddiscovery.ModFileParser/LOADING]: Considering mod file candidate /workspaces/Minecraft_Server/servidor_minecraft/mods/celestisynth-1.20.1-1.3.1.jar
[31Mar2025 02:08:17.309] [main/DEBUG] [net.minecraftforge.fml.loading.moddiscovery.ModFileInfo/LOADING]: Found valid mod file celestisynth-1.20.1-1.3.1.jar with {celestisynth} mods - versions {1.20.1-1.3.1}
[31Mar2025 02:08:17.313] [main/DEBUG] [net.minecraftforge.fml.loading.moddiscovery.ModFileParser/LOADING]: Considering mod file candidate /workspaces/Minecraft_Server/servidor_minecraft/mods/chisels-and-bits-forge-1.4.141.jar
[31Mar2025 02:08:17.314] [main/DEBUG] [net.minecraftforge.fml.loading.moddiscovery.ModFileInfo/LOADING]: Found valid mod file chisels-and-bits-forge-1.4.141.jar with {chiselsandbits} mods - versions {1.4.141}
[31Mar2025 02:08:17.316] [main/DEBUG] [net.minecraftforge.fml.loading.moddiscovery.ModFileParser/LOADING]: Considering mod file candidate /workspaces/Minecraft_Server/servidor_minecraft/mods/citadel-2.6.1-1.20.1.jar
[31Mar2025 02:08:17.317] [main/DEBUG] [net.minecraftforge.fml.loading.moddiscovery.ModFileInfo/LOADING]: Found valid mod file citadel-2.6.1-1.20.1.jar with {citadel} mods - versions {2.6.1}
[31Mar2025 02:08:17.319] [main/DEBUG] [net.minecraftforge.fml.loading.moddiscovery.ModFileParser/LOADING]: Considering mod file candidate /workspaces/Minecraft_Server/servidor_minecraft/mods/cloth-config-11.1.136-forge.jar
[31Mar2025 02:08:17.320] [main/DEBUG] [net.minecraftforge.fml.loading.moddiscovery.ModFileInfo/LOADING]: Found valid mod file cloth-config-11.1.136-forge.jar with {cloth_config} mods - versions {11.1.136}
[31Mar2025 02:08:17.320] [main/DEBUG] [net.minecraftforge.fml.loading.moddiscovery.ModFileParser/LOADING]: Considering mod file candidate /workspaces/Minecraft_Server/servidor_minecraft/mods/collective-1.20.1-7.94.jar
[31Mar2025 02:08:17.322] [main/DEBUG] [net.minecraftforge.fml.loading.moddiscovery.ModFileInfo/LOADING]: Found valid mod file collective-1.20.1-7.94.jar with {collective} mods - versions {7.94}
[31Mar2025 02:08:17.324] [main/DEBUG] [net.minecraftforge.fml.loading.moddiscovery.ModFileParser/LOADING]: Considering mod file candidate /workspaces/Minecraft_Server/servidor_minecraft/mods/curios-forge-5.12.1+1.20.1.jar
[31Mar2025 02:08:17.325] [main/DEBUG] [net.minecraftforge.fml.loading.moddiscovery.ModFileInfo/LOADING]: Found valid mod file curios-forge-5.12.1+1.20.1.jar with {curios} mods - versions {5.12.1+1.20.1}
[31Mar2025 02:08:17.326] [main/DEBUG] [net.minecraftforge.fml.loading.moddiscovery.ModFileParser/LOADING]: Considering mod file candidate /workspaces/Minecraft_Server/servidor_minecraft/mods/CyclopsCore-1.20.1-1.19.9.jar
[31Mar2025 02:08:17.327] [main/DEBUG] [net.minecraftforge.fml.loading.moddiscovery.ModFileInfo/LOADING]: Found valid mod file CyclopsCore-1.20.1-1.19.9.jar with {cyclopscore} mods - versions {1.19.9}
[31Mar2025 02:08:17.330] [main/DEBUG] [net.minecraftforge.fml.loading.moddiscovery.ModFileParser/LOADING]: Considering mod file candidate /workspaces/Minecraft_Server/servidor_minecraft/mods/dungeons-and-taverns-3.0.3.f[Forge].jar
[31Mar2025 02:08:17.331] [main/DEBUG] [net.minecraftforge.fml.loading.moddiscovery.ModFileInfo/LOADING]: Found valid mod file dungeons-and-taverns-3.0.3.f[Forge].jar with {mr_dungeons_andtaverns} mods - versions {3.0.3.f}
[31Mar2025 02:08:17.332] [main/DEBUG] [net.minecraftforge.fml.loading.moddiscovery.ModFileParser/LOADING]: Considering mod file candidate /workspaces/Minecraft_Server/servidor_minecraft/mods/emotecraft-for-MC1.20.1-2.2.7-b.build.50-forge.jar
[31Mar2025 02:08:17.333] [main/DEBUG] [net.minecraftforge.fml.loading.moddiscovery.ModFileInfo/LOADING]: Found valid mod file emotecraft-for-MC1.20.1-2.2.7-b.build.50-forge.jar with {emotecraft} mods - versions {2.2.7-b.build.50}
[31Mar2025 02:08:17.335] [main/DEBUG] [net.minecraftforge.fml.loading.moddiscovery.ModFileParser/LOADING]: Considering mod file candidate /workspaces/Minecraft_Server/servidor_minecraft/mods/EvilCraft-1.20.1-1.2.52.jar
[31Mar2025 02:08:17.336] [main/DEBUG] [net.minecraftforge.fml.loading.moddiscovery.ModFileInfo/LOADING]: Found valid mod file EvilCraft-1.20.1-1.2.52.jar with {evilcraft,evilcraftcompat} mods - versions {1.2.52,1.2.52}
[31Mar2025 02:08:17.337] [main/DEBUG] [net.minecraftforge.fml.loading.moddiscovery.ModFileParser/LOADING]: Considering mod file candidate /workspaces/Minecraft_Server/servidor_minecraft/mods/fabledweaponry-1.20.1-1.0.7.5.jar
[31Mar2025 02:08:17.338] [main/DEBUG] [net.minecraftforge.fml.loading.moddiscovery.ModFileInfo/LOADING]: Found valid mod file fabledweaponry-1.20.1-1.0.7.5.jar with {fabledweaponry} mods - versions {1.20.1-1.0.7.5}
[31Mar2025 02:08:17.339] [main/DEBUG] [net.minecraftforge.fml.loading.moddiscovery.ModFileParser/LOADING]: Considering mod file candidate /workspaces/Minecraft_Server/servidor_minecraft/mods/geckolib-forge-1.20.1-4.7.1.2.jar
[31Mar2025 02:08:17.340] [main/DEBUG] [net.minecraftforge.fml.loading.moddiscovery.ModFileInfo/LOADING]: Found valid mod file geckolib-forge-1.20.1-4.7.1.2.jar with {geckolib} mods - versions {4.7.1.2}
[31Mar2025 02:08:17.340] [main/DEBUG] [net.minecraftforge.fml.loading.moddiscovery.ModFileParser/LOADING]: Considering mod file candidate /workspaces/Minecraft_Server/servidor_minecraft/mods/gravestone-forge-1.20.1-1.0.24.jar
[31Mar2025 02:08:17.341] [main/DEBUG] [net.minecraftforge.fml.loading.moddiscovery.ModFileInfo/LOADING]: Found valid mod file gravestone-forge-1.20.1-1.0.24.jar with {gravestone} mods - versions {1.20.1-1.0.24}
[31Mar2025 02:08:17.345] [main/DEBUG] [net.minecraftforge.fml.loading.moddiscovery.ModFileParser/LOADING]: Considering mod file candidate /workspaces/Minecraft_Server/servidor_minecraft/mods/Incendium_1.20.x_v5.3.5.jar
[31Mar2025 02:08:17.346] [main/DEBUG] [net.minecraftforge.fml.loading.moddiscovery.ModFileInfo/LOADING]: Found valid mod file Incendium_1.20.x_v5.3.5.jar with {incendium} mods - versions {5.3.5}
[31Mar2025 02:08:17.347] [main/DEBUG] [net.minecraftforge.fml.loading.moddiscovery.ModFileParser/LOADING]: Considering mod file candidate /workspaces/Minecraft_Server/servidor_minecraft/mods/inventoryhud.forge.1.20.1-3.4.26.jar
[31Mar2025 02:08:17.348] [main/DEBUG] [net.minecraftforge.fml.loading.moddiscovery.ModFileInfo/LOADING]: Found valid mod file inventoryhud.forge.1.20.1-3.4.26.jar with {inventoryhud} mods - versions {3.4.26}
[31Mar2025 02:08:17.349] [main/DEBUG] [net.minecraftforge.fml.loading.moddiscovery.ModFileParser/LOADING]: Considering mod file candidate /workspaces/Minecraft_Server/servidor_minecraft/mods/ironfurnaces-1.20.1-4.1.6.jar
[31Mar2025 02:08:17.350] [main/DEBUG] [net.minecraftforge.fml.loading.moddiscovery.ModFileInfo/LOADING]: Found valid mod file ironfurnaces-1.20.1-4.1.6.jar with {ironfurnaces} mods - versions {4.1.6}
[31Mar2025 02:08:17.350] [main/DEBUG] [net.minecraftforge.fml.loading.moddiscovery.ModFileParser/LOADING]: Considering mod file candidate /workspaces/Minecraft_Server/servidor_minecraft/mods/Jade-1.20.1-Forge-11.13.1.jar
[31Mar2025 02:08:17.351] [main/DEBUG] [net.minecraftforge.fml.loading.moddiscovery.ModFileInfo/LOADING]: Found valid mod file Jade-1.20.1-Forge-11.13.1.jar with {jade} mods - versions {11.13.1+forge}
[31Mar2025 02:08:17.352] [main/DEBUG] [net.minecraftforge.fml.loading.moddiscovery.ModFileParser/LOADING]: Considering mod file candidate /workspaces/Minecraft_Server/servidor_minecraft/mods/jei-1.20.1-forge-15.20.0.106.jar
[31Mar2025 02:08:17.353] [main/DEBUG] [net.minecraftforge.fml.loading.moddiscovery.ModFileInfo/LOADING]: Found valid mod file jei-1.20.1-forge-15.20.0.106.jar with {jei} mods - versions {15.20.0.106}
[31Mar2025 02:08:17.356] [main/DEBUG] [net.minecraftforge.fml.loading.moddiscovery.ModFileParser/LOADING]: Considering mod file candidate /workspaces/Minecraft_Server/servidor_minecraft/mods/journeymap-1.20.1-5.10.3-forge.jar
[31Mar2025 02:08:17.357] [main/DEBUG] [net.minecraftforge.fml.loading.moddiscovery.ModFileInfo/LOADING]: Found valid mod file journeymap-1.20.1-5.10.3-forge.jar with {journeymap} mods - versions {5.10.3}
[31Mar2025 02:08:17.358] [main/DEBUG] [net.minecraftforge.fml.loading.moddiscovery.ModFileParser/LOADING]: Considering mod file candidate /workspaces/Minecraft_Server/servidor_minecraft/mods/justzoom_forge_2.1.1_MC_1.20.1.jar
[31Mar2025 02:08:17.362] [main/DEBUG] [net.minecraftforge.fml.loading.moddiscovery.ModFileInfo/LOADING]: Found valid mod file justzoom_forge_2.1.1_MC_1.20.1.jar with {justzoom} mods - versions {2.1.1}
[31Mar2025 02:08:17.363] [main/DEBUG] [net.minecraftforge.fml.loading.moddiscovery.ModFileParser/LOADING]: Considering mod file candidate /workspaces/Minecraft_Server/servidor_minecraft/mods/konkrete_forge_1.8.0_MC_1.20-1.20.1.jar
[31Mar2025 02:08:17.364] [main/DEBUG] [net.minecraftforge.fml.loading.moddiscovery.ModFileInfo/LOADING]: Found valid mod file konkrete_forge_1.8.0_MC_1.20-1.20.1.jar with {konkrete} mods - versions {1.8.0}
[31Mar2025 02:08:17.370] [main/DEBUG] [net.minecraftforge.fml.loading.moddiscovery.ModFileParser/LOADING]: Considering mod file candidate /workspaces/Minecraft_Server/servidor_minecraft/mods/minecraft-comes-alive-7.5.14+1.20.1-universal.jar
[31Mar2025 02:08:17.371] [main/DEBUG] [net.minecraftforge.fml.loading.moddiscovery.ModFileInfo/LOADING]: Found valid mod file minecraft-comes-alive-7.5.14+1.20.1-universal.jar with {mca} mods - versions {7.5.14+1.20.1}
[31Mar2025 02:08:17.372] [main/DEBUG] [net.minecraftforge.fml.loading.moddiscovery.ModFileParser/LOADING]: Considering mod file candidate /workspaces/Minecraft_Server/servidor_minecraft/mods/mss-1.2.7-1.20.jar
[31Mar2025 02:08:17.373] [main/DEBUG] [net.minecraftforge.fml.loading.moddiscovery.ModFileInfo/LOADING]: Found valid mod file mss-1.2.7-1.20.jar with {mss} mods - versions {1.2.7-1.20-forge}
[31Mar2025 02:08:17.377] [main/DEBUG] [net.minecraftforge.fml.loading.moddiscovery.ModFileParser/LOADING]: Considering mod file candidate /workspaces/Minecraft_Server/servidor_minecraft/mods/MutantMonsters-v8.0.7-1.20.1-Forge.jar
[31Mar2025 02:08:17.378] [main/DEBUG] [net.minecraftforge.fml.loading.moddiscovery.ModFileInfo/LOADING]: Found valid mod file MutantMonsters-v8.0.7-1.20.1-Forge.jar with {mutantmonsters} mods - versions {8.0.7}
[31Mar2025 02:08:17.379] [main/DEBUG] [net.minecraftforge.fml.loading.moddiscovery.ModFileParser/LOADING]: Considering mod file candidate /workspaces/Minecraft_Server/servidor_minecraft/mods/mythicmounts-20.1-7.4.2-forge.jar
[31Mar2025 02:08:17.380] [main/DEBUG] [net.minecraftforge.fml.loading.moddiscovery.ModFileInfo/LOADING]: Found valid mod file mythicmounts-20.1-7.4.2-forge.jar with {mythicmounts} mods - versions {20.1-7.4.2-forge}
[31Mar2025 02:08:17.381] [main/DEBUG] [net.minecraftforge.fml.loading.moddiscovery.ModFileParser/LOADING]: Considering mod file candidate /workspaces/Minecraft_Server/servidor_minecraft/mods/Necronomicon-Forge-1.6.0+1.20.1.jar
[31Mar2025 02:08:17.382] [main/DEBUG] [net.minecraftforge.fml.loading.moddiscovery.ModFileInfo/LOADING]: Found valid mod file Necronomicon-Forge-1.6.0+1.20.1.jar with {necronomicon} mods - versions {1.6.0}
[31Mar2025 02:08:17.383] [main/DEBUG] [net.minecraftforge.fml.loading.moddiscovery.ModFileParser/LOADING]: Considering mod file candidate /workspaces/Minecraft_Server/servidor_minecraft/mods/oreharvester-1.20.1-1.5.jar
[31Mar2025 02:08:17.384] [main/DEBUG] [net.minecraftforge.fml.loading.moddiscovery.ModFileInfo/LOADING]: Found valid mod file oreharvester-1.20.1-1.5.jar with {oreharvester} mods - versions {1.5}
[31Mar2025 02:08:17.386] [main/DEBUG] [net.minecraftforge.fml.loading.moddiscovery.ModFileParser/LOADING]: Considering mod file candidate /workspaces/Minecraft_Server/servidor_minecraft/mods/paladin-furniture-mod-1.3-forge-mc1.20.1.jar
[31Mar2025 02:08:17.387] [main/DEBUG] [net.minecraftforge.fml.loading.moddiscovery.ModFileInfo/LOADING]: Found valid mod file paladin-furniture-mod-1.3-forge-mc1.20.1.jar with {pfm} mods - versions {1.3}
[31Mar2025 02:08:17.388] [main/DEBUG] [net.minecraftforge.fml.loading.moddiscovery.ModFileParser/LOADING]: Considering mod file candidate /workspaces/Minecraft_Server/servidor_minecraft/mods/Patchouli-1.20.1-84.1-FORGE.jar
[31Mar2025 02:08:17.389] [main/DEBUG] [net.minecraftforge.fml.loading.moddiscovery.ModFileInfo/LOADING]: Found valid mod file Patchouli-1.20.1-84.1-FORGE.jar with {patchouli} mods - versions {1.20.1-84.1-FORGE}
[31Mar2025 02:08:17.401] [main/DEBUG] [net.minecraftforge.fml.loading.moddiscovery.ModFileParser/LOADING]: Considering mod file candidate /workspaces/Minecraft_Server/servidor_minecraft/mods/PuzzlesLib-v8.1.29-1.20.1-Forge.jar
[31Mar2025 02:08:17.402] [main/DEBUG] [net.minecraftforge.fml.loading.moddiscovery.ModFileInfo/LOADING]: Found valid mod file PuzzlesLib-v8.1.29-1.20.1-Forge.jar with {puzzleslib} mods - versions {8.1.29}
[31Mar2025 02:08:17.403] [main/DEBUG] [net.minecraftforge.fml.loading.moddiscovery.ModFileParser/LOADING]: Considering mod file candidate /workspaces/Minecraft_Server/servidor_minecraft/mods/resourcefulconfig-forge-1.20.1-2.1.3.jar
[31Mar2025 02:08:17.403] [main/DEBUG] [net.minecraftforge.fml.loading.moddiscovery.ModFileInfo/LOADING]: Found valid mod file resourcefulconfig-forge-1.20.1-2.1.3.jar with {resourcefulconfig} mods - versions {2.1.3}
[31Mar2025 02:08:17.404] [main/DEBUG] [net.minecraftforge.fml.loading.moddiscovery.ModFileParser/LOADING]: Considering mod file candidate /workspaces/Minecraft_Server/servidor_minecraft/mods/resourcefullib-forge-1.20.1-2.1.29.jar
[31Mar2025 02:08:17.405] [main/DEBUG] [net.minecraftforge.fml.loading.moddiscovery.ModFileInfo/LOADING]: Found valid mod file resourcefullib-forge-1.20.1-2.1.29.jar with {resourcefullib} mods - versions {2.1.29}
[31Mar2025 02:08:17.408] [main/DEBUG] [net.minecraftforge.fml.loading.moddiscovery.ModFileParser/LOADING]: Considering mod file candidate /workspaces/Minecraft_Server/servidor_minecraft/mods/Terralith_1.20.x_v2.5.4.jar
[31Mar2025 02:08:17.408] [main/DEBUG] [net.minecraftforge.fml.loading.moddiscovery.ModFileInfo/LOADING]: Found valid mod file Terralith_1.20.x_v2.5.4.jar with {terralith} mods - versions {2.5.4}
[31Mar2025 02:08:17.410] [main/DEBUG] [net.minecraftforge.fml.loading.moddiscovery.ModFileParser/LOADING]: Considering mod file candidate /workspaces/Minecraft_Server/servidor_minecraft/mods/travelersbackpack-forge-1.20.1-9.1.33.jar
[31Mar2025 02:08:17.410] [main/DEBUG] [net.minecraftforge.fml.loading.moddiscovery.ModFileInfo/LOADING]: Found valid mod file travelersbackpack-forge-1.20.1-9.1.33.jar with {travelersbackpack} mods - versions {9.1.33}
[31Mar2025 02:08:17.417] [main/DEBUG] [net.minecraftforge.fml.loading.moddiscovery.ModFileParser/LOADING]: Considering mod file candidate /workspaces/Minecraft_Server/servidor_minecraft/mods/twilightforest-1.20.1-4.3.2508-universal.jar
[31Mar2025 02:08:17.418] [main/DEBUG] [net.minecraftforge.fml.loading.moddiscovery.ModFileInfo/LOADING]: Found valid mod file twilightforest-1.20.1-4.3.2508-universal.jar with {twilightforest} mods - versions {4.3.2508}
[31Mar2025 02:08:17.419] [main/DEBUG] [net.minecraftforge.fml.loading.moddiscovery.ModFileParser/LOADING]: Considering mod file candidate /workspaces/Minecraft_Server/servidor_minecraft/mods/useless-sword-furtos-edition-1.20.1-1.0.1.jar
[31Mar2025 02:08:17.420] [main/DEBUG] [net.minecraftforge.fml.loading.moddiscovery.ModFileInfo/LOADING]: Found valid mod file useless-sword-furtos-edition-1.20.1-1.0.1.jar with {useless_sword} mods - versions {1.0.1}
[31Mar2025 02:08:17.549] [main/DEBUG] [net.minecraftforge.fml.loading.moddiscovery.ModFileInfo/LOADING]: Found valid mod file server-1.20.1-20230612.114412-srg.jar with {minecraft} mods - versions {1.20.1}
[31Mar2025 02:08:17.553] [main/DEBUG] [net.minecraftforge.fml.loading.moddiscovery.ModFileParser/LOADING]: Considering mod file candidate /workspaces/Minecraft_Server/servidor_minecraft/libraries/net/minecraftforge/fmlcore/1.20.1-47.3.7/fmlcore-1.20.1-47.3.7.jar
[31Mar2025 02:08:17.553] [main/WARN] [net.minecraftforge.fml.loading.moddiscovery.ModFileParser/LOADING]: Mod file /workspaces/Minecraft_Server/servidor_minecraft/libraries/net/minecraftforge/fmlcore/1.20.1-47.3.7/fmlcore-1.20.1-47.3.7.jar is missing mods.toml file
[31Mar2025 02:08:17.555] [main/DEBUG] [net.minecraftforge.fml.loading.moddiscovery.ModFileParser/LOADING]: Considering mod file candidate /workspaces/Minecraft_Server/servidor_minecraft/libraries/net/minecraftforge/javafmllanguage/1.20.1-47.3.7/javafmllanguage-1.20.1-47.3.7.jar
[31Mar2025 02:08:17.555] [main/WARN] [net.minecraftforge.fml.loading.moddiscovery.ModFileParser/LOADING]: Mod file /workspaces/Minecraft_Server/servidor_minecraft/libraries/net/minecraftforge/javafmllanguage/1.20.1-47.3.7/javafmllanguage-1.20.1-47.3.7.jar is missing mods.toml file
[31Mar2025 02:08:17.557] [main/DEBUG] [net.minecraftforge.fml.loading.moddiscovery.ModFileParser/LOADING]: Considering mod file candidate /workspaces/Minecraft_Server/servidor_minecraft/libraries/net/minecraftforge/lowcodelanguage/1.20.1-47.3.7/lowcodelanguage-1.20.1-47.3.7.jar
[31Mar2025 02:08:17.557] [main/WARN] [net.minecraftforge.fml.loading.moddiscovery.ModFileParser/LOADING]: Mod file /workspaces/Minecraft_Server/servidor_minecraft/libraries/net/minecraftforge/lowcodelanguage/1.20.1-47.3.7/lowcodelanguage-1.20.1-47.3.7.jar is missing mods.toml file
[31Mar2025 02:08:17.559] [main/DEBUG] [net.minecraftforge.fml.loading.moddiscovery.ModFileParser/LOADING]: Considering mod file candidate /workspaces/Minecraft_Server/servidor_minecraft/libraries/net/minecraftforge/mclanguage/1.20.1-47.3.7/mclanguage-1.20.1-47.3.7.jar
[31Mar2025 02:08:17.559] [main/WARN] [net.minecraftforge.fml.loading.moddiscovery.ModFileParser/LOADING]: Mod file /workspaces/Minecraft_Server/servidor_minecraft/libraries/net/minecraftforge/mclanguage/1.20.1-47.3.7/mclanguage-1.20.1-47.3.7.jar is missing mods.toml file
[31Mar2025 02:08:17.635] [main/DEBUG] [net.minecraftforge.fml.loading.moddiscovery.ModFileParser/LOADING]: Considering mod file candidate /workspaces/Minecraft_Server/servidor_minecraft/libraries/net/minecraftforge/forge/1.20.1-47.3.7/forge-1.20.1-47.3.7-universal.jar
[31Mar2025 02:08:17.637] [main/DEBUG] [net.minecraftforge.fml.loading.moddiscovery.ModFileInfo/LOADING]: Found valid mod file forge-1.20.1-47.3.7-universal.jar with {forge} mods - versions {47.3.7}
[31Mar2025 02:08:17.657] [main/DEBUG] [net.minecraftforge.fml.loading.moddiscovery.AbstractJarFileDependencyLocator/]: Failed to load resource META-INF/jarjar/metadata.json from server-1.20.1-20230612.114412-srg.jar, it does not contain dependency information.
[31Mar2025 02:08:17.657] [main/DEBUG] [net.minecraftforge.fml.loading.moddiscovery.AbstractJarFileDependencyLocator/]: Failed to load resource META-INF/jarjar/metadata.json from CyclopsCore-1.20.1-1.19.9.jar, it does not contain dependency information.
[31Mar2025 02:08:17.657] [main/DEBUG] [net.minecraftforge.fml.loading.moddiscovery.AbstractJarFileDependencyLocator/]: Failed to load resource META-INF/jarjar/metadata.json from Necronomicon-Forge-1.6.0+1.20.1.jar, it does not contain dependency information.
[31Mar2025 02:08:17.658] [main/DEBUG] [net.minecraftforge.fml.loading.moddiscovery.AbstractJarFileDependencyLocator/]: Failed to load resource META-INF/jarjar/metadata.json from alexsmobs-1.22.9.jar, it does not contain dependency information.
[31Mar2025 02:08:17.658] [main/DEBUG] [net.minecraftforge.fml.loading.moddiscovery.AbstractJarFileDependencyLocator/]: Failed to load resource META-INF/jarjar/metadata.json from Jade-1.20.1-Forge-11.13.1.jar, it does not contain dependency information.
[31Mar2025 02:08:17.658] [main/DEBUG] [net.minecraftforge.fml.loading.moddiscovery.AbstractJarFileDependencyLocator/]: Failed to load resource META-INF/jarjar/metadata.json from minecraft-comes-alive-7.5.14+1.20.1-universal.jar, it does not contain dependency information.
[31Mar2025 02:08:17.658] [main/DEBUG] [net.minecraftforge.fml.loading.moddiscovery.AbstractJarFileDependencyLocator/]: Failed to load resource META-INF/jarjar/metadata.json from ironfurnaces-1.20.1-4.1.6.jar, it does not contain dependency information.
[31Mar2025 02:08:17.658] [main/DEBUG] [net.minecraftforge.fml.loading.moddiscovery.AbstractJarFileDependencyLocator/]: Failed to load resource META-INF/jarjar/metadata.json from mss-1.2.7-1.20.jar, it does not contain dependency information.
[31Mar2025 02:08:17.658] [main/DEBUG] [net.minecraftforge.fml.loading.moddiscovery.AbstractJarFileDependencyLocator/]: Failed to load resource META-INF/jarjar/metadata.json from botarium-forge-1.20.1-2.3.4.jar, it does not contain dependency information.
[31Mar2025 02:08:17.660] [main/DEBUG] [net.minecraftforge.fml.loading.moddiscovery.AbstractJarFileDependencyLocator/]: Failed to load resource META-INF/jarjar/metadata.json from jei-1.20.1-forge-15.20.0.106.jar, it does not contain dependency information.
[31Mar2025 02:08:17.661] [main/DEBUG] [net.minecraftforge.fml.loading.moddiscovery.AbstractJarFileDependencyLocator/]: Failed to load resource META-INF/jarjar/metadata.json from resourcefulconfig-forge-1.20.1-2.1.3.jar, it does not contain dependency information.
[31Mar2025 02:08:17.661] [main/DEBUG] [net.minecraftforge.fml.loading.moddiscovery.AbstractJarFileDependencyLocator/]: Failed to load resource META-INF/jarjar/metadata.json from Incendium_1.20.x_v5.3.5.jar, it does not contain dependency information.
[31Mar2025 02:08:17.661] [main/DEBUG] [net.minecraftforge.fml.loading.moddiscovery.AbstractJarFileDependencyLocator/]: Failed to load resource META-INF/jarjar/metadata.json from curios-forge-5.12.1+1.20.1.jar, it does not contain dependency information.
[31Mar2025 02:08:17.661] [main/DEBUG] [net.minecraftforge.fml.loading.moddiscovery.AbstractJarFileDependencyLocator/]: Failed to load resource META-INF/jarjar/metadata.json from Patchouli-1.20.1-84.1-FORGE.jar, it does not contain dependency information.
[31Mar2025 02:08:17.661] [main/DEBUG] [net.minecraftforge.fml.loading.moddiscovery.AbstractJarFileDependencyLocator/]: Failed to load resource META-INF/jarjar/metadata.json from gravestone-forge-1.20.1-1.0.24.jar, it does not contain dependency information.
[31Mar2025 02:08:17.661] [main/DEBUG] [net.minecraftforge.fml.loading.moddiscovery.AbstractJarFileDependencyLocator/]: Failed to load resource META-INF/jarjar/metadata.json from collective-1.20.1-7.94.jar, it does not contain dependency information.
[31Mar2025 02:08:17.661] [main/DEBUG] [net.minecraftforge.fml.loading.moddiscovery.AbstractJarFileDependencyLocator/]: Failed to load resource META-INF/jarjar/metadata.json from fabledweaponry-1.20.1-1.0.7.5.jar, it does not contain dependency information.
[31Mar2025 02:08:17.662] [main/DEBUG] [net.minecraftforge.fml.loading.moddiscovery.AbstractJarFileDependencyLocator/]: Failed to load resource META-INF/jarjar/metadata.json from journeymap-1.20.1-5.10.3-forge.jar, it does not contain dependency information.
[31Mar2025 02:08:17.662] [main/DEBUG] [net.minecraftforge.fml.loading.moddiscovery.AbstractJarFileDependencyLocator/]: Failed to load resource META-INF/jarjar/metadata.json from citadel-2.6.1-1.20.1.jar, it does not contain dependency information.
[31Mar2025 02:08:17.662] [main/DEBUG] [net.minecraftforge.fml.loading.moddiscovery.AbstractJarFileDependencyLocator/]: Failed to load resource META-INF/jarjar/metadata.json from travelersbackpack-forge-1.20.1-9.1.33.jar, it does not contain dependency information.
[31Mar2025 02:08:17.662] [main/DEBUG] [net.minecraftforge.fml.loading.moddiscovery.AbstractJarFileDependencyLocator/]: Failed to load resource META-INF/jarjar/metadata.json from EvilCraft-1.20.1-1.2.52.jar, it does not contain dependency information.
[31Mar2025 02:08:17.662] [main/DEBUG] [net.minecraftforge.fml.loading.moddiscovery.AbstractJarFileDependencyLocator/]: Failed to load resource META-INF/jarjar/metadata.json from dungeons-and-taverns-3.0.3.f[Forge].jar, it does not contain dependency information.
[31Mar2025 02:08:17.662] [main/DEBUG] [net.minecraftforge.fml.loading.moddiscovery.AbstractJarFileDependencyLocator/]: Failed to load resource META-INF/jarjar/metadata.json from inventoryhud.forge.1.20.1-3.4.26.jar, it does not contain dependency information.
[31Mar2025 02:08:17.662] [main/DEBUG] [net.minecraftforge.fml.loading.moddiscovery.AbstractJarFileDependencyLocator/]: Failed to load resource META-INF/jarjar/metadata.json from oreharvester-1.20.1-1.5.jar, it does not contain dependency information.
[31Mar2025 02:08:17.663] [main/DEBUG] [net.minecraftforge.fml.loading.moddiscovery.AbstractJarFileDependencyLocator/]: Failed to load resource META-INF/jarjar/metadata.json from architectury-9.2.14-forge.jar, it does not contain dependency information.
[31Mar2025 02:08:17.663] [main/DEBUG] [net.minecraftforge.fml.loading.moddiscovery.AbstractJarFileDependencyLocator/]: Failed to load resource META-INF/jarjar/metadata.json from Terralith_1.20.x_v2.5.4.jar, it does not contain dependency information.
[31Mar2025 02:08:17.665] [main/DEBUG] [net.minecraftforge.fml.loading.moddiscovery.AbstractJarFileDependencyLocator/]: Failed to load resource META-INF/jarjar/metadata.json from celestisynth-1.20.1-1.3.1.jar, it does not contain dependency information.
[31Mar2025 02:08:17.665] [main/DEBUG] [net.minecraftforge.fml.loading.moddiscovery.AbstractJarFileDependencyLocator/]: Failed to load resource META-INF/jarjar/metadata.json from mythicmounts-20.1-7.4.2-forge.jar, it does not contain dependency information.
[31Mar2025 02:08:17.665] [main/DEBUG] [net.minecraftforge.fml.loading.moddiscovery.AbstractJarFileDependencyLocator/]: Failed to load resource META-INF/jarjar/metadata.json from cloth-config-11.1.136-forge.jar, it does not contain dependency information.
[31Mar2025 02:08:17.665] [main/DEBUG] [net.minecraftforge.fml.loading.moddiscovery.AbstractJarFileDependencyLocator/]: Failed to load resource META-INF/jarjar/metadata.json from forge-1.20.1-47.3.7-universal.jar, it does not contain dependency information.
[31Mar2025 02:08:17.666] [main/DEBUG] [net.minecraftforge.fml.loading.moddiscovery.AbstractJarFileDependencyLocator/]: Failed to load resource META-INF/jarjar/metadata.json from paladin-furniture-mod-1.3-forge-mc1.20.1.jar, it does not contain dependency information.
[31Mar2025 02:08:17.666] [main/DEBUG] [net.minecraftforge.fml.loading.moddiscovery.AbstractJarFileDependencyLocator/]: Failed to load resource META-INF/jarjar/metadata.json from twilightforest-1.20.1-4.3.2508-universal.jar, it does not contain dependency information.
[31Mar2025 02:08:17.667] [main/DEBUG] [net.minecraftforge.fml.loading.moddiscovery.AbstractJarFileDependencyLocator/]: Failed to load resource META-INF/jarjar/metadata.json from konkrete_forge_1.8.0_MC_1.20-1.20.1.jar, it does not contain dependency information.
[31Mar2025 02:08:17.667] [main/DEBUG] [net.minecraftforge.fml.loading.moddiscovery.AbstractJarFileDependencyLocator/]: Failed to load resource META-INF/jarjar/metadata.json from emotecraft-for-MC1.20.1-2.2.7-b.build.50-forge.jar, it does not contain dependency information.
[31Mar2025 02:08:17.667] [main/DEBUG] [net.minecraftforge.fml.loading.moddiscovery.AbstractJarFileDependencyLocator/]: Failed to load resource META-INF/jarjar/metadata.json from useless-sword-furtos-edition-1.20.1-1.0.1.jar, it does not contain dependency information.
[31Mar2025 02:08:17.667] [main/DEBUG] [net.minecraftforge.fml.loading.moddiscovery.AbstractJarFileDependencyLocator/]: Failed to load resource META-INF/jarjar/metadata.json from mclanguage-1.20.1-47.3.7.jar, it does not contain dependency information.
[31Mar2025 02:08:17.668] [main/DEBUG] [net.minecraftforge.fml.loading.moddiscovery.AbstractJarFileDependencyLocator/]: Failed to load resource META-INF/jarjar/metadata.json from javafmllanguage-1.20.1-47.3.7.jar, it does not contain dependency information.
[31Mar2025 02:08:17.668] [main/DEBUG] [net.minecraftforge.fml.loading.moddiscovery.AbstractJarFileDependencyLocator/]: Failed to load resource META-INF/jarjar/metadata.json from fmlcore-1.20.1-47.3.7.jar, it does not contain dependency information.
[31Mar2025 02:08:17.669] [main/DEBUG] [net.minecraftforge.fml.loading.moddiscovery.AbstractJarFileDependencyLocator/]: Failed to load resource META-INF/jarjar/metadata.json from lowcodelanguage-1.20.1-47.3.7.jar, it does not contain dependency information.
[31Mar2025 02:08:17.764] [main/DEBUG] [net.minecraftforge.fml.loading.moddiscovery.ModFileParser/LOADING]: Considering mod file candidate 
[31Mar2025 02:08:17.766] [main/DEBUG] [net.minecraftforge.fml.loading.moddiscovery.ModFileInfo/LOADING]: Found valid mod file expandability-forge-9.0.4.jar with {expandability} mods - versions {9.0.4}
[31Mar2025 02:08:17.769] [main/DEBUG] [net.minecraftforge.fml.loading.moddiscovery.ModFileParser/LOADING]: Considering mod file candidate 
[31Mar2025 02:08:17.770] [main/DEBUG] [net.minecraftforge.fml.loading.moddiscovery.ModFileInfo/LOADING]: Found valid mod file mixinextras-forge-0.3.5.jar with {mixinextras} mods - versions {0.3.5}
[31Mar2025 02:08:17.931] [main/DEBUG] [net.minecraftforge.fml.loading.moddiscovery.ModFileParser/LOADING]: Considering mod file candidate 
[31Mar2025 02:08:17.934] [main/DEBUG] [net.minecraftforge.fml.loading.moddiscovery.ModFileInfo/LOADING]: Found valid mod file scena-forge-1.0.102.jar with {scena} mods - versions {1.0.102}
[31Mar2025 02:08:17.943] [main/DEBUG] [net.minecraftforge.fml.loading.moddiscovery.ModFileParser/LOADING]: Considering mod file candidate 
[31Mar2025 02:08:17.944] [main/DEBUG] [net.minecraftforge.fml.loading.moddiscovery.ModFileInfo/LOADING]: Found valid mod file mixinextras-forge-0.2.0-beta.9.jar with {mixinextras} mods - versions {0.2.0-beta.9}
[31Mar2025 02:08:17.951] [main/DEBUG] [net.minecraftforge.fml.loading.moddiscovery.ModFileParser/LOADING]: Considering mod file candidate 
[31Mar2025 02:08:17.951] [main/DEBUG] [net.minecraftforge.fml.loading.moddiscovery.ModFileInfo/LOADING]: Found valid mod file nitrogen_internals-1.20.1-0.1.3-neoforge.jar with {nitrogen_internals} mods - versions {1.20.1-0.1.3-neoforge}
[31Mar2025 02:08:17.957] [main/DEBUG] [net.minecraftforge.fml.loading.moddiscovery.ModFileParser/LOADING]: Considering mod file candidate 
[31Mar2025 02:08:17.959] [main/DEBUG] [net.minecraftforge.fml.loading.moddiscovery.ModFileInfo/LOADING]: Found valid mod file cumulus_menus-1.20.1-1.0.0-beta.1-neoforge.jar with {cumulus_menus} mods - versions {1.20.1-1.0.0-beta.1-neoforge}
[31Mar2025 02:08:17.967] [main/DEBUG] [net.minecraftforge.fml.loading.moddiscovery.ModFileParser/LOADING]: Considering mod file candidate 
[31Mar2025 02:08:17.968] [main/DEBUG] [net.minecraftforge.fml.loading.moddiscovery.ModFileInfo/LOADING]: Found valid mod file curios-forge-5.3.5+1.20.1.jar with {curios} mods - versions {5.3.5+1.20.1}
[31Mar2025 02:08:17.973] [main/DEBUG] [net.minecraftforge.fml.loading.moddiscovery.ModFileParser/LOADING]: Considering mod file candidate 
[31Mar2025 02:08:17.974] [main/DEBUG] [net.minecraftforge.fml.loading.moddiscovery.ModFileInfo/LOADING]: Found valid mod file playeranimator-1.0.2-rc1+1.20-forge.jar with {playeranimator} mods - versions {1.0.2-rc1+1.20}
[31Mar2025 02:08:17.979] [main/DEBUG] [net.minecraftforge.fml.loading.moddiscovery.ModFileParser/LOADING]: Considering mod file candidate 
[31Mar2025 02:08:17.979] [main/DEBUG] [net.minecraftforge.fml.loading.moddiscovery.ModFileInfo/LOADING]: Found valid mod file mixinextras-forge-0.3.5.jar with {mixinextras} mods - versions {0.3.5}
[31Mar2025 02:08:17.981] [main/DEBUG] [net.minecraftforge.fml.loading.moddiscovery.ModFileParser/LOADING]: Considering mod file candidate 
[31Mar2025 02:08:17.982] [main/DEBUG] [net.minecraftforge.fml.loading.moddiscovery.ModFileInfo/LOADING]: Found valid mod file mixinextras-forge-0.2.0-beta.8.jar with {mixinextras} mods - versions {0.2.0-beta.8}
[31Mar2025 02:08:17.984] [main/DEBUG] [net.minecraftforge.fml.loading.moddiscovery.ModFileParser/LOADING]: Considering mod file candidate 
[31Mar2025 02:08:17.985] [main/DEBUG] [net.minecraftforge.fml.loading.moddiscovery.ModFileInfo/LOADING]: Found valid mod file puzzlesaccessapi-forge-20.1.1.jar with {puzzlesaccessapi} mods - versions {20.1.1}
[31Mar2025 02:08:17.987] [main/DEBUG] [net.minecraftforge.fml.loading.moddiscovery.ModFileParser/LOADING]: Considering mod file candidate 
[31Mar2025 02:08:17.987] [main/DEBUG] [net.minecraftforge.fml.loading.moddiscovery.ModFileInfo/LOADING]: Found valid mod file mixinextras-forge-0.4.1.jar with {mixinextras} mods - versions {0.4.1}
[31Mar2025 02:08:17.987] [main/DEBUG] [net.minecraftforge.fml.loading.moddiscovery.AbstractJarFileDependencyLocator/]: Failed to load resource META-INF/jarjar/metadata.json from yabn-1.0.3.jar, it does not contain dependency information.
[31Mar2025 02:08:17.987] [main/DEBUG] [net.minecraftforge.fml.loading.moddiscovery.AbstractJarFileDependencyLocator/]: Failed to load resource META-INF/jarjar/metadata.json from bytecodecs-1.0.2.jar, it does not contain dependency information.
[31Mar2025 02:08:17.997] [main/DEBUG] [net.minecraftforge.fml.loading.moddiscovery.AbstractJarFileDependencyLocator/]: Failed to load resource META-INF/jarjar/metadata.json from BiggerStacksConfigLib-1.8.jar, it does not contain dependency information.
[31Mar2025 02:08:17.997] [main/DEBUG] [net.minecraftforge.fml.loading.moddiscovery.AbstractJarFileDependencyLocator/]: Failed to load resource META-INF/jarjar/metadata.json from BiggerStacksTransformerLib-1.4.jar, it does not contain dependency information.
[31Mar2025 02:08:17.997] [main/DEBUG] [net.minecraftforge.fml.loading.moddiscovery.AbstractJarFileDependencyLocator/]: Failed to load resource META-INF/jarjar/metadata.json from SimpleLoggerWrapper-1.0.jar, it does not contain dependency information.
[31Mar2025 02:08:17.997] [main/DEBUG] [net.minecraftforge.fml.loading.moddiscovery.AbstractJarFileDependencyLocator/]: Failed to load resource META-INF/jarjar/metadata.json from xstream-1.4.20.jar, it does not contain dependency information.
[31Mar2025 02:08:17.998] [main/DEBUG] [net.minecraftforge.fml.loading.moddiscovery.AbstractJarFileDependencyLocator/]: Failed to load resource META-INF/jarjar/metadata.json from mclib-20.jar, it does not contain dependency information.
[31Mar2025 02:08:18.000] [main/DEBUG] [net.minecraftforge.fml.loading.moddiscovery.AbstractJarFileDependencyLocator/]: Failed to load resource META-INF/jarjar/metadata.json from lz4-pure-java-1.8.0.jar, it does not contain dependency information.
[31Mar2025 02:08:18.006] [main/DEBUG] [net.minecraftforge.fml.loading.moddiscovery.AbstractJarFileDependencyLocator/]: Failed to load resource META-INF/jarjar/metadata.json from nitrogen_internals-1.20.1-0.1.3-neoforge.jar, it does not contain dependency information.
[31Mar2025 02:08:18.006] [main/DEBUG] [net.minecraftforge.fml.loading.moddiscovery.AbstractJarFileDependencyLocator/]: Failed to load resource META-INF/jarjar/metadata.json from cumulus_menus-1.20.1-1.0.0-beta.1-neoforge.jar, it does not contain dependency information.
[31Mar2025 02:08:18.006] [main/DEBUG] [net.minecraftforge.fml.loading.moddiscovery.AbstractJarFileDependencyLocator/]: Failed to load resource META-INF/jarjar/metadata.json from curios-forge-5.3.5+1.20.1.jar, it does not contain dependency information.
[31Mar2025 02:08:18.006] [main/DEBUG] [net.minecraftforge.fml.loading.moddiscovery.AbstractJarFileDependencyLocator/]: Failed to load resource META-INF/jarjar/metadata.json from playeranimator-1.0.2-rc1+1.20-forge.jar, it does not contain dependency information.
[31Mar2025 02:08:18.021] [main/DEBUG] [net.minecraftforge.fml.loading.moddiscovery.AbstractJarFileDependencyLocator/]: Failed to load resource META-INF/jarjar/metadata.json from puzzlesaccessapi-forge-20.1.1.jar, it does not contain dependency information.
[31Mar2025 02:08:18.028] [main/DEBUG] [net.minecraftforge.fml.loading.moddiscovery.AbstractJarFileDependencyLocator/]: Failed to load resource META-INF/jarjar/metadata.json from MixinExtras-0.1.1.jar, it does not contain dependency information.
[31Mar2025 02:08:18.028] [main/DEBUG] [net.minecraftforge.fml.loading.moddiscovery.AbstractJarFileDependencyLocator/]: Failed to load resource META-INF/jarjar/metadata.json from MixinExtras-0.3.5.jar, it does not contain dependency information.
[31Mar2025 02:08:18.028] [main/DEBUG] [net.minecraftforge.fml.loading.moddiscovery.AbstractJarFileDependencyLocator/]: Failed to load resource META-INF/jarjar/metadata.json from saecularia-caudices-forge-1.0.21.jar, it does not contain dependency information.
[31Mar2025 02:08:18.028] [main/DEBUG] [net.minecraftforge.fml.loading.moddiscovery.AbstractJarFileDependencyLocator/]: Failed to load resource META-INF/jarjar/metadata.json from MixinExtras-0.2.0-beta.9.jar, it does not contain dependency information.
[31Mar2025 02:08:18.028] [main/DEBUG] [net.minecraftforge.fml.loading.moddiscovery.AbstractJarFileDependencyLocator/]: Failed to load resource META-INF/jarjar/metadata.json from MixinExtras-0.3.5.jar, it does not contain dependency information.
[31Mar2025 02:08:18.029] [main/DEBUG] [net.minecraftforge.fml.loading.moddiscovery.AbstractJarFileDependencyLocator/]: Failed to load resource META-INF/jarjar/metadata.json from MixinExtras-0.2.0-beta.8.jar, it does not contain dependency information.
[31Mar2025 02:08:18.029] [main/DEBUG] [net.minecraftforge.fml.loading.moddiscovery.AbstractJarFileDependencyLocator/]: Failed to load resource META-INF/jarjar/metadata.json from MixinExtras-0.4.1.jar, it does not contain dependency information.
[31Mar2025 02:08:18.062] [main/DEBUG] [net.minecraftforge.fml.loading.moddiscovery.ModFileParser/LOADING]: Considering mod file candidate 
[31Mar2025 02:08:18.063] [main/DEBUG] [net.minecraftforge.fml.loading.moddiscovery.ModFileInfo/LOADING]: Found valid mod file scena-forge-1.0.102.jar with {scena} mods - versions {1.0.102}
[31Mar2025 02:08:18.064] [main/DEBUG] [net.minecraftforge.fml.loading.moddiscovery.ModFileParser/LOADING]: Considering mod file candidate 
[31Mar2025 02:08:18.065] [main/DEBUG] [net.minecraftforge.fml.loading.moddiscovery.ModFileInfo/LOADING]: Found valid mod file puzzlesaccessapi-forge-20.1.1.jar with {puzzlesaccessapi} mods - versions {20.1.1}
[31Mar2025 02:08:18.067] [main/DEBUG] [net.minecraftforge.fml.loading.moddiscovery.ModFileParser/LOADING]: Considering mod file candidate 
[31Mar2025 02:08:18.067] [main/DEBUG] [net.minecraftforge.fml.loading.moddiscovery.ModFileInfo/LOADING]: Found valid mod file cumulus_menus-1.20.1-1.0.0-beta.1-neoforge.jar with {cumulus_menus} mods - versions {1.20.1-1.0.0-beta.1-neoforge}
[31Mar2025 02:08:18.069] [main/DEBUG] [net.minecraftforge.fml.loading.moddiscovery.ModFileParser/LOADING]: Considering mod file candidate 
[31Mar2025 02:08:18.069] [main/DEBUG] [net.minecraftforge.fml.loading.moddiscovery.ModFileInfo/LOADING]: Found valid mod file mixinextras-forge-0.4.1.jar with {mixinextras} mods - versions {0.4.1}
[31Mar2025 02:08:18.091] [main/DEBUG] [net.minecraftforge.fml.loading.moddiscovery.ModFileParser/LOADING]: Considering mod file candidate 
[31Mar2025 02:08:18.092] [main/DEBUG] [net.minecraftforge.fml.loading.moddiscovery.ModFileInfo/LOADING]: Found valid mod file playeranimator-1.0.2-rc1+1.20-forge.jar with {playeranimator} mods - versions {1.0.2-rc1+1.20}
[31Mar2025 02:08:18.097] [main/DEBUG] [net.minecraftforge.fml.loading.moddiscovery.ModFileParser/LOADING]: Considering mod file candidate 
[31Mar2025 02:08:18.098] [main/DEBUG] [net.minecraftforge.fml.loading.moddiscovery.ModFileInfo/LOADING]: Found valid mod file curios-forge-5.3.5+1.20.1.jar with {curios} mods - versions {5.3.5+1.20.1}
[31Mar2025 02:08:18.106] [main/DEBUG] [net.minecraftforge.fml.loading.moddiscovery.ModFileParser/LOADING]: Considering mod file candidate 
[31Mar2025 02:08:18.106] [main/DEBUG] [net.minecraftforge.fml.loading.moddiscovery.ModFileInfo/LOADING]: Found valid mod file nitrogen_internals-1.20.1-0.1.3-neoforge.jar with {nitrogen_internals} mods - versions {1.20.1-0.1.3-neoforge}
[31Mar2025 02:08:18.108] [main/DEBUG] [net.minecraftforge.fml.loading.moddiscovery.ModFileParser/LOADING]: Considering mod file candidate 
[31Mar2025 02:08:18.108] [main/DEBUG] [net.minecraftforge.fml.loading.moddiscovery.ModFileInfo/LOADING]: Found valid mod file expandability-forge-9.0.4.jar with {expandability} mods - versions {9.0.4}
[31Mar2025 02:08:18.109] [main/DEBUG] [net.minecraftforge.fml.loading.moddiscovery.ModFileParser/LOADING]: Considering mod file candidate 
[31Mar2025 02:08:18.110] [main/DEBUG] [net.minecraftforge.fml.loading.moddiscovery.ModFileInfo/LOADING]: Found valid mod file mixinextras-forge-0.2.0-beta.9.jar with {mixinextras} mods - versions {0.2.0-beta.9}
[31Mar2025 02:08:18.110] [main/WARN] [net.minecraftforge.jarjar.selection.JarSelector/]: Attempted to select two dependency jars from JarJar which have the same identification: Mod File:  and Mod File: . Using Mod File: 
[31Mar2025 02:08:18.112] [main/WARN] [net.minecraftforge.jarjar.selection.JarSelector/]: Attempted to select a dependency jar for JarJar which was passed in as source: curios. Using Mod File: /workspaces/Minecraft_Server/servidor_minecraft/mods/curios-forge-5.12.1+1.20.1.jar
[31Mar2025 02:08:18.112] [main/INFO] [net.minecraftforge.fml.loading.moddiscovery.JarInJarDependencyLocator/]: Found 17 dependencies adding them to mods collection
[31Mar2025 02:08:18.115] [main/DEBUG] [net.minecraftforge.fml.loading.moddiscovery.ModFileParser/LOADING]: Considering mod file candidate /workspaces/Minecraft_Server/servidor_minecraft/mods/CyclopsCore-1.20.1-1.19.9.jar
[31Mar2025 02:08:18.116] [main/DEBUG] [net.minecraftforge.fml.loading.moddiscovery.ModFileInfo/LOADING]: Found valid mod file CyclopsCore-1.20.1-1.19.9.jar with {cyclopscore} mods - versions {1.19.9}
[31Mar2025 02:08:18.119] [main/DEBUG] [net.minecraftforge.fml.loading.moddiscovery.ModFile/LOADING]: Loading mod file /workspaces/Minecraft_Server/servidor_minecraft/mods/CyclopsCore-1.20.1-1.19.9.jar with languages [LanguageSpec[languageName=javafml, acceptedVersions=[47,)]]
[31Mar2025 02:08:18.120] [main/DEBUG] [net.minecraftforge.fml.loading.moddiscovery.ModFileParser/LOADING]: Considering mod file candidate /workspaces/Minecraft_Server/servidor_minecraft/mods/Animation_Overhaul-forge-1.20.x-1.3.1.jar
[31Mar2025 02:08:18.120] [main/DEBUG] [net.minecraftforge.fml.loading.moddiscovery.ModFileInfo/LOADING]: Found valid mod file Animation_Overhaul-forge-1.20.x-1.3.1.jar with {animation_overhaul} mods - versions {1.3.1}
[31Mar2025 02:08:18.121] [main/DEBUG] [net.minecraftforge.fml.loading.moddiscovery.ModFile/LOADING]: Loading mod file /workspaces/Minecraft_Server/servidor_minecraft/mods/Animation_Overhaul-forge-1.20.x-1.3.1.jar with languages [LanguageSpec[languageName=javafml, acceptedVersions=[37,)]]
[31Mar2025 02:08:18.121] [main/DEBUG] [net.minecraftforge.fml.loading.moddiscovery.ModFileParser/LOADING]: Considering mod file candidate /workspaces/Minecraft_Server/servidor_minecraft/mods/alexsmobs-1.22.9.jar
[31Mar2025 02:08:18.121] [main/DEBUG] [net.minecraftforge.fml.loading.moddiscovery.ModFileInfo/LOADING]: Found valid mod file alexsmobs-1.22.9.jar with {alexsmobs} mods - versions {1.22.9}
[31Mar2025 02:08:18.121] [main/DEBUG] [net.minecraftforge.fml.loading.moddiscovery.ModFile/LOADING]: Loading mod file /workspaces/Minecraft_Server/servidor_minecraft/mods/alexsmobs-1.22.9.jar with languages [LanguageSpec[languageName=javafml, acceptedVersions=[46,)]]
[31Mar2025 02:08:18.121] [main/DEBUG] [net.minecraftforge.fml.loading.moddiscovery.ModFileParser/LOADING]: Considering mod file candidate /workspaces/Minecraft_Server/servidor_minecraft/mods/MutantMonsters-v8.0.7-1.20.1-Forge.jar
[31Mar2025 02:08:18.122] [main/DEBUG] [net.minecraftforge.fml.loading.moddiscovery.ModFileInfo/LOADING]: Found valid mod file MutantMonsters-v8.0.7-1.20.1-Forge.jar with {mutantmonsters} mods - versions {8.0.7}
[31Mar2025 02:08:18.122] [main/DEBUG] [net.minecraftforge.fml.loading.moddiscovery.ModFile/LOADING]: Loading mod file /workspaces/Minecraft_Server/servidor_minecraft/mods/MutantMonsters-v8.0.7-1.20.1-Forge.jar with languages [LanguageSpec[languageName=javafml, acceptedVersions=[47,)]]
[31Mar2025 02:08:18.122] [main/DEBUG] [net.minecraftforge.fml.loading.moddiscovery.ModFileParser/LOADING]: Considering mod file candidate /workspaces/Minecraft_Server/servidor_minecraft/mods/geckolib-forge-1.20.1-4.7.1.2.jar
[31Mar2025 02:08:18.123] [main/DEBUG] [net.minecraftforge.fml.loading.moddiscovery.ModFileInfo/LOADING]: Found valid mod file geckolib-forge-1.20.1-4.7.1.2.jar with {geckolib} mods - versions {4.7.1.2}
[31Mar2025 02:08:18.123] [main/DEBUG] [net.minecraftforge.fml.loading.moddiscovery.ModFile/LOADING]: Loading mod file /workspaces/Minecraft_Server/servidor_minecraft/mods/geckolib-forge-1.20.1-4.7.1.2.jar with languages [LanguageSpec[languageName=javafml, acceptedVersions=[47,)]]
[31Mar2025 02:08:18.123] [main/DEBUG] [net.minecraftforge.fml.loading.moddiscovery.ModFileParser/LOADING]: Considering mod file candidate /workspaces/Minecraft_Server/servidor_minecraft/mods/minecraft-comes-alive-7.5.14+1.20.1-universal.jar
[31Mar2025 02:08:18.123] [main/DEBUG] [net.minecraftforge.fml.loading.moddiscovery.ModFileInfo/LOADING]: Found valid mod file minecraft-comes-alive-7.5.14+1.20.1-universal.jar with {mca} mods - versions {7.5.14+1.20.1}
[31Mar2025 02:08:18.123] [main/DEBUG] [net.minecraftforge.fml.loading.moddiscovery.ModFile/LOADING]: Loading mod file /workspaces/Minecraft_Server/servidor_minecraft/mods/minecraft-comes-alive-7.5.14+1.20.1-universal.jar with languages [LanguageSpec[languageName=javafml, acceptedVersions=[44,)]]
[31Mar2025 02:08:18.123] [main/DEBUG] [net.minecraftforge.fml.loading.moddiscovery.ModFileParser/LOADING]: Considering mod file candidate 
[31Mar2025 02:08:18.124] [main/DEBUG] [net.minecraftforge.fml.loading.moddiscovery.ModFileInfo/LOADING]: Found valid mod file playeranimator-1.0.2-rc1+1.20-forge.jar with {playeranimator} mods - versions {1.0.2-rc1+1.20}
[31Mar2025 02:08:18.124] [main/DEBUG] [net.minecraftforge.fml.loading.moddiscovery.ModFile/LOADING]: Loading mod file  with languages [LanguageSpec[languageName=javafml, acceptedVersions=[46.0.0,)]]
[31Mar2025 02:08:18.124] [main/DEBUG] [net.minecraftforge.fml.loading.moddiscovery.ModFileParser/LOADING]: Considering mod file candidate /workspaces/Minecraft_Server/servidor_minecraft/mods/botarium-forge-1.20.1-2.3.4.jar
[31Mar2025 02:08:18.125] [main/DEBUG] [net.minecraftforge.fml.loading.moddiscovery.ModFileInfo/LOADING]: Found valid mod file botarium-forge-1.20.1-2.3.4.jar with {botarium} mods - versions {2.3.4}
[31Mar2025 02:08:18.125] [main/DEBUG] [net.minecraftforge.fml.loading.moddiscovery.ModFile/LOADING]: Loading mod file /workspaces/Minecraft_Server/servidor_minecraft/mods/botarium-forge-1.20.1-2.3.4.jar with languages [LanguageSpec[languageName=javafml, acceptedVersions=[47,)]]
[31Mar2025 02:08:18.125] [main/DEBUG] [net.minecraftforge.fml.loading.moddiscovery.ModFileParser/LOADING]: Considering mod file candidate /workspaces/Minecraft_Server/servidor_minecraft/mods/mss-1.2.7-1.20.jar
[31Mar2025 02:08:18.126] [main/DEBUG] [net.minecraftforge.fml.loading.moddiscovery.ModFileInfo/LOADING]: Found valid mod file mss-1.2.7-1.20.jar with {mss} mods - versions {1.2.7-1.20-forge}
[31Mar2025 02:08:18.126] [main/DEBUG] [net.minecraftforge.fml.loading.moddiscovery.ModFile/LOADING]: Loading mod file /workspaces/Minecraft_Server/servidor_minecraft/mods/mss-1.2.7-1.20.jar with languages [LanguageSpec[languageName=javafml, acceptedVersions=[46,)]]
[31Mar2025 02:08:18.126] [main/DEBUG] [net.minecraftforge.fml.loading.moddiscovery.ModFileParser/LOADING]: Considering mod file candidate /workspaces/Minecraft_Server/servidor_minecraft/mods/aether-1.20.1-1.0.0-beta.1.4-neoforge.jar
[31Mar2025 02:08:18.128] [main/DEBUG] [net.minecraftforge.fml.loading.moddiscovery.ModFileInfo/LOADING]: Found valid mod file aether-1.20.1-1.0.0-beta.1.4-neoforge.jar with {aether} mods - versions {1.20.1-1.0.0-beta.1.4-neoforge}
[31Mar2025 02:08:18.128] [main/DEBUG] [net.minecraftforge.fml.loading.moddiscovery.ModFile/LOADING]: Loading mod file /workspaces/Minecraft_Server/servidor_minecraft/mods/aether-1.20.1-1.0.0-beta.1.4-neoforge.jar with languages [LanguageSpec[languageName=javafml, acceptedVersions=[47,)]]
[31Mar2025 02:08:18.128] [main/DEBUG] [net.minecraftforge.fml.loading.moddiscovery.ModFileParser/LOADING]: Considering mod file candidate /workspaces/Minecraft_Server/servidor_minecraft/mods/jei-1.20.1-forge-15.20.0.106.jar
[31Mar2025 02:08:18.128] [main/DEBUG] [net.minecraftforge.fml.loading.moddiscovery.ModFileInfo/LOADING]: Found valid mod file jei-1.20.1-forge-15.20.0.106.jar with {jei} mods - versions {15.20.0.106}
[31Mar2025 02:08:18.129] [main/DEBUG] [net.minecraftforge.fml.loading.moddiscovery.ModFile/LOADING]: Loading mod file /workspaces/Minecraft_Server/servidor_minecraft/mods/jei-1.20.1-forge-15.20.0.106.jar with languages [LanguageSpec[languageName=javafml, acceptedVersions=[47,)]]
[31Mar2025 02:08:18.129] [main/DEBUG] [net.minecraftforge.fml.loading.moddiscovery.ModFileParser/LOADING]: Considering mod file candidate /workspaces/Minecraft_Server/servidor_minecraft/mods/Incendium_1.20.x_v5.3.5.jar
[31Mar2025 02:08:18.129] [main/DEBUG] [net.minecraftforge.fml.loading.moddiscovery.ModFileInfo/LOADING]: Found valid mod file Incendium_1.20.x_v5.3.5.jar with {incendium} mods - versions {5.3.5}
[31Mar2025 02:08:18.129] [main/DEBUG] [net.minecraftforge.fml.loading.moddiscovery.ModFile/LOADING]: Loading mod file /workspaces/Minecraft_Server/servidor_minecraft/mods/Incendium_1.20.x_v5.3.5.jar with languages [LanguageSpec[languageName=lowcodefml, acceptedVersions=[1,)]]
[31Mar2025 02:08:18.130] [main/DEBUG] [net.minecraftforge.fml.loading.moddiscovery.ModFileParser/LOADING]: Considering mod file candidate /workspaces/Minecraft_Server/servidor_minecraft/mods/fabledweaponry-1.20.1-1.0.7.5.jar
[31Mar2025 02:08:18.131] [main/DEBUG] [net.minecraftforge.fml.loading.moddiscovery.ModFileInfo/LOADING]: Found valid mod file fabledweaponry-1.20.1-1.0.7.5.jar with {fabledweaponry} mods - versions {1.20.1-1.0.7.5}
[31Mar2025 02:08:18.131] [main/DEBUG] [net.minecraftforge.fml.loading.moddiscovery.ModFile/LOADING]: Loading mod file /workspaces/Minecraft_Server/servidor_minecraft/mods/fabledweaponry-1.20.1-1.0.7.5.jar with languages [LanguageSpec[languageName=javafml, acceptedVersions=[47,)]]
[31Mar2025 02:08:18.131] [main/DEBUG] [net.minecraftforge.fml.loading.moddiscovery.ModFileParser/LOADING]: Considering mod file candidate /workspaces/Minecraft_Server/servidor_minecraft/mods/journeymap-1.20.1-5.10.3-forge.jar
[31Mar2025 02:08:18.131] [main/DEBUG] [net.minecraftforge.fml.loading.moddiscovery.ModFileInfo/LOADING]: Found valid mod file journeymap-1.20.1-5.10.3-forge.jar with {journeymap} mods - versions {5.10.3}
[31Mar2025 02:08:18.132] [main/DEBUG] [net.minecraftforge.fml.loading.moddiscovery.ModFile/LOADING]: Loading mod file /workspaces/Minecraft_Server/servidor_minecraft/mods/journeymap-1.20.1-5.10.3-forge.jar with languages [LanguageSpec[languageName=javafml, acceptedVersions=[44,)]]
[31Mar2025 02:08:18.134] [main/DEBUG] [net.minecraftforge.fml.loading.moddiscovery.ModFileParser/LOADING]: Found coremod journeymap potion effect transformer with Javascript path potion-effects-shift.js
[31Mar2025 02:08:18.134] [main/DEBUG] [net.minecraftforge.fml.loading.moddiscovery.ModFile/LOADING]: Found coremod potion-effects-shift.js
[31Mar2025 02:08:18.134] [main/DEBUG] [net.minecraftforge.fml.loading.moddiscovery.ModFileParser/LOADING]: Considering mod file candidate /workspaces/Minecraft_Server/servidor_minecraft/mods/citadel-2.6.1-1.20.1.jar
[31Mar2025 02:08:18.135] [main/DEBUG] [net.minecraftforge.fml.loading.moddiscovery.ModFileInfo/LOADING]: Found valid mod file citadel-2.6.1-1.20.1.jar with {citadel} mods - versions {2.6.1}
[31Mar2025 02:08:18.135] [main/DEBUG] [net.minecraftforge.fml.loading.moddiscovery.ModFile/LOADING]: Loading mod file /workspaces/Minecraft_Server/servidor_minecraft/mods/citadel-2.6.1-1.20.1.jar with languages [LanguageSpec[languageName=javafml, acceptedVersions=[47,)]]
[31Mar2025 02:08:18.136] [main/DEBUG] [net.minecraftforge.fml.loading.moddiscovery.ModFileParser/LOADING]: Considering mod file candidate /workspaces/Minecraft_Server/servidor_minecraft/mods/artifacts-forge-9.5.14.jar
[31Mar2025 02:08:18.136] [main/DEBUG] [net.minecraftforge.fml.loading.moddiscovery.ModFileInfo/LOADING]: Found valid mod file artifacts-forge-9.5.14.jar with {artifacts} mods - versions {9.5.14}
[31Mar2025 02:08:18.137] [main/DEBUG] [net.minecraftforge.fml.loading.moddiscovery.ModFile/LOADING]: Loading mod file /workspaces/Minecraft_Server/servidor_minecraft/mods/artifacts-forge-9.5.14.jar with languages [LanguageSpec[languageName=javafml, acceptedVersions=[47,)]]
[31Mar2025 02:08:18.137] [main/DEBUG] [net.minecraftforge.fml.loading.moddiscovery.ModFileParser/LOADING]: Considering mod file candidate /workspaces/Minecraft_Server/servidor_minecraft/mods/travelersbackpack-forge-1.20.1-9.1.33.jar
[31Mar2025 02:08:18.137] [main/DEBUG] [net.minecraftforge.fml.loading.moddiscovery.ModFileInfo/LOADING]: Found valid mod file travelersbackpack-forge-1.20.1-9.1.33.jar with {travelersbackpack} mods - versions {9.1.33}
[31Mar2025 02:08:18.138] [main/DEBUG] [net.minecraftforge.fml.loading.moddiscovery.ModFile/LOADING]: Loading mod file /workspaces/Minecraft_Server/servidor_minecraft/mods/travelersbackpack-forge-1.20.1-9.1.33.jar with languages [LanguageSpec[languageName=javafml, acceptedVersions=[46,)]]
[31Mar2025 02:08:18.138] [main/DEBUG] [net.minecraftforge.fml.loading.moddiscovery.ModFileParser/LOADING]: Considering mod file candidate /workspaces/Minecraft_Server/servidor_minecraft/mods/EvilCraft-1.20.1-1.2.52.jar
[31Mar2025 02:08:18.139] [main/DEBUG] [net.minecraftforge.fml.loading.moddiscovery.ModFileInfo/LOADING]: Found valid mod file EvilCraft-1.20.1-1.2.52.jar with {evilcraft,evilcraftcompat} mods - versions {1.2.52,1.2.52}
[31Mar2025 02:08:18.139] [main/DEBUG] [net.minecraftforge.fml.loading.moddiscovery.ModFile/LOADING]: Loading mod file /workspaces/Minecraft_Server/servidor_minecraft/mods/EvilCraft-1.20.1-1.2.52.jar with languages [LanguageSpec[languageName=javafml, acceptedVersions=[47,)]]
[31Mar2025 02:08:18.139] [main/DEBUG] [net.minecraftforge.fml.loading.moddiscovery.ModFileParser/LOADING]: Considering mod file candidate /workspaces/Minecraft_Server/servidor_minecraft/mods/oreharvester-1.20.1-1.5.jar
[31Mar2025 02:08:18.140] [main/DEBUG] [net.minecraftforge.fml.loading.moddiscovery.ModFileInfo/LOADING]: Found valid mod file oreharvester-1.20.1-1.5.jar with {oreharvester} mods - versions {1.5}
[31Mar2025 02:08:18.140] [main/DEBUG] [net.minecraftforge.fml.loading.moddiscovery.ModFile/LOADING]: Loading mod file /workspaces/Minecraft_Server/servidor_minecraft/mods/oreharvester-1.20.1-1.5.jar with languages [LanguageSpec[languageName=javafml, acceptedVersions=*]]
[31Mar2025 02:08:18.140] [main/DEBUG] [net.minecraftforge.fml.loading.moddiscovery.ModFileParser/LOADING]: Considering mod file candidate /workspaces/Minecraft_Server/servidor_minecraft/mods/Terralith_1.20.x_v2.5.4.jar
[31Mar2025 02:08:18.141] [main/DEBUG] [net.minecraftforge.fml.loading.moddiscovery.ModFileInfo/LOADING]: Found valid mod file Terralith_1.20.x_v2.5.4.jar with {terralith} mods - versions {2.5.4}
[31Mar2025 02:08:18.141] [main/DEBUG] [net.minecraftforge.fml.loading.moddiscovery.ModFile/LOADING]: Loading mod file /workspaces/Minecraft_Server/servidor_minecraft/mods/Terralith_1.20.x_v2.5.4.jar with languages [LanguageSpec[languageName=lowcodefml, acceptedVersions=[1,)]]
[31Mar2025 02:08:18.141] [main/DEBUG] [net.minecraftforge.fml.loading.moddiscovery.ModFileParser/LOADING]: Considering mod file candidate /workspaces/Minecraft_Server/servidor_minecraft/mods/biggerstacks-1.20.1-1.0.0-all.jar
[31Mar2025 02:08:18.141] [main/DEBUG] [net.minecraftforge.fml.loading.moddiscovery.ModFileInfo/LOADING]: Found valid mod file biggerstacks-1.20.1-1.0.0-all.jar with {biggerstacks} mods - versions {1.20.1-1.0.0}
[31Mar2025 02:08:18.141] [main/DEBUG] [net.minecraftforge.fml.loading.moddiscovery.ModFile/LOADING]: Loading mod file /workspaces/Minecraft_Server/servidor_minecraft/mods/biggerstacks-1.20.1-1.0.0-all.jar with languages [LanguageSpec[languageName=javafml, acceptedVersions=[47,)]]
[31Mar2025 02:08:18.142] [main/DEBUG] [net.minecraftforge.fml.loading.moddiscovery.ModFileParser/LOADING]: Considering mod file candidate /workspaces/Minecraft_Server/servidor_minecraft/mods/mythicmounts-20.1-7.4.2-forge.jar
[31Mar2025 02:08:18.142] [main/DEBUG] [net.minecraftforge.fml.loading.moddiscovery.ModFileInfo/LOADING]: Found valid mod file mythicmounts-20.1-7.4.2-forge.jar with {mythicmounts} mods - versions {20.1-7.4.2-forge}
[31Mar2025 02:08:18.142] [main/DEBUG] [net.minecraftforge.fml.loading.moddiscovery.ModFile/LOADING]: Loading mod file /workspaces/Minecraft_Server/servidor_minecraft/mods/mythicmounts-20.1-7.4.2-forge.jar with languages [LanguageSpec[languageName=javafml, acceptedVersions=[43,)]]
[31Mar2025 02:08:18.143] [main/DEBUG] [net.minecraftforge.fml.loading.moddiscovery.ModFileParser/LOADING]: Considering mod file candidate 
[31Mar2025 02:08:18.143] [main/DEBUG] [net.minecraftforge.fml.loading.moddiscovery.ModFileInfo/LOADING]: Found valid mod file puzzlesaccessapi-forge-20.1.1.jar with {puzzlesaccessapi} mods - versions {20.1.1}
[31Mar2025 02:08:18.144] [main/DEBUG] [net.minecraftforge.fml.loading.moddiscovery.ModFile/LOADING]: Loading mod file  with languages [LanguageSpec[languageName=javafml, acceptedVersions=*]]
[31Mar2025 02:08:18.144] [main/DEBUG] [net.minecraftforge.fml.loading.moddiscovery.ModFileParser/LOADING]: Considering mod file candidate /workspaces/Minecraft_Server/servidor_minecraft/mods/cloth-config-11.1.136-forge.jar
[31Mar2025 02:08:18.145] [main/DEBUG] [net.minecraftforge.fml.loading.moddiscovery.ModFileInfo/LOADING]: Found valid mod file cloth-config-11.1.136-forge.jar with {cloth_config} mods - versions {11.1.136}
[31Mar2025 02:08:18.145] [main/DEBUG] [net.minecraftforge.fml.loading.moddiscovery.ModFile/LOADING]: Loading mod file /workspaces/Minecraft_Server/servidor_minecraft/mods/cloth-config-11.1.136-forge.jar with languages [LanguageSpec[languageName=javafml, acceptedVersions=[34,)]]
[31Mar2025 02:08:18.145] [main/DEBUG] [net.minecraftforge.fml.loading.moddiscovery.ModFileParser/LOADING]: Considering mod file candidate /workspaces/Minecraft_Server/servidor_minecraft/mods/paladin-furniture-mod-1.3-forge-mc1.20.1.jar
[31Mar2025 02:08:18.146] [main/DEBUG] [net.minecraftforge.fml.loading.moddiscovery.ModFileInfo/LOADING]: Found valid mod file paladin-furniture-mod-1.3-forge-mc1.20.1.jar with {pfm} mods - versions {1.3}
[31Mar2025 02:08:18.146] [main/DEBUG] [net.minecraftforge.fml.loading.moddiscovery.ModFile/LOADING]: Loading mod file /workspaces/Minecraft_Server/servidor_minecraft/mods/paladin-furniture-mod-1.3-forge-mc1.20.1.jar with languages [LanguageSpec[languageName=javafml, acceptedVersions=[47,)]]
[31Mar2025 02:08:18.146] [main/DEBUG] [net.minecraftforge.fml.loading.moddiscovery.ModFileParser/LOADING]: Considering mod file candidate /workspaces/Minecraft_Server/servidor_minecraft/libraries/net/minecraftforge/forge/1.20.1-47.3.7/forge-1.20.1-47.3.7-universal.jar
[31Mar2025 02:08:18.146] [main/DEBUG] [net.minecraftforge.fml.loading.moddiscovery.ModFileInfo/LOADING]: Found valid mod file forge-1.20.1-47.3.7-universal.jar with {forge} mods - versions {47.3.7}
[31Mar2025 02:08:18.146] [main/DEBUG] [net.minecraftforge.fml.loading.moddiscovery.ModFile/LOADING]: Loading mod file /workspaces/Minecraft_Server/servidor_minecraft/libraries/net/minecraftforge/forge/1.20.1-47.3.7/forge-1.20.1-47.3.7-universal.jar with languages [LanguageSpec[languageName=javafml, acceptedVersions=[24,]]]
[31Mar2025 02:08:18.147] [main/DEBUG] [net.minecraftforge.fml.loading.moddiscovery.ModFileParser/LOADING]: Found coremod field_to_method with Javascript path coremods/field_to_method.js
[31Mar2025 02:08:18.147] [main/DEBUG] [net.minecraftforge.fml.loading.moddiscovery.ModFileParser/LOADING]: Found coremod field_to_instanceof with Javascript path coremods/field_to_instanceof.js
[31Mar2025 02:08:18.147] [main/DEBUG] [net.minecraftforge.fml.loading.moddiscovery.ModFileParser/LOADING]: Found coremod add_bouncer_method with Javascript path coremods/add_bouncer_method.js
[31Mar2025 02:08:18.147] [main/DEBUG] [net.minecraftforge.fml.loading.moddiscovery.ModFileParser/LOADING]: Found coremod method_redirector with Javascript path coremods/method_redirector.js
[31Mar2025 02:08:18.147] [main/DEBUG] [net.minecraftforge.fml.loading.moddiscovery.ModFile/LOADING]: Found coremod coremods/field_to_method.js
[31Mar2025 02:08:18.147] [main/DEBUG] [net.minecraftforge.fml.loading.moddiscovery.ModFile/LOADING]: Found coremod coremods/field_to_instanceof.js
[31Mar2025 02:08:18.147] [main/DEBUG] [net.minecraftforge.fml.loading.moddiscovery.ModFile/LOADING]: Found coremod coremods/add_bouncer_method.js
[31Mar2025 02:08:18.147] [main/DEBUG] [net.minecraftforge.fml.loading.moddiscovery.ModFile/LOADING]: Found coremod coremods/method_redirector.js
[31Mar2025 02:08:18.147] [main/DEBUG] [net.minecraftforge.fml.loading.moddiscovery.ModFileParser/LOADING]: Considering mod file candidate /workspaces/Minecraft_Server/servidor_minecraft/mods/twilightforest-1.20.1-4.3.2508-universal.jar
[31Mar2025 02:08:18.148] [main/DEBUG] [net.minecraftforge.fml.loading.moddiscovery.ModFileInfo/LOADING]: Found valid mod file twilightforest-1.20.1-4.3.2508-universal.jar with {twilightforest} mods - versions {4.3.2508}
[31Mar2025 02:08:18.148] [main/DEBUG] [net.minecraftforge.fml.loading.moddiscovery.ModFile/LOADING]: Loading mod file /workspaces/Minecraft_Server/servidor_minecraft/mods/twilightforest-1.20.1-4.3.2508-universal.jar with languages [LanguageSpec[languageName=javafml, acceptedVersions=[47,)]]
[31Mar2025 02:08:18.148] [main/DEBUG] [net.minecraftforge.fml.loading.moddiscovery.ModFileParser/LOADING]: Found coremod seed with Javascript path META-INF/asm/seed.js
[31Mar2025 02:08:18.149] [main/DEBUG] [net.minecraftforge.fml.loading.moddiscovery.ModFileParser/LOADING]: Found coremod maprendercontext with Javascript path META-INF/asm/maprendercontext.js
[31Mar2025 02:08:18.149] [main/DEBUG] [net.minecraftforge.fml.loading.moddiscovery.ModFileParser/LOADING]: Found coremod music with Javascript path META-INF/asm/music.js
[31Mar2025 02:08:18.149] [main/DEBUG] [net.minecraftforge.fml.loading.moddiscovery.ModFileParser/LOADING]: Found coremod multipart with Javascript path META-INF/asm/multipart.js
[31Mar2025 02:08:18.149] [main/DEBUG] [net.minecraftforge.fml.loading.moddiscovery.ModFileParser/LOADING]: Found coremod foliage with Javascript path META-INF/asm/foliage.js
[31Mar2025 02:08:18.149] [main/DEBUG] [net.minecraftforge.fml.loading.moddiscovery.ModFileParser/LOADING]: Found coremod mount with Javascript path META-INF/asm/mount.js
[31Mar2025 02:08:18.149] [main/DEBUG] [net.minecraftforge.fml.loading.moddiscovery.ModFileParser/LOADING]: Found coremod book with Javascript path META-INF/asm/book.js
[31Mar2025 02:08:18.149] [main/DEBUG] [net.minecraftforge.fml.loading.moddiscovery.ModFileParser/LOADING]: Found coremod conquered with Javascript path META-INF/asm/conquered.js
[31Mar2025 02:08:18.149] [main/DEBUG] [net.minecraftforge.fml.loading.moddiscovery.ModFileParser/LOADING]: Found coremod reach with Javascript path META-INF/asm/reach.js
[31Mar2025 02:08:18.149] [main/DEBUG] [net.minecraftforge.fml.loading.moddiscovery.ModFileParser/LOADING]: Found coremod shroom with Javascript path META-INF/asm/shroom.js
[31Mar2025 02:08:18.149] [main/DEBUG] [net.minecraftforge.fml.loading.moddiscovery.ModFileParser/LOADING]: Found coremod cloud with Javascript path META-INF/asm/cloud.js
[31Mar2025 02:08:18.149] [main/DEBUG] [net.minecraftforge.fml.loading.moddiscovery.ModFileParser/LOADING]: Found coremod lead with Javascript path META-INF/asm/lead.js
[31Mar2025 02:08:18.149] [main/DEBUG] [net.minecraftforge.fml.loading.moddiscovery.ModFile/LOADING]: Found coremod META-INF/asm/seed.js
[31Mar2025 02:08:18.149] [main/DEBUG] [net.minecraftforge.fml.loading.moddiscovery.ModFile/LOADING]: Found coremod META-INF/asm/maprendercontext.js
[31Mar2025 02:08:18.150] [main/DEBUG] [net.minecraftforge.fml.loading.moddiscovery.ModFile/LOADING]: Found coremod META-INF/asm/music.js
[31Mar2025 02:08:18.150] [main/DEBUG] [net.minecraftforge.fml.loading.moddiscovery.ModFile/LOADING]: Found coremod META-INF/asm/multipart.js
[31Mar2025 02:08:18.150] [main/DEBUG] [net.minecraftforge.fml.loading.moddiscovery.ModFile/LOADING]: Found coremod META-INF/asm/foliage.js
[31Mar2025 02:08:18.150] [main/DEBUG] [net.minecraftforge.fml.loading.moddiscovery.ModFile/LOADING]: Found coremod META-INF/asm/mount.js
[31Mar2025 02:08:18.150] [main/DEBUG] [net.minecraftforge.fml.loading.moddiscovery.ModFile/LOADING]: Found coremod META-INF/asm/book.js
[31Mar2025 02:08:18.150] [main/DEBUG] [net.minecraftforge.fml.loading.moddiscovery.ModFile/LOADING]: Found coremod META-INF/asm/conquered.js
[31Mar2025 02:08:18.150] [main/DEBUG] [net.minecraftforge.fml.loading.moddiscovery.ModFile/LOADING]: Found coremod META-INF/asm/reach.js
[31Mar2025 02:08:18.150] [main/DEBUG] [net.minecraftforge.fml.loading.moddiscovery.ModFile/LOADING]: Found coremod META-INF/asm/shroom.js
[31Mar2025 02:08:18.150] [main/DEBUG] [net.minecraftforge.fml.loading.moddiscovery.ModFile/LOADING]: Found coremod META-INF/asm/cloud.js
[31Mar2025 02:08:18.150] [main/DEBUG] [net.minecraftforge.fml.loading.moddiscovery.ModFile/LOADING]: Found coremod META-INF/asm/lead.js
[31Mar2025 02:08:18.150] [main/DEBUG] [net.minecraftforge.fml.loading.moddiscovery.ModFileParser/LOADING]: Considering mod file candidate /workspaces/Minecraft_Server/servidor_minecraft/mods/konkrete_forge_1.8.0_MC_1.20-1.20.1.jar
[31Mar2025 02:08:18.151] [main/DEBUG] [net.minecraftforge.fml.loading.moddiscovery.ModFileInfo/LOADING]: Found valid mod file konkrete_forge_1.8.0_MC_1.20-1.20.1.jar with {konkrete} mods - versions {1.8.0}
[31Mar2025 02:08:18.151] [main/DEBUG] [net.minecraftforge.fml.loading.moddiscovery.ModFile/LOADING]: Loading mod file /workspaces/Minecraft_Server/servidor_minecraft/mods/konkrete_forge_1.8.0_MC_1.20-1.20.1.jar with languages [LanguageSpec[languageName=javafml, acceptedVersions=[46,)]]
[31Mar2025 02:08:18.151] [main/DEBUG] [net.minecraftforge.fml.loading.moddiscovery.ModFileParser/LOADING]: Considering mod file candidate /workspaces/Minecraft_Server/servidor_minecraft/mods/emotecraft-for-MC1.20.1-2.2.7-b.build.50-forge.jar
[31Mar2025 02:08:18.152] [main/DEBUG] [net.minecraftforge.fml.loading.moddiscovery.ModFileInfo/LOADING]: Found valid mod file emotecraft-for-MC1.20.1-2.2.7-b.build.50-forge.jar with {emotecraft} mods - versions {2.2.7-b.build.50}
[31Mar2025 02:08:18.152] [main/DEBUG] [net.minecraftforge.fml.loading.moddiscovery.ModFile/LOADING]: Loading mod file /workspaces/Minecraft_Server/servidor_minecraft/mods/emotecraft-for-MC1.20.1-2.2.7-b.build.50-forge.jar with languages [LanguageSpec[languageName=javafml, acceptedVersions=[41.0,)]]
[31Mar2025 02:08:18.152] [main/DEBUG] [net.minecraftforge.fml.loading.moddiscovery.ModFileParser/LOADING]: Considering mod file candidate /workspaces/Minecraft_Server/servidor_minecraft/mods/useless-sword-furtos-edition-1.20.1-1.0.1.jar
[31Mar2025 02:08:18.152] [main/DEBUG] [net.minecraftforge.fml.loading.moddiscovery.ModFileInfo/LOADING]: Found valid mod file useless-sword-furtos-edition-1.20.1-1.0.1.jar with {useless_sword} mods - versions {1.0.1}
[31Mar2025 02:08:18.153] [main/DEBUG] [net.minecraftforge.fml.loading.moddiscovery.ModFile/LOADING]: Loading mod file /workspaces/Minecraft_Server/servidor_minecraft/mods/useless-sword-furtos-edition-1.20.1-1.0.1.jar with languages [LanguageSpec[languageName=javafml, acceptedVersions=[47,)]]
[31Mar2025 02:08:18.153] [main/DEBUG] [net.minecraftforge.fml.loading.moddiscovery.ModFileInfo/LOADING]: Found valid mod file server-1.20.1-20230612.114412-srg.jar with {minecraft} mods - versions {1.20.1}
[31Mar2025 02:08:18.153] [main/DEBUG] [net.minecraftforge.fml.loading.moddiscovery.ModFile/LOADING]: Loading mod file /workspaces/Minecraft_Server/servidor_minecraft/libraries/net/minecraft/server/1.20.1-20230612.114412/server-1.20.1-20230612.114412-srg.jar with languages [LanguageSpec[languageName=minecraft, acceptedVersions=1]]
[31Mar2025 02:08:18.153] [main/DEBUG] [net.minecraftforge.fml.loading.moddiscovery.ModFileParser/LOADING]: Considering mod file candidate /workspaces/Minecraft_Server/servidor_minecraft/mods/Necronomicon-Forge-1.6.0+1.20.1.jar
[31Mar2025 02:08:18.154] [main/DEBUG] [net.minecraftforge.fml.loading.moddiscovery.ModFileInfo/LOADING]: Found valid mod file Necronomicon-Forge-1.6.0+1.20.1.jar with {necronomicon} mods - versions {1.6.0}
[31Mar2025 02:08:18.154] [main/DEBUG] [net.minecraftforge.fml.loading.moddiscovery.ModFile/LOADING]: Loading mod file /workspaces/Minecraft_Server/servidor_minecraft/mods/Necronomicon-Forge-1.6.0+1.20.1.jar with languages [LanguageSpec[languageName=javafml, acceptedVersions=*]]
[31Mar2025 02:08:18.155] [main/DEBUG] [net.minecraftforge.fml.loading.moddiscovery.ModFileParser/LOADING]: Considering mod file candidate /workspaces/Minecraft_Server/servidor_minecraft/mods/Jade-1.20.1-Forge-11.13.1.jar
[31Mar2025 02:08:18.156] [main/DEBUG] [net.minecraftforge.fml.loading.moddiscovery.ModFileInfo/LOADING]: Found valid mod file Jade-1.20.1-Forge-11.13.1.jar with {jade} mods - versions {11.13.1+forge}
[31Mar2025 02:08:18.156] [main/DEBUG] [net.minecraftforge.fml.loading.moddiscovery.ModFile/LOADING]: Loading mod file /workspaces/Minecraft_Server/servidor_minecraft/mods/Jade-1.20.1-Forge-11.13.1.jar with languages [LanguageSpec[languageName=javafml, acceptedVersions=[46,)]]
[31Mar2025 02:08:18.156] [main/DEBUG] [net.minecraftforge.fml.loading.moddiscovery.ModFileParser/LOADING]: Considering mod file candidate /workspaces/Minecraft_Server/servidor_minecraft/mods/ironfurnaces-1.20.1-4.1.6.jar
[31Mar2025 02:08:18.157] [main/DEBUG] [net.minecraftforge.fml.loading.moddiscovery.ModFileInfo/LOADING]: Found valid mod file ironfurnaces-1.20.1-4.1.6.jar with {ironfurnaces} mods - versions {4.1.6}
[31Mar2025 02:08:18.158] [main/DEBUG] [net.minecraftforge.fml.loading.moddiscovery.ModFile/LOADING]: Loading mod file /workspaces/Minecraft_Server/servidor_minecraft/mods/ironfurnaces-1.20.1-4.1.6.jar with languages [LanguageSpec[languageName=javafml, acceptedVersions=[46,)]]
[31Mar2025 02:08:18.158] [main/DEBUG] [net.minecraftforge.fml.loading.moddiscovery.ModFileParser/LOADING]: Considering mod file candidate /workspaces/Minecraft_Server/servidor_minecraft/mods/resourcefulconfig-forge-1.20.1-2.1.3.jar
[31Mar2025 02:08:18.158] [main/DEBUG] [net.minecraftforge.fml.loading.moddiscovery.ModFileInfo/LOADING]: Found valid mod file resourcefulconfig-forge-1.20.1-2.1.3.jar with {resourcefulconfig} mods - versions {2.1.3}
[31Mar2025 02:08:18.158] [main/DEBUG] [net.minecraftforge.fml.loading.moddiscovery.ModFile/LOADING]: Loading mod file /workspaces/Minecraft_Server/servidor_minecraft/mods/resourcefulconfig-forge-1.20.1-2.1.3.jar with languages [LanguageSpec[languageName=javafml, acceptedVersions=[46,)]]
[31Mar2025 02:08:18.158] [main/DEBUG] [net.minecraftforge.fml.loading.moddiscovery.ModFileParser/LOADING]: Considering mod file candidate /workspaces/Minecraft_Server/servidor_minecraft/mods/curios-forge-5.12.1+1.20.1.jar
[31Mar2025 02:08:18.159] [main/DEBUG] [net.minecraftforge.fml.loading.moddiscovery.ModFileInfo/LOADING]: Found valid mod file curios-forge-5.12.1+1.20.1.jar with {curios} mods - versions {5.12.1+1.20.1}
[31Mar2025 02:08:18.159] [main/DEBUG] [net.minecraftforge.fml.loading.moddiscovery.ModFile/LOADING]: Loading mod file /workspaces/Minecraft_Server/servidor_minecraft/mods/curios-forge-5.12.1+1.20.1.jar with languages [LanguageSpec[languageName=javafml, acceptedVersions=[41,)]]
[31Mar2025 02:08:18.159] [main/DEBUG] [net.minecraftforge.fml.loading.moddiscovery.ModFileParser/LOADING]: Considering mod file candidate /workspaces/Minecraft_Server/servidor_minecraft/mods/Patchouli-1.20.1-84.1-FORGE.jar
[31Mar2025 02:08:18.160] [main/DEBUG] [net.minecraftforge.fml.loading.moddiscovery.ModFileInfo/LOADING]: Found valid mod file Patchouli-1.20.1-84.1-FORGE.jar with {patchouli} mods - versions {1.20.1-84.1-FORGE}
[31Mar2025 02:08:18.160] [main/DEBUG] [net.minecraftforge.fml.loading.moddiscovery.ModFile/LOADING]: Loading mod file /workspaces/Minecraft_Server/servidor_minecraft/mods/Patchouli-1.20.1-84.1-FORGE.jar with languages [LanguageSpec[languageName=javafml, acceptedVersions=[47,)]]
[31Mar2025 02:08:18.161] [main/DEBUG] [net.minecraftforge.fml.loading.moddiscovery.ModFileParser/LOADING]: Considering mod file candidate /workspaces/Minecraft_Server/servidor_minecraft/mods/collective-1.20.1-7.94.jar
[31Mar2025 02:08:18.162] [main/DEBUG] [net.minecraftforge.fml.loading.moddiscovery.ModFileInfo/LOADING]: Found valid mod file collective-1.20.1-7.94.jar with {collective} mods - versions {7.94}
[31Mar2025 02:08:18.162] [main/DEBUG] [net.minecraftforge.fml.loading.moddiscovery.ModFile/LOADING]: Loading mod file /workspaces/Minecraft_Server/servidor_minecraft/mods/collective-1.20.1-7.94.jar with languages [LanguageSpec[languageName=javafml, acceptedVersions=*]]
[31Mar2025 02:08:18.163] [main/DEBUG] [net.minecraftforge.fml.loading.moddiscovery.ModFileParser/LOADING]: Considering mod file candidate /workspaces/Minecraft_Server/servidor_minecraft/mods/gravestone-forge-1.20.1-1.0.24.jar
[31Mar2025 02:08:18.163] [main/DEBUG] [net.minecraftforge.fml.loading.moddiscovery.ModFileInfo/LOADING]: Found valid mod file gravestone-forge-1.20.1-1.0.24.jar with {gravestone} mods - versions {1.20.1-1.0.24}
[31Mar2025 02:08:18.163] [main/DEBUG] [net.minecraftforge.fml.loading.moddiscovery.ModFile/LOADING]: Loading mod file /workspaces/Minecraft_Server/servidor_minecraft/mods/gravestone-forge-1.20.1-1.0.24.jar with languages [LanguageSpec[languageName=javafml, acceptedVersions=*]]
[31Mar2025 02:08:18.163] [main/DEBUG] [net.minecraftforge.fml.loading.moddiscovery.ModFileParser/LOADING]: Considering mod file candidate /workspaces/Minecraft_Server/servidor_minecraft/mods/dungeons-and-taverns-3.0.3.f[Forge].jar
[31Mar2025 02:08:18.164] [main/DEBUG] [net.minecraftforge.fml.loading.moddiscovery.ModFileInfo/LOADING]: Found valid mod file dungeons-and-taverns-3.0.3.f[Forge].jar with {mr_dungeons_andtaverns} mods - versions {3.0.3.f}
[31Mar2025 02:08:18.164] [main/DEBUG] [net.minecraftforge.fml.loading.moddiscovery.ModFile/LOADING]: Loading mod file /workspaces/Minecraft_Server/servidor_minecraft/mods/dungeons-and-taverns-3.0.3.f[Forge].jar with languages [LanguageSpec[languageName=lowcodefml, acceptedVersions=[40,)]]
[31Mar2025 02:08:18.164] [main/DEBUG] [net.minecraftforge.fml.loading.moddiscovery.ModFileParser/LOADING]: Considering mod file candidate /workspaces/Minecraft_Server/servidor_minecraft/mods/inventoryhud.forge.1.20.1-3.4.26.jar
[31Mar2025 02:08:18.165] [main/DEBUG] [net.minecraftforge.fml.loading.moddiscovery.ModFileInfo/LOADING]: Found valid mod file inventoryhud.forge.1.20.1-3.4.26.jar with {inventoryhud} mods - versions {3.4.26}
[31Mar2025 02:08:18.165] [main/DEBUG] [net.minecraftforge.fml.loading.moddiscovery.ModFile/LOADING]: Loading mod file /workspaces/Minecraft_Server/servidor_minecraft/mods/inventoryhud.forge.1.20.1-3.4.26.jar with languages [LanguageSpec[languageName=javafml, acceptedVersions=[46,50)]]
[31Mar2025 02:08:18.165] [main/DEBUG] [net.minecraftforge.fml.loading.moddiscovery.ModFileParser/LOADING]: Considering mod file candidate /workspaces/Minecraft_Server/servidor_minecraft/mods/resourcefullib-forge-1.20.1-2.1.29.jar
[31Mar2025 02:08:18.165] [main/DEBUG] [net.minecraftforge.fml.loading.moddiscovery.ModFileInfo/LOADING]: Found valid mod file resourcefullib-forge-1.20.1-2.1.29.jar with {resourcefullib} mods - versions {2.1.29}
[31Mar2025 02:08:18.166] [main/DEBUG] [net.minecraftforge.fml.loading.moddiscovery.ModFile/LOADING]: Loading mod file /workspaces/Minecraft_Server/servidor_minecraft/mods/resourcefullib-forge-1.20.1-2.1.29.jar with languages [LanguageSpec[languageName=javafml, acceptedVersions=[46,)]]
[31Mar2025 02:08:18.167] [main/DEBUG] [net.minecraftforge.fml.loading.moddiscovery.ModFileParser/LOADING]: Considering mod file candidate 
[31Mar2025 02:08:18.167] [main/DEBUG] [net.minecraftforge.fml.loading.moddiscovery.ModFileInfo/LOADING]: Found valid mod file cumulus_menus-1.20.1-1.0.0-beta.1-neoforge.jar with {cumulus_menus} mods - versions {1.20.1-1.0.0-beta.1-neoforge}
[31Mar2025 02:08:18.168] [main/DEBUG] [net.minecraftforge.fml.loading.moddiscovery.ModFile/LOADING]: Loading mod file  with languages [LanguageSpec[languageName=javafml, acceptedVersions=[47,)]]
[31Mar2025 02:08:18.168] [main/DEBUG] [net.minecraftforge.fml.loading.moddiscovery.ModFileParser/LOADING]: Considering mod file candidate /workspaces/Minecraft_Server/servidor_minecraft/mods/architectury-9.2.14-forge.jar
[31Mar2025 02:08:18.169] [main/DEBUG] [net.minecraftforge.fml.loading.moddiscovery.ModFileInfo/LOADING]: Found valid mod file architectury-9.2.14-forge.jar with {architectury} mods - versions {9.2.14}
[31Mar2025 02:08:18.170] [main/DEBUG] [net.minecraftforge.fml.loading.moddiscovery.ModFile/LOADING]: Loading mod file /workspaces/Minecraft_Server/servidor_minecraft/mods/architectury-9.2.14-forge.jar with languages [LanguageSpec[languageName=javafml, acceptedVersions=[46,)]]
[31Mar2025 02:08:18.170] [main/DEBUG] [net.minecraftforge.fml.loading.moddiscovery.ModFileParser/LOADING]: Considering mod file candidate /workspaces/Minecraft_Server/servidor_minecraft/mods/PuzzlesLib-v8.1.29-1.20.1-Forge.jar
[31Mar2025 02:08:18.171] [main/DEBUG] [net.minecraftforge.fml.loading.moddiscovery.ModFileInfo/LOADING]: Found valid mod file PuzzlesLib-v8.1.29-1.20.1-Forge.jar with {puzzleslib} mods - versions {8.1.29}
[31Mar2025 02:08:18.172] [main/DEBUG] [net.minecraftforge.fml.loading.moddiscovery.ModFile/LOADING]: Loading mod file /workspaces/Minecraft_Server/servidor_minecraft/mods/PuzzlesLib-v8.1.29-1.20.1-Forge.jar with languages [LanguageSpec[languageName=javafml, acceptedVersions=[47,)]]
[31Mar2025 02:08:18.172] [main/DEBUG] [net.minecraftforge.fml.loading.moddiscovery.ModFileParser/LOADING]: Considering mod file candidate 
[31Mar2025 02:08:18.172] [main/DEBUG] [net.minecraftforge.fml.loading.moddiscovery.ModFileInfo/LOADING]: Found valid mod file nitrogen_internals-1.20.1-0.1.3-neoforge.jar with {nitrogen_internals} mods - versions {1.20.1-0.1.3-neoforge}
[31Mar2025 02:08:18.172] [main/DEBUG] [net.minecraftforge.fml.loading.moddiscovery.ModFile/LOADING]: Loading mod file  with languages [LanguageSpec[languageName=javafml, acceptedVersions=[47,)]]
[31Mar2025 02:08:18.172] [main/DEBUG] [net.minecraftforge.fml.loading.moddiscovery.ModFileParser/LOADING]: Considering mod file candidate /workspaces/Minecraft_Server/servidor_minecraft/mods/justzoom_forge_2.1.1_MC_1.20.1.jar
[31Mar2025 02:08:18.173] [main/DEBUG] [net.minecraftforge.fml.loading.moddiscovery.ModFileInfo/LOADING]: Found valid mod file justzoom_forge_2.1.1_MC_1.20.1.jar with {justzoom} mods - versions {2.1.1}
[31Mar2025 02:08:18.173] [main/DEBUG] [net.minecraftforge.fml.loading.moddiscovery.ModFile/LOADING]: Loading mod file /workspaces/Minecraft_Server/servidor_minecraft/mods/justzoom_forge_2.1.1_MC_1.20.1.jar with languages [LanguageSpec[languageName=javafml, acceptedVersions=[47,)]]
[31Mar2025 02:08:18.173] [main/DEBUG] [net.minecraftforge.fml.loading.moddiscovery.ModFileParser/LOADING]: Considering mod file candidate /workspaces/Minecraft_Server/servidor_minecraft/mods/celestisynth-1.20.1-1.3.1.jar
[31Mar2025 02:08:18.174] [main/DEBUG] [net.minecraftforge.fml.loading.moddiscovery.ModFileInfo/LOADING]: Found valid mod file celestisynth-1.20.1-1.3.1.jar with {celestisynth} mods - versions {1.20.1-1.3.1}
[31Mar2025 02:08:18.174] [main/DEBUG] [net.minecraftforge.fml.loading.moddiscovery.ModFile/LOADING]: Loading mod file /workspaces/Minecraft_Server/servidor_minecraft/mods/celestisynth-1.20.1-1.3.1.jar with languages [LanguageSpec[languageName=javafml, acceptedVersions=[43,)]]
[31Mar2025 02:08:18.174] [main/DEBUG] [net.minecraftforge.fml.loading.moddiscovery.ModFileParser/LOADING]: Considering mod file candidate 
[31Mar2025 02:08:18.175] [main/DEBUG] [net.minecraftforge.fml.loading.moddiscovery.ModFileInfo/LOADING]: Found valid mod file expandability-forge-9.0.4.jar with {expandability} mods - versions {9.0.4}
[31Mar2025 02:08:18.175] [main/DEBUG] [net.minecraftforge.fml.loading.moddiscovery.ModFile/LOADING]: Loading mod file  with languages [LanguageSpec[languageName=javafml, acceptedVersions=[46,)]]
[31Mar2025 02:08:18.175] [main/DEBUG] [net.minecraftforge.fml.loading.moddiscovery.ModFileParser/LOADING]: Considering mod file candidate /workspaces/Minecraft_Server/servidor_minecraft/mods/chisels-and-bits-forge-1.4.141.jar
[31Mar2025 02:08:18.176] [main/DEBUG] [net.minecraftforge.fml.loading.moddiscovery.ModFileInfo/LOADING]: Found valid mod file chisels-and-bits-forge-1.4.141.jar with {chiselsandbits} mods - versions {1.4.141}
[31Mar2025 02:08:18.176] [main/DEBUG] [net.minecraftforge.fml.loading.moddiscovery.ModFile/LOADING]: Loading mod file /workspaces/Minecraft_Server/servidor_minecraft/mods/chisels-and-bits-forge-1.4.141.jar with languages [LanguageSpec[languageName=javafml, acceptedVersions=[28,)]]
[31Mar2025 02:08:18.176] [main/DEBUG] [net.minecraftforge.fml.loading.moddiscovery.ModFileParser/LOADING]: Considering mod file candidate /workspaces/Minecraft_Server/servidor_minecraft/mods/ad_astra-forge-1.20.1-1.15.1.jar
[31Mar2025 02:08:18.177] [main/DEBUG] [net.minecraftforge.fml.loading.moddiscovery.ModFileInfo/LOADING]: Found valid mod file ad_astra-forge-1.20.1-1.15.1.jar with {ad_astra} mods - versions {1.15.1}
[31Mar2025 02:08:18.177] [main/DEBUG] [net.minecraftforge.fml.loading.moddiscovery.ModFile/LOADING]: Loading mod file /workspaces/Minecraft_Server/servidor_minecraft/mods/ad_astra-forge-1.20.1-1.15.1.jar with languages [LanguageSpec[languageName=javafml, acceptedVersions=[47,)]]
[31Mar2025 02:08:18.177] [main/DEBUG] [net.minecraftforge.fml.loading.moddiscovery.ModFile/LOADING]: Loading mod file  with languages []
[31Mar2025 02:08:18.177] [main/DEBUG] [net.minecraftforge.fml.loading.moddiscovery.ModFile/LOADING]: Loading mod file  with languages []
[31Mar2025 02:08:18.177] [main/DEBUG] [net.minecraftforge.fml.loading.moddiscovery.ModFileParser/LOADING]: Considering mod file candidate 
[31Mar2025 02:08:18.178] [main/DEBUG] [net.minecraftforge.fml.loading.moddiscovery.ModFileInfo/LOADING]: Found valid mod file scena-forge-1.0.102.jar with {scena} mods - versions {1.0.102}
[31Mar2025 02:08:18.178] [main/DEBUG] [net.minecraftforge.fml.loading.moddiscovery.ModFile/LOADING]: Loading mod file  with languages [LanguageSpec[languageName=javafml, acceptedVersions=[28,)]]
[31Mar2025 02:08:18.178] [main/DEBUG] [net.minecraftforge.fml.loading.moddiscovery.ModFile/LOADING]: Loading mod file  with languages []
[31Mar2025 02:08:18.178] [main/DEBUG] [net.minecraftforge.fml.loading.moddiscovery.ModFileParser/LOADING]: Considering mod file candidate 
[31Mar2025 02:08:18.180] [main/DEBUG] [net.minecraftforge.fml.loading.moddiscovery.ModFileInfo/LOADING]: Found valid mod file mixinextras-forge-0.4.1.jar with {mixinextras} mods - versions {0.4.1}
[31Mar2025 02:08:18.180] [main/DEBUG] [net.minecraftforge.fml.loading.moddiscovery.ModFile/LOADING]: Loading mod file  with languages [LanguageSpec[languageName=javafml, acceptedVersions=*]]
[31Mar2025 02:08:18.180] [main/DEBUG] [net.minecraftforge.fml.loading.moddiscovery.ModFile/LOADING]: Loading mod file  with languages []
[31Mar2025 02:08:18.181] [main/DEBUG] [net.minecraftforge.fml.loading.moddiscovery.ModFile/LOADING]: Loading mod file  with languages []
[31Mar2025 02:08:18.181] [main/DEBUG] [net.minecraftforge.fml.loading.moddiscovery.ModFile/LOADING]: Loading mod file  with languages []
[31Mar2025 02:08:18.181] [main/DEBUG] [net.minecraftforge.fml.loading.moddiscovery.ModFile/LOADING]: Loading mod file  with languages []
[31Mar2025 02:08:18.181] [main/DEBUG] [net.minecraftforge.fml.loading.moddiscovery.ModFile/LOADING]: Loading mod file  with languages []
[31Mar2025 02:08:18.181] [main/DEBUG] [net.minecraftforge.fml.loading.moddiscovery.ModFile/LOADING]: Loading mod file  with languages []
[31Mar2025 02:08:18.181] [main/DEBUG] [net.minecraftforge.fml.loading.moddiscovery.ModFile/LOADING]: Loading mod file  with languages []
[31Mar2025 02:08:18.181] [main/DEBUG] [net.minecraftforge.fml.loading.moddiscovery.ModFile/LOADING]: Loading mod file  with languages []
[31Mar2025 02:08:18.181] [main/DEBUG] [net.minecraftforge.fml.loading.moddiscovery.ModFile/LOADING]: Loading mod file  with languages []
[31Mar2025 02:08:18.181] [main/DEBUG] [net.minecraftforge.fml.loading.moddiscovery.ModFileParser/LOADING]: Considering mod file candidate 
[31Mar2025 02:08:18.182] [main/DEBUG] [net.minecraftforge.fml.loading.moddiscovery.ModFileInfo/LOADING]: Found valid mod file scena-forge-1.0.102.jar with {scena} mods - versions {1.0.102}
[31Mar2025 02:08:18.182] [main/DEBUG] [net.minecraftforge.fml.loading.moddiscovery.ModFile/LOADING]: Loading mod file  with languages [LanguageSpec[languageName=javafml, acceptedVersions=[28,)]]
[31Mar2025 02:08:18.182] [main/DEBUG] [net.minecraftforge.fml.loading.moddiscovery.ModFile/LOADING]: Loading mod file  with languages []
[31Mar2025 02:08:18.182] [main/DEBUG] [net.minecraftforge.fml.loading.moddiscovery.ModFileParser/LOADING]: Considering mod file candidate 
[31Mar2025 02:08:18.183] [main/DEBUG] [net.minecraftforge.fml.loading.moddiscovery.ModFileInfo/LOADING]: Found valid mod file mixinextras-forge-0.4.1.jar with {mixinextras} mods - versions {0.4.1}
[31Mar2025 02:08:18.183] [main/DEBUG] [net.minecraftforge.fml.loading.moddiscovery.ModFile/LOADING]: Loading mod file  with languages [LanguageSpec[languageName=javafml, acceptedVersions=*]]
[31Mar2025 02:08:18.183] [main/DEBUG] [net.minecraftforge.fml.loading.moddiscovery.ModFile/LOADING]: Loading mod file  with languages []
[31Mar2025 02:08:18.183] [main/DEBUG] [net.minecraftforge.fml.loading.moddiscovery.ModFile/LOADING]: Loading mod file  with languages []
[31Mar2025 02:08:18.184] [main/DEBUG] [net.minecraftforge.fml.loading.moddiscovery.ModFile/LOADING]: Loading mod file  with languages []
[31Mar2025 02:08:18.184] [main/DEBUG] [net.minecraftforge.fml.loading.moddiscovery.ModFile/LOADING]: Loading mod file  with languages []
[31Mar2025 02:08:18.185] [main/DEBUG] [net.minecraftforge.fml.loading.moddiscovery.ModFile/LOADING]: Loading mod file  with languages []
[31Mar2025 02:08:18.185] [main/DEBUG] [net.minecraftforge.fml.loading.moddiscovery.ModFile/LOADING]: Loading mod file  with languages []
[31Mar2025 02:08:18.185] [main/DEBUG] [net.minecraftforge.fml.loading.moddiscovery.ModFile/LOADING]: Loading mod file  with languages []
[31Mar2025 02:08:18.188] [main/DEBUG] [cpw.mods.modlauncher.TransformationServiceDecorator/MODLAUNCHER]: End scan trigger - transformation service fml
[31Mar2025 02:08:18.197] [main/DEBUG] [net.minecraftforge.fml.loading.LanguageLoadingProvider/CORE]: Found 3 language providers
[31Mar2025 02:08:18.198] [main/DEBUG] [net.minecraftforge.fml.loading.LanguageLoadingProvider/CORE]: Found language provider minecraft, version 1.0
[31Mar2025 02:08:18.198] [main/DEBUG] [net.minecraftforge.fml.loading.LanguageLoadingProvider/CORE]: Found language provider lowcodefml, version 47
[31Mar2025 02:08:18.198] [main/DEBUG] [net.minecraftforge.fml.loading.LanguageLoadingProvider/CORE]: Found language provider javafml, version 47
[31Mar2025 02:08:18.205] [main/DEBUG] [net.minecraftforge.fml.loading.UniqueModListBuilder/]: Found 2 mods for first modid saecularia_caudices, selecting most recent based on version data
[31Mar2025 02:08:18.206] [main/DEBUG] [net.minecraftforge.fml.loading.UniqueModListBuilder/]: Selected file saecularia-caudices-forge-1.0.21.jar for modid saecularia_caudices with version 1.0.21
[31Mar2025 02:08:18.206] [main/DEBUG] [net.minecraftforge.fml.loading.UniqueModListBuilder/]: Found 2 mods for first modid mclib, selecting most recent based on version data
[31Mar2025 02:08:18.206] [main/DEBUG] [net.minecraftforge.fml.loading.UniqueModListBuilder/]: Selected file mclib-20.jar for modid mclib with version 0.0NONE
[31Mar2025 02:08:18.206] [main/DEBUG] [net.minecraftforge.fml.loading.UniqueModListBuilder/]: Found 2 mods for first modid scena, selecting most recent based on version data
[31Mar2025 02:08:18.206] [main/DEBUG] [net.minecraftforge.fml.loading.UniqueModListBuilder/]: Selected file scena-forge-1.0.102.jar for modid scena with version 1.0.102
[31Mar2025 02:08:18.207] [main/DEBUG] [net.minecraftforge.fml.loading.UniqueModListBuilder/]: Found 2 mods for first modid org.lz4.pure.java, selecting most recent based on version data
[31Mar2025 02:08:18.207] [main/DEBUG] [net.minecraftforge.fml.loading.UniqueModListBuilder/]: Selected file lz4-pure-java-1.8.0.jar for modid org.lz4.pure.java with version 0.0NONE
[31Mar2025 02:08:18.207] [main/DEBUG] [net.minecraftforge.fml.loading.UniqueModListBuilder/]: Found 2 mods for first modid mixinextras, selecting most recent based on version data
[31Mar2025 02:08:18.207] [main/DEBUG] [net.minecraftforge.fml.loading.UniqueModListBuilder/]: Selected file mixinextras-forge-0.4.1.jar for modid mixinextras with version 0.4.1
[31Mar2025 02:08:18.207] [main/DEBUG] [net.minecraftforge.fml.loading.UniqueModListBuilder/]: Found 2 mods for first modid bytecodecs, selecting most recent based on version data
[31Mar2025 02:08:18.207] [main/DEBUG] [net.minecraftforge.fml.loading.UniqueModListBuilder/]: Selected file bytecodecs-1.0.2.jar for modid bytecodecs with version 0.0NONE
[31Mar2025 02:08:18.207] [main/DEBUG] [net.minecraftforge.fml.loading.UniqueModListBuilder/]: Found 2 mods for first modid BiggerStacksConfigLib, selecting most recent based on version data
[31Mar2025 02:08:18.207] [main/DEBUG] [net.minecraftforge.fml.loading.UniqueModListBuilder/]: Selected file BiggerStacksConfigLib-1.8.jar for modid BiggerStacksConfigLib with version 0.0NONE
[31Mar2025 02:08:18.207] [main/DEBUG] [net.minecraftforge.fml.loading.UniqueModListBuilder/]: Found 2 mods for first modid xstream, selecting most recent based on version data
[31Mar2025 02:08:18.207] [main/DEBUG] [net.minecraftforge.fml.loading.UniqueModListBuilder/]: Selected file xstream-1.4.20.jar for modid xstream with version 1.4.20
[31Mar2025 02:08:18.207] [main/DEBUG] [net.minecraftforge.fml.loading.UniqueModListBuilder/]: Found 2 mods for first modid BiggerStacksTransformerLib, selecting most recent based on version data
[31Mar2025 02:08:18.208] [main/DEBUG] [net.minecraftforge.fml.loading.UniqueModListBuilder/]: Selected file BiggerStacksTransformerLib-1.4.jar for modid BiggerStacksTransformerLib with version 0.0NONE
[31Mar2025 02:08:18.208] [main/DEBUG] [net.minecraftforge.fml.loading.UniqueModListBuilder/]: Found 2 mods for first modid yabn, selecting most recent based on version data
[31Mar2025 02:08:18.208] [main/DEBUG] [net.minecraftforge.fml.loading.UniqueModListBuilder/]: Selected file yabn-1.0.3.jar for modid yabn with version 0.0NONE
[31Mar2025 02:08:18.208] [main/DEBUG] [net.minecraftforge.fml.loading.UniqueModListBuilder/]: Found 2 mods for first modid SimpleLoggerWrapper, selecting most recent based on version data
[31Mar2025 02:08:18.208] [main/DEBUG] [net.minecraftforge.fml.loading.UniqueModListBuilder/]: Selected file SimpleLoggerWrapper-1.0.jar for modid SimpleLoggerWrapper with version 0.0NONE
[31Mar2025 02:08:18.208] [main/DEBUG] [net.minecraftforge.fml.loading.UniqueModListBuilder/]: Found 2 mods for first modid MixinExtras, selecting most recent based on version data
[31Mar2025 02:08:18.208] [main/DEBUG] [net.minecraftforge.fml.loading.UniqueModListBuilder/]: Selected file MixinExtras-0.4.1.jar for modid MixinExtras with version 0.0NONE
[31Mar2025 02:08:18.210] [main/DEBUG] [net.minecraftforge.fml.loading.ModSorter/]: Configured system mods: [minecraft, forge]
[31Mar2025 02:08:18.210] [main/DEBUG] [net.minecraftforge.fml.loading.ModSorter/]: Found system mod: minecraft
[31Mar2025 02:08:18.210] [main/DEBUG] [net.minecraftforge.fml.loading.ModSorter/]: Found system mod: forge
[31Mar2025 02:08:18.214] [main/DEBUG] [net.minecraftforge.fml.loading.ModSorter/LOADING]: Found 114 mod requirements (104 mandatory, 10 optional)
[31Mar2025 02:08:18.215] [main/DEBUG] [net.minecraftforge.fml.loading.ModSorter/LOADING]: Found 0 mod requirements missing (0 mandatory, 0 optional)
[31Mar2025 02:08:19.067] [main/DEBUG] [cpw.mods.modlauncher.TransformationServicesHandler/MODLAUNCHER]: Transformation services loading transformers
[31Mar2025 02:08:19.068] [main/DEBUG] [cpw.mods.modlauncher.TransformationServiceDecorator/MODLAUNCHER]: Initializing transformers for transformation service mixin
[31Mar2025 02:08:19.069] [main/DEBUG] [cpw.mods.modlauncher.TransformationServiceDecorator/MODLAUNCHER]: Initialized transformers for transformation service mixin
[31Mar2025 02:08:19.069] [main/DEBUG] [cpw.mods.modlauncher.TransformationServiceDecorator/MODLAUNCHER]: Initializing transformers for transformation service fml
[31Mar2025 02:08:19.069] [main/DEBUG] [net.minecraftforge.fml.loading.FMLServiceProvider/CORE]: Loading coremod transformers
[31Mar2025 02:08:19.069] [main/DEBUG] [net.minecraftforge.coremod.CoreModEngine/COREMOD]: Loading CoreMod from potion-effects-shift.js
[31Mar2025 02:08:19.373] [main/DEBUG] [net.minecraftforge.coremod.CoreModEngine/COREMOD]: CoreMod loaded successfully
[31Mar2025 02:08:19.373] [main/DEBUG] [net.minecraftforge.coremod.CoreModEngine/COREMOD]: Loading CoreMod from coremods/field_to_method.js
[31Mar2025 02:08:19.407] [main/DEBUG] [net.minecraftforge.coremod.CoreModEngine/COREMOD]: CoreMod loaded successfully
[31Mar2025 02:08:19.407] [main/DEBUG] [net.minecraftforge.coremod.CoreModEngine/COREMOD]: Loading CoreMod from coremods/field_to_instanceof.js
[31Mar2025 02:08:19.444] [main/DEBUG] [net.minecraftforge.coremod.CoreModEngine/COREMOD]: CoreMod loaded successfully
[31Mar2025 02:08:19.444] [main/DEBUG] [net.minecraftforge.coremod.CoreModEngine/COREMOD]: Loading CoreMod from coremods/add_bouncer_method.js
[31Mar2025 02:08:19.483] [main/DEBUG] [net.minecraftforge.coremod.CoreModEngine/COREMOD]: CoreMod loaded successfully
[31Mar2025 02:08:19.483] [main/DEBUG] [net.minecraftforge.coremod.CoreModEngine/COREMOD]: Loading CoreMod from coremods/method_redirector.js
[31Mar2025 02:08:19.556] [main/DEBUG] [net.minecraftforge.coremod.CoreModEngine/COREMOD]: CoreMod loaded successfully
[31Mar2025 02:08:19.557] [main/DEBUG] [net.minecraftforge.coremod.CoreModEngine/COREMOD]: Loading CoreMod from META-INF/asm/seed.js
[31Mar2025 02:08:19.577] [main/DEBUG] [net.minecraftforge.coremod.CoreModEngine/COREMOD]: CoreMod loaded successfully
[31Mar2025 02:08:19.579] [main/DEBUG] [net.minecraftforge.coremod.CoreModEngine/COREMOD]: Loading CoreMod from META-INF/asm/maprendercontext.js
[31Mar2025 02:08:19.625] [main/DEBUG] [net.minecraftforge.coremod.CoreModEngine/COREMOD]: CoreMod loaded successfully
[31Mar2025 02:08:19.625] [main/DEBUG] [net.minecraftforge.coremod.CoreModEngine/COREMOD]: Loading CoreMod from META-INF/asm/music.js
[31Mar2025 02:08:19.654] [main/DEBUG] [net.minecraftforge.coremod.CoreModEngine/COREMOD]: CoreMod loaded successfully
[31Mar2025 02:08:19.654] [main/DEBUG] [net.minecraftforge.coremod.CoreModEngine/COREMOD]: Loading CoreMod from META-INF/asm/multipart.js
[31Mar2025 02:08:19.717] [main/DEBUG] [net.minecraftforge.coremod.CoreModEngine/COREMOD]: CoreMod loaded successfully
[31Mar2025 02:08:19.717] [main/DEBUG] [net.minecraftforge.coremod.CoreModEngine/COREMOD]: Loading CoreMod from META-INF/asm/foliage.js
[31Mar2025 02:08:19.758] [main/DEBUG] [net.minecraftforge.coremod.CoreModEngine/COREMOD]: CoreMod loaded successfully
[31Mar2025 02:08:19.759] [main/DEBUG] [net.minecraftforge.coremod.CoreModEngine/COREMOD]: Loading CoreMod from META-INF/asm/mount.js
[31Mar2025 02:08:19.791] [main/DEBUG] [net.minecraftforge.coremod.CoreModEngine/COREMOD]: CoreMod loaded successfully
[31Mar2025 02:08:19.792] [main/DEBUG] [net.minecraftforge.coremod.CoreModEngine/COREMOD]: Loading CoreMod from META-INF/asm/book.js
[31Mar2025 02:08:19.808] [main/DEBUG] [net.minecraftforge.coremod.CoreModEngine/COREMOD]: CoreMod loaded successfully
[31Mar2025 02:08:19.809] [main/DEBUG] [net.minecraftforge.coremod.CoreModEngine/COREMOD]: Loading CoreMod from META-INF/asm/conquered.js
[31Mar2025 02:08:19.822] [main/DEBUG] [net.minecraftforge.coremod.CoreModEngine/COREMOD]: CoreMod loaded successfully
[31Mar2025 02:08:19.823] [main/DEBUG] [net.minecraftforge.coremod.CoreModEngine/COREMOD]: Loading CoreMod from META-INF/asm/reach.js
[31Mar2025 02:08:19.836] [main/DEBUG] [net.minecraftforge.coremod.CoreModEngine/COREMOD]: CoreMod loaded successfully
[31Mar2025 02:08:19.837] [main/DEBUG] [net.minecraftforge.coremod.CoreModEngine/COREMOD]: Loading CoreMod from META-INF/asm/shroom.js
[31Mar2025 02:08:19.848] [main/DEBUG] [net.minecraftforge.coremod.CoreModEngine/COREMOD]: CoreMod loaded successfully
[31Mar2025 02:08:19.849] [main/DEBUG] [net.minecraftforge.coremod.CoreModEngine/COREMOD]: Loading CoreMod from META-INF/asm/cloud.js
[31Mar2025 02:08:19.864] [main/DEBUG] [net.minecraftforge.coremod.CoreModEngine/COREMOD]: CoreMod loaded successfully
[31Mar2025 02:08:19.865] [main/DEBUG] [net.minecraftforge.coremod.CoreModEngine/COREMOD]: Loading CoreMod from META-INF/asm/lead.js
[31Mar2025 02:08:19.880] [main/DEBUG] [net.minecraftforge.coremod.CoreModEngine/COREMOD]: CoreMod loaded successfully
[31Mar2025 02:08:19.901] [main/DEBUG] [cpw.mods.modlauncher.TransformStore/MODLAUNCHER]: Adding transformer net.minecraftforge.coremod.transformer.CoreModClassTransformer@4872669f to Target : CLASS {Lnet/minecraft/world/level/biome/Biome;} {} {V}
[31Mar2025 02:08:19.902] [main/DEBUG] [cpw.mods.modlauncher.TransformStore/MODLAUNCHER]: Adding transformer net.minecraftforge.coremod.transformer.CoreModClassTransformer@186d8a71 to Target : CLASS {Lnet/minecraft/world/level/levelgen/structure/Structure;} {} {V}
[31Mar2025 02:08:19.902] [main/DEBUG] [cpw.mods.modlauncher.TransformStore/MODLAUNCHER]: Adding transformer net.minecraftforge.coremod.transformer.CoreModClassTransformer@3dc40ab9 to Target : CLASS {Lnet/minecraft/world/effect/MobEffectInstance;} {} {V}
[31Mar2025 02:08:19.902] [main/DEBUG] [cpw.mods.modlauncher.TransformStore/MODLAUNCHER]: Adding transformer net.minecraftforge.coremod.transformer.CoreModClassTransformer@2db6d68d to Target : CLASS {Lnet/minecraft/world/level/block/LiquidBlock;} {} {V}
[31Mar2025 02:08:19.902] [main/DEBUG] [cpw.mods.modlauncher.TransformStore/MODLAUNCHER]: Adding transformer net.minecraftforge.coremod.transformer.CoreModClassTransformer@6518fdfd to Target : CLASS {Lnet/minecraft/world/item/BucketItem;} {} {V}
[31Mar2025 02:08:19.902] [main/DEBUG] [cpw.mods.modlauncher.TransformStore/MODLAUNCHER]: Adding transformer net.minecraftforge.coremod.transformer.CoreModClassTransformer@11d2dd2d to Target : CLASS {Lnet/minecraft/world/level/block/StairBlock;} {} {V}
[31Mar2025 02:08:19.902] [main/DEBUG] [cpw.mods.modlauncher.TransformStore/MODLAUNCHER]: Adding transformer net.minecraftforge.coremod.transformer.CoreModClassTransformer@cde8c6c to Target : CLASS {Lnet/minecraft/world/level/block/FlowerPotBlock;} {} {V}
[31Mar2025 02:08:19.903] [main/DEBUG] [cpw.mods.modlauncher.TransformStore/MODLAUNCHER]: Adding transformer net.minecraftforge.coremod.transformer.CoreModClassTransformer@174721c4 to Target : CLASS {Lnet/minecraft/world/item/ItemStack;} {} {V}
[31Mar2025 02:08:19.903] [main/DEBUG] [cpw.mods.modlauncher.TransformStore/MODLAUNCHER]: Adding transformer net.minecraftforge.coremod.transformer.CoreModClassTransformer@3592c1c4 to Target : CLASS {Lnet/minecraft/network/play/client/CClientSettingsPacket;} {} {V}
[31Mar2025 02:08:19.903] [main/DEBUG] [cpw.mods.modlauncher.TransformStore/MODLAUNCHER]: Adding transformer net.minecraftforge.coremod.transformer.CoreModClassTransformer@322e49ee to Target : CLASS {Lnet/minecraft/world/level/NaturalSpawner;} {} {V}
[31Mar2025 02:08:19.903] [main/DEBUG] [cpw.mods.modlauncher.TransformStore/MODLAUNCHER]: Adding transformer net.minecraftforge.coremod.transformer.CoreModClassTransformer@322e49ee to Target : CLASS {Lnet/minecraft/world/entity/ai/village/VillageSiege;} {} {V}
[31Mar2025 02:08:19.903] [main/DEBUG] [cpw.mods.modlauncher.TransformStore/MODLAUNCHER]: Adding transformer net.minecraftforge.coremod.transformer.CoreModClassTransformer@322e49ee to Target : CLASS {Lnet/minecraft/world/entity/monster/Spider;} {} {V}
[31Mar2025 02:08:19.903] [main/DEBUG] [cpw.mods.modlauncher.TransformStore/MODLAUNCHER]: Adding transformer net.minecraftforge.coremod.transformer.CoreModClassTransformer@322e49ee to Target : CLASS {Lnet/minecraft/world/level/levelgen/structure/structures/SwampHutPiece;} {} {V}
[31Mar2025 02:08:19.903] [main/DEBUG] [cpw.mods.modlauncher.TransformStore/MODLAUNCHER]: Adding transformer net.minecraftforge.coremod.transformer.CoreModClassTransformer@322e49ee to Target : CLASS {Lnet/minecraft/world/level/levelgen/structure/templatesystem/StructureTemplate;} {} {V}
[31Mar2025 02:08:19.903] [main/DEBUG] [cpw.mods.modlauncher.TransformStore/MODLAUNCHER]: Adding transformer net.minecraftforge.coremod.transformer.CoreModClassTransformer@322e49ee to Target : CLASS {Lnet/minecraft/world/level/levelgen/structure/structures/WoodlandMansionPieces$WoodlandMansionPiece;} {} {V}
[31Mar2025 02:08:19.904] [main/DEBUG] [cpw.mods.modlauncher.TransformStore/MODLAUNCHER]: Adding transformer net.minecraftforge.coremod.transformer.CoreModClassTransformer@322e49ee to Target : CLASS {Lnet/minecraft/server/commands/SummonCommand;} {} {V}
[31Mar2025 02:08:19.904] [main/DEBUG] [cpw.mods.modlauncher.TransformStore/MODLAUNCHER]: Adding transformer net.minecraftforge.coremod.transformer.CoreModClassTransformer@322e49ee to Target : CLASS {Lnet/minecraft/world/entity/npc/CatSpawner;} {} {V}
[31Mar2025 02:08:19.904] [main/DEBUG] [cpw.mods.modlauncher.TransformStore/MODLAUNCHER]: Adding transformer net.minecraftforge.coremod.transformer.CoreModClassTransformer@322e49ee to Target : CLASS {Lnet/minecraft/world/entity/monster/Zombie;} {} {V}
[31Mar2025 02:08:19.904] [main/DEBUG] [cpw.mods.modlauncher.TransformStore/MODLAUNCHER]: Adding transformer net.minecraftforge.coremod.transformer.CoreModClassTransformer@322e49ee to Target : CLASS {Lnet/minecraft/world/entity/monster/ZombieVillager;} {} {V}
[31Mar2025 02:08:19.904] [main/DEBUG] [cpw.mods.modlauncher.TransformStore/MODLAUNCHER]: Adding transformer net.minecraftforge.coremod.transformer.CoreModClassTransformer@322e49ee to Target : CLASS {Lnet/minecraft/world/entity/npc/Villager;} {} {V}
[31Mar2025 02:08:19.904] [main/DEBUG] [cpw.mods.modlauncher.TransformStore/MODLAUNCHER]: Adding transformer net.minecraftforge.coremod.transformer.CoreModClassTransformer@322e49ee to Target : CLASS {Lnet/minecraft/world/entity/monster/Evoker$EvokerSummonSpellGoal;} {} {V}
[31Mar2025 02:08:19.904] [main/DEBUG] [cpw.mods.modlauncher.TransformStore/MODLAUNCHER]: Adding transformer net.minecraftforge.coremod.transformer.CoreModClassTransformer@322e49ee to Target : CLASS {Lnet/minecraft/world/entity/animal/frog/Tadpole;} {} {V}
[31Mar2025 02:08:19.904] [main/DEBUG] [cpw.mods.modlauncher.TransformStore/MODLAUNCHER]: Adding transformer net.minecraftforge.coremod.transformer.CoreModClassTransformer@322e49ee to Target : CLASS {Lnet/minecraft/world/entity/animal/horse/SkeletonTrapGoal;} {} {V}
[31Mar2025 02:08:19.904] [main/DEBUG] [cpw.mods.modlauncher.TransformStore/MODLAUNCHER]: Adding transformer net.minecraftforge.coremod.transformer.CoreModClassTransformer@322e49ee to Target : CLASS {Lnet/minecraft/world/entity/monster/Strider;} {} {V}
[31Mar2025 02:08:19.904] [main/DEBUG] [cpw.mods.modlauncher.TransformStore/MODLAUNCHER]: Adding transformer net.minecraftforge.coremod.transformer.CoreModClassTransformer@322e49ee to Target : CLASS {Lnet/minecraft/world/level/levelgen/PatrolSpawner;} {} {V}
[31Mar2025 02:08:19.904] [main/DEBUG] [cpw.mods.modlauncher.TransformStore/MODLAUNCHER]: Adding transformer net.minecraftforge.coremod.transformer.CoreModClassTransformer@322e49ee to Target : CLASS {Lnet/minecraft/world/level/levelgen/PhantomSpawner;} {} {V}
[31Mar2025 02:08:19.904] [main/DEBUG] [cpw.mods.modlauncher.TransformStore/MODLAUNCHER]: Adding transformer net.minecraftforge.coremod.transformer.CoreModClassTransformer@322e49ee to Target : CLASS {Lnet/minecraft/world/level/levelgen/structure/structures/OceanRuinPieces$OceanRuinPiece;} {} {V}
[31Mar2025 02:08:19.905] [main/DEBUG] [cpw.mods.modlauncher.TransformStore/MODLAUNCHER]: Adding transformer net.minecraftforge.coremod.transformer.CoreModClassTransformer@322e49ee to Target : CLASS {Lnet/minecraft/server/commands/RaidCommand;} {} {V}
[31Mar2025 02:08:19.905] [main/DEBUG] [cpw.mods.modlauncher.TransformStore/MODLAUNCHER]: Adding transformer net.minecraftforge.coremod.transformer.CoreModClassTransformer@322e49ee to Target : CLASS {Lnet/minecraft/world/entity/EntityType;} {} {V}
[31Mar2025 02:08:19.905] [main/DEBUG] [cpw.mods.modlauncher.TransformStore/MODLAUNCHER]: Adding transformer net.minecraftforge.coremod.transformer.CoreModClassTransformer@322e49ee to Target : CLASS {Lnet/minecraft/world/entity/raid/Raid;} {} {V}
[31Mar2025 02:08:19.905] [main/DEBUG] [cpw.mods.modlauncher.TransformStore/MODLAUNCHER]: Adding transformer net.minecraftforge.coremod.transformer.CoreModClassTransformer@322e49ee to Target : CLASS {Lnet/minecraft/world/level/levelgen/structure/structures/OceanMonumentPieces$OceanMonumentPiece;} {} {V}
[31Mar2025 02:08:19.905] [main/DEBUG] [cpw.mods.modlauncher.TransformStore/MODLAUNCHER]: Adding transformer net.minecraftforge.coremod.transformer.CoreModMethodTransformer@648c5fb3 to Target : METHOD {Lnet/minecraft/client/gui/Gui;} {m_93028_} {(Lcom/mojang/blaze3d/vertex/PoseStack;)V}
[31Mar2025 02:08:19.905] [main/DEBUG] [cpw.mods.modlauncher.TransformStore/MODLAUNCHER]: Adding transformer net.minecraftforge.coremod.transformer.CoreModMethodTransformer@47b33e07 to Target : METHOD {Lnet/minecraft/world/level/levelgen/WorldOptions;} {<init>} {(JZZLjava/util/Optional;)V}
[31Mar2025 02:08:19.905] [main/DEBUG] [cpw.mods.modlauncher.TransformStore/MODLAUNCHER]: Adding transformer net.minecraftforge.coremod.transformer.CoreModMethodTransformer@7126e26 to Target : METHOD {Lnet/minecraft/client/gui/MapRenderer$MapInstance;} {m_93291_} {(Lcom/mojang/blaze3d/vertex/PoseStack;Lnet/minecraft/client/renderer/MultiBufferSource;ZI)V}
[31Mar2025 02:08:19.905] [main/DEBUG] [cpw.mods.modlauncher.TransformStore/MODLAUNCHER]: Adding transformer net.minecraftforge.coremod.transformer.CoreModMethodTransformer@151ab2b9 to Target : METHOD {Lnet/minecraft/client/renderer/ItemInHandRenderer;} {m_109371_} {(Lnet/minecraft/client/player/AbstractClientPlayer;FFLnet/minecraft/world/InteractionHand;FLnet/minecraft/world/item/ItemStack;FLcom/mojang/blaze3d/vertex/PoseStack;Lnet/minecraft/client/renderer/MultiBufferSource;I)V}
[31Mar2025 02:08:19.906] [main/DEBUG] [cpw.mods.modlauncher.TransformStore/MODLAUNCHER]: Adding transformer net.minecraftforge.coremod.transformer.CoreModMethodTransformer@13ed066e to Target : METHOD {Lnet/minecraft/world/entity/decoration/ItemFrame;} {m_218868_} {()Ljava/util/OptionalInt;}
[31Mar2025 02:08:19.906] [main/DEBUG] [cpw.mods.modlauncher.TransformStore/MODLAUNCHER]: Adding transformer net.minecraftforge.coremod.transformer.CoreModMethodTransformer@4d705112 to Target : METHOD {Lnet/minecraft/client/renderer/ItemInHandRenderer;} {m_109366_} {(Lcom/mojang/blaze3d/vertex/PoseStack;Lnet/minecraft/client/renderer/MultiBufferSource;ILnet/minecraft/world/item/ItemStack;)V}
[31Mar2025 02:08:19.906] [main/DEBUG] [cpw.mods.modlauncher.TransformStore/MODLAUNCHER]: Adding transformer net.minecraftforge.coremod.transformer.CoreModMethodTransformer@590765c4 to Target : METHOD {Lnet/minecraft/world/item/MapItem;} {m_7373_} {(Lnet/minecraft/world/item/ItemStack;Lnet/minecraft/world/level/Level;Ljava/util/List;Lnet/minecraft/world/item/TooltipFlag;)V}
[31Mar2025 02:08:19.906] [main/DEBUG] [cpw.mods.modlauncher.TransformStore/MODLAUNCHER]: Adding transformer net.minecraftforge.coremod.transformer.CoreModMethodTransformer@19489b27 to Target : METHOD {Lnet/minecraft/client/sounds/MusicManager;} {m_120183_} {()V}
[31Mar2025 02:08:19.906] [main/DEBUG] [cpw.mods.modlauncher.TransformStore/MODLAUNCHER]: Adding transformer net.minecraftforge.coremod.transformer.CoreModMethodTransformer@626d2016 to Target : METHOD {Lnet/minecraft/server/level/ServerEntity;} {m_8543_} {()V}
[31Mar2025 02:08:19.906] [main/DEBUG] [cpw.mods.modlauncher.TransformStore/MODLAUNCHER]: Adding transformer net.minecraftforge.coremod.transformer.CoreModMethodTransformer@2d5a1588 to Target : METHOD {Lnet/minecraft/client/renderer/entity/EntityRenderDispatcher;} {m_6213_} {(Lnet/minecraft/server/packs/resources/ResourceManager;)V}
[31Mar2025 02:08:19.906] [main/DEBUG] [cpw.mods.modlauncher.TransformStore/MODLAUNCHER]: Adding transformer net.minecraftforge.coremod.transformer.CoreModMethodTransformer@4f116ca2 to Target : METHOD {Lnet/minecraft/client/renderer/entity/EntityRenderDispatcher;} {m_114382_} {(Lnet/minecraft/world/entity/Entity;)Lnet/minecraft/client/renderer/entity/EntityRenderer;}
[31Mar2025 02:08:19.906] [main/DEBUG] [cpw.mods.modlauncher.TransformStore/MODLAUNCHER]: Adding transformer net.minecraftforge.coremod.transformer.CoreModMethodTransformer@125d47c4 to Target : METHOD {Lnet/minecraft/client/renderer/LevelRenderer;} {m_109599_} {(Lcom/mojang/blaze3d/vertex/PoseStack;FJZLnet/minecraft/client/Camera;Lnet/minecraft/client/renderer/GameRenderer;Lnet/minecraft/client/renderer/LightTexture;Lorg/joml/Matrix4f;)V}
[31Mar2025 02:08:19.907] [main/DEBUG] [cpw.mods.modlauncher.TransformStore/MODLAUNCHER]: Adding transformer net.minecraftforge.coremod.transformer.CoreModMethodTransformer@193bb809 to Target : METHOD {Lnet/minecraft/client/renderer/BiomeColors;} {m_108807_} {(Lnet/minecraft/world/level/biome/Biome;DD)I}
[31Mar2025 02:08:19.907] [main/DEBUG] [cpw.mods.modlauncher.TransformStore/MODLAUNCHER]: Adding transformer net.minecraftforge.coremod.transformer.CoreModMethodTransformer@64b018f3 to Target : METHOD {Lnet/minecraft/client/player/LocalPlayer;} {m_6083_} {()V}
[31Mar2025 02:08:19.907] [main/DEBUG] [cpw.mods.modlauncher.TransformStore/MODLAUNCHER]: Adding transformer net.minecraftforge.coremod.transformer.CoreModMethodTransformer@20801cbb to Target : METHOD {Lnet/minecraft/world/item/WrittenBookItem;} {m_7626_} {(Lnet/minecraft/world/item/ItemStack;)Lnet/minecraft/network/chat/Component;}
[31Mar2025 02:08:19.907] [main/DEBUG] [cpw.mods.modlauncher.TransformStore/MODLAUNCHER]: Adding transformer net.minecraftforge.coremod.transformer.CoreModMethodTransformer@581b1c08 to Target : METHOD {Lnet/minecraft/world/level/levelgen/structure/StructureStart;} {m_226857_} {(Lnet/minecraft/world/level/levelgen/structure/pieces/StructurePieceSerializationContext;Lnet/minecraft/nbt/CompoundTag;J)Lnet/minecraft/world/level/levelgen/structure/StructureStart;}
[31Mar2025 02:08:19.907] [main/DEBUG] [cpw.mods.modlauncher.TransformStore/MODLAUNCHER]: Adding transformer net.minecraftforge.coremod.transformer.CoreModMethodTransformer@1c240cf2 to Target : METHOD {Lnet/minecraft/world/item/Item;} {m_41435_} {(Lnet/minecraft/world/level/Level;Lnet/minecraft/world/entity/player/Player;Lnet/minecraft/world/level/ClipContext$Fluid;)Lnet/minecraft/world/phys/BlockHitResult;}
[31Mar2025 02:08:19.908] [main/DEBUG] [cpw.mods.modlauncher.TransformStore/MODLAUNCHER]: Adding transformer net.minecraftforge.coremod.transformer.CoreModMethodTransformer@78b7f805 to Target : METHOD {Lnet/minecraft/world/level/block/MushroomBlock;} {m_7898_} {(Lnet/minecraft/world/level/block/state/BlockState;Lnet/minecraft/world/level/LevelReader;Lnet/minecraft/core/BlockPos;)Z}
[31Mar2025 02:08:19.908] [main/DEBUG] [cpw.mods.modlauncher.TransformStore/MODLAUNCHER]: Adding transformer net.minecraftforge.coremod.transformer.CoreModMethodTransformer@58f2466c to Target : METHOD {Lnet/minecraft/world/level/Level;} {m_46758_} {(Lnet/minecraft/core/BlockPos;)Z}
[31Mar2025 02:08:19.908] [main/DEBUG] [cpw.mods.modlauncher.TransformStore/MODLAUNCHER]: Adding transformer net.minecraftforge.coremod.transformer.CoreModMethodTransformer@5809fa26 to Target : METHOD {Lnet/minecraft/world/entity/decoration/LeashFenceKnotEntity;} {m_7088_} {()Z}
[31Mar2025 02:08:19.908] [main/DEBUG] [cpw.mods.modlauncher.TransformationServiceDecorator/MODLAUNCHER]: Initialized transformers for transformation service fml
[31Mar2025 02:08:21.673] [main/DEBUG] [mixin/]: Processing prepare() for PlatformAgent[MixinPlatformAgentDefault:ModLauncher Root Container(ModLauncher:4f56a0a2)]
[31Mar2025 02:08:21.674] [main/DEBUG] [mixin/]: Processing launch tasks for PlatformAgent[MixinPlatformAgentDefault:ModLauncher Root Container(ModLauncher:4f56a0a2)]
[31Mar2025 02:08:21.674] [main/DEBUG] [mixin/]: Adding mixin platform agents for container SecureJarResource(cyclopscore)
[31Mar2025 02:08:21.674] [main/DEBUG] [mixin/]: Instancing new MixinPlatformAgentMinecraftForge for SecureJarResource(cyclopscore)
[31Mar2025 02:08:21.674] [main/DEBUG] [mixin/]: MixinPlatformAgentMinecraftForge rejected container SecureJarResource(cyclopscore)
[31Mar2025 02:08:21.674] [main/DEBUG] [mixin/]: Instancing new MixinPlatformAgentDefault for SecureJarResource(cyclopscore)
[31Mar2025 02:08:21.674] [main/DEBUG] [mixin/]: MixinPlatformAgentDefault accepted container SecureJarResource(cyclopscore)
[31Mar2025 02:08:21.674] [main/DEBUG] [mixin/]: Processing prepare() for PlatformAgent[MixinPlatformAgentDefault:SecureJarResource(cyclopscore)]
[31Mar2025 02:08:21.674] [main/DEBUG] [mixin/]: Adding mixin platform agents for container SecureJarResource(animation_overhaul)
[31Mar2025 02:08:21.674] [main/DEBUG] [mixin/]: Instancing new MixinPlatformAgentMinecraftForge for SecureJarResource(animation_overhaul)
[31Mar2025 02:08:21.674] [main/DEBUG] [mixin/]: MixinPlatformAgentMinecraftForge rejected container SecureJarResource(animation_overhaul)
[31Mar2025 02:08:21.674] [main/DEBUG] [mixin/]: Instancing new MixinPlatformAgentDefault for SecureJarResource(animation_overhaul)
[31Mar2025 02:08:21.674] [main/DEBUG] [mixin/]: MixinPlatformAgentDefault accepted container SecureJarResource(animation_overhaul)
[31Mar2025 02:08:21.675] [main/DEBUG] [mixin/]: Processing prepare() for PlatformAgent[MixinPlatformAgentDefault:SecureJarResource(animation_overhaul)]
[31Mar2025 02:08:21.675] [main/DEBUG] [mixin/]: Registering mixin config: animation_overhaul.mixins.json
[31Mar2025 02:08:21.722] [main/DEBUG] [mixin/]: Compatibility level JAVA_17 specified by animation_overhaul.mixins.json is higher than the maximum level supported by this version of mixin (JAVA_13).
[31Mar2025 02:08:21.730] [main/INFO] [mixin/]: Compatibility level set to JAVA_17
[31Mar2025 02:08:21.731] [main/DEBUG] [mixin/]: Adding mixin platform agents for container SecureJarResource(mutantmonsters)
[31Mar2025 02:08:21.731] [main/DEBUG] [mixin/]: Instancing new MixinPlatformAgentMinecraftForge for SecureJarResource(mutantmonsters)
[31Mar2025 02:08:21.731] [main/DEBUG] [mixin/]: MixinPlatformAgentMinecraftForge rejected container SecureJarResource(mutantmonsters)
[31Mar2025 02:08:21.731] [main/DEBUG] [mixin/]: Instancing new MixinPlatformAgentDefault for SecureJarResource(mutantmonsters)
[31Mar2025 02:08:21.731] [main/DEBUG] [mixin/]: MixinPlatformAgentDefault accepted container SecureJarResource(mutantmonsters)
[31Mar2025 02:08:21.731] [main/DEBUG] [mixin/]: Processing prepare() for PlatformAgent[MixinPlatformAgentDefault:SecureJarResource(mutantmonsters)]
[31Mar2025 02:08:21.732] [main/DEBUG] [mixin/]: Registering mixin config: mutantmonsters.common.mixins.json
[31Mar2025 02:08:21.734] [main/DEBUG] [mixin/]: Adding mixin platform agents for container SecureJarResource(geckolib)
[31Mar2025 02:08:21.735] [main/DEBUG] [mixin/]: Instancing new MixinPlatformAgentMinecraftForge for SecureJarResource(geckolib)
[31Mar2025 02:08:21.735] [main/DEBUG] [mixin/]: MixinPlatformAgentMinecraftForge rejected container SecureJarResource(geckolib)
[31Mar2025 02:08:21.735] [main/DEBUG] [mixin/]: Instancing new MixinPlatformAgentDefault for SecureJarResource(geckolib)
[31Mar2025 02:08:21.735] [main/DEBUG] [mixin/]: MixinPlatformAgentDefault accepted container SecureJarResource(geckolib)
[31Mar2025 02:08:21.735] [main/DEBUG] [mixin/]: Processing prepare() for PlatformAgent[MixinPlatformAgentDefault:SecureJarResource(geckolib)]
[31Mar2025 02:08:21.735] [main/DEBUG] [mixin/]: Registering mixin config: geckolib.mixins.json
[31Mar2025 02:08:21.737] [main/DEBUG] [mixin/]: Adding mixin platform agents for container SecureJarResource(scena)
[31Mar2025 02:08:21.737] [main/DEBUG] [mixin/]: Instancing new MixinPlatformAgentMinecraftForge for SecureJarResource(scena)
[31Mar2025 02:08:21.737] [main/DEBUG] [mixin/]: MixinPlatformAgentMinecraftForge rejected container SecureJarResource(scena)
[31Mar2025 02:08:21.737] [main/DEBUG] [mixin/]: Instancing new MixinPlatformAgentDefault for SecureJarResource(scena)
[31Mar2025 02:08:21.737] [main/DEBUG] [mixin/]: MixinPlatformAgentDefault accepted container SecureJarResource(scena)
[31Mar2025 02:08:21.737] [main/DEBUG] [mixin/]: Processing prepare() for PlatformAgent[MixinPlatformAgentDefault:SecureJarResource(scena)]
[31Mar2025 02:08:21.737] [main/DEBUG] [mixin/]: Registering mixin config: scena.mixins.json
[31Mar2025 02:08:21.740] [main/DEBUG] [mixin/]: Adding mixin platform agents for container SecureJarResource(mss)
[31Mar2025 02:08:21.740] [main/DEBUG] [mixin/]: Instancing new MixinPlatformAgentMinecraftForge for SecureJarResource(mss)
[31Mar2025 02:08:21.740] [main/DEBUG] [mixin/]: MixinPlatformAgentMinecraftForge rejected container SecureJarResource(mss)
[31Mar2025 02:08:21.740] [main/DEBUG] [mixin/]: Instancing new MixinPlatformAgentDefault for SecureJarResource(mss)
[31Mar2025 02:08:21.740] [main/DEBUG] [mixin/]: MixinPlatformAgentDefault accepted container SecureJarResource(mss)
[31Mar2025 02:08:21.740] [main/DEBUG] [mixin/]: Processing prepare() for PlatformAgent[MixinPlatformAgentDefault:SecureJarResource(mss)]
[31Mar2025 02:08:21.740] [main/DEBUG] [mixin/]: Registering mixin config: mss-common.mixins.json
[31Mar2025 02:08:21.743] [main/DEBUG] [mixin/]: Registering mixin config: mss-forge.mixins.json
[31Mar2025 02:08:21.746] [main/DEBUG] [mixin/]: Adding mixin platform agents for container SecureJarResource(botarium)
[31Mar2025 02:08:21.746] [main/DEBUG] [mixin/]: Instancing new MixinPlatformAgentMinecraftForge for SecureJarResource(botarium)
[31Mar2025 02:08:21.746] [main/DEBUG] [mixin/]: MixinPlatformAgentMinecraftForge rejected container SecureJarResource(botarium)
[31Mar2025 02:08:21.746] [main/DEBUG] [mixin/]: Instancing new MixinPlatformAgentDefault for SecureJarResource(botarium)
[31Mar2025 02:08:21.746] [main/DEBUG] [mixin/]: MixinPlatformAgentDefault accepted container SecureJarResource(botarium)
[31Mar2025 02:08:21.746] [main/DEBUG] [mixin/]: Processing prepare() for PlatformAgent[MixinPlatformAgentDefault:SecureJarResource(botarium)]
[31Mar2025 02:08:21.746] [main/DEBUG] [mixin/]: Adding mixin platform agents for container SecureJarResource(playeranimator)
[31Mar2025 02:08:21.746] [main/DEBUG] [mixin/]: Instancing new MixinPlatformAgentMinecraftForge for SecureJarResource(playeranimator)
[31Mar2025 02:08:21.746] [main/DEBUG] [mixin/]: MixinPlatformAgentMinecraftForge rejected container SecureJarResource(playeranimator)
[31Mar2025 02:08:21.746] [main/DEBUG] [mixin/]: Instancing new MixinPlatformAgentDefault for SecureJarResource(playeranimator)
[31Mar2025 02:08:21.746] [main/DEBUG] [mixin/]: MixinPlatformAgentDefault accepted container SecureJarResource(playeranimator)
[31Mar2025 02:08:21.746] [main/DEBUG] [mixin/]: Processing prepare() for PlatformAgent[MixinPlatformAgentDefault:SecureJarResource(playeranimator)]
[31Mar2025 02:08:21.747] [main/DEBUG] [mixin/]: Registering mixin config: playerAnimator-common.mixins.json
[31Mar2025 02:08:21.748] [main/DEBUG] [mixin/]: Compatibility level JAVA_16 specified by playerAnimator-common.mixins.json is higher than the maximum level supported by this version of mixin (JAVA_13).
[31Mar2025 02:08:21.748] [main/DEBUG] [mixin/]: Adding mixin platform agents for container SecureJarResource(aether)
[31Mar2025 02:08:21.748] [main/DEBUG] [mixin/]: Instancing new MixinPlatformAgentMinecraftForge for SecureJarResource(aether)
[31Mar2025 02:08:21.748] [main/DEBUG] [mixin/]: MixinPlatformAgentMinecraftForge rejected container SecureJarResource(aether)
[31Mar2025 02:08:21.748] [main/DEBUG] [mixin/]: Instancing new MixinPlatformAgentDefault for SecureJarResource(aether)
[31Mar2025 02:08:21.748] [main/DEBUG] [mixin/]: MixinPlatformAgentDefault accepted container SecureJarResource(aether)
[31Mar2025 02:08:21.749] [main/DEBUG] [mixin/]: Processing prepare() for PlatformAgent[MixinPlatformAgentDefault:SecureJarResource(aether)]
[31Mar2025 02:08:21.749] [main/DEBUG] [mixin/]: Registering mixin config: aether.mixins.json
[31Mar2025 02:08:21.750] [main/DEBUG] [mixin/]: Adding mixin platform agents for container SecureJarResource(jei)
[31Mar2025 02:08:21.750] [main/DEBUG] [mixin/]: Instancing new MixinPlatformAgentMinecraftForge for SecureJarResource(jei)
[31Mar2025 02:08:21.750] [main/DEBUG] [mixin/]: MixinPlatformAgentMinecraftForge rejected container SecureJarResource(jei)
[31Mar2025 02:08:21.750] [main/DEBUG] [mixin/]: Instancing new MixinPlatformAgentDefault for SecureJarResource(jei)
[31Mar2025 02:08:21.750] [main/DEBUG] [mixin/]: MixinPlatformAgentDefault accepted container SecureJarResource(jei)
[31Mar2025 02:08:21.750] [main/DEBUG] [mixin/]: Processing prepare() for PlatformAgent[MixinPlatformAgentDefault:SecureJarResource(jei)]
[31Mar2025 02:08:21.750] [main/DEBUG] [mixin/]: Adding mixin platform agents for container SecureJarResource(incendium)
[31Mar2025 02:08:21.750] [main/DEBUG] [mixin/]: Instancing new MixinPlatformAgentMinecraftForge for SecureJarResource(incendium)
[31Mar2025 02:08:21.750] [main/DEBUG] [mixin/]: MixinPlatformAgentMinecraftForge rejected container SecureJarResource(incendium)
[31Mar2025 02:08:21.751] [main/DEBUG] [mixin/]: Instancing new MixinPlatformAgentDefault for SecureJarResource(incendium)
[31Mar2025 02:08:21.751] [main/DEBUG] [mixin/]: MixinPlatformAgentDefault accepted container SecureJarResource(incendium)
[31Mar2025 02:08:21.751] [main/DEBUG] [mixin/]: Processing prepare() for PlatformAgent[MixinPlatformAgentDefault:SecureJarResource(incendium)]
[31Mar2025 02:08:21.751] [main/DEBUG] [mixin/]: Adding mixin platform agents for container SecureJarResource(fabledweaponry)
[31Mar2025 02:08:21.751] [main/DEBUG] [mixin/]: Instancing new MixinPlatformAgentMinecraftForge for SecureJarResource(fabledweaponry)
[31Mar2025 02:08:21.751] [main/DEBUG] [mixin/]: MixinPlatformAgentMinecraftForge rejected container SecureJarResource(fabledweaponry)
[31Mar2025 02:08:21.751] [main/DEBUG] [mixin/]: Instancing new MixinPlatformAgentDefault for SecureJarResource(fabledweaponry)
[31Mar2025 02:08:21.751] [main/DEBUG] [mixin/]: MixinPlatformAgentDefault accepted container SecureJarResource(fabledweaponry)
[31Mar2025 02:08:21.751] [main/DEBUG] [mixin/]: Processing prepare() for PlatformAgent[MixinPlatformAgentDefault:SecureJarResource(fabledweaponry)]
[31Mar2025 02:08:21.751] [main/DEBUG] [mixin/]: Adding mixin platform agents for container SecureJarResource(journeymap)
[31Mar2025 02:08:21.751] [main/DEBUG] [mixin/]: Instancing new MixinPlatformAgentMinecraftForge for SecureJarResource(journeymap)
[31Mar2025 02:08:21.751] [main/DEBUG] [mixin/]: MixinPlatformAgentMinecraftForge rejected container SecureJarResource(journeymap)
[31Mar2025 02:08:21.751] [main/DEBUG] [mixin/]: Instancing new MixinPlatformAgentDefault for SecureJarResource(journeymap)
[31Mar2025 02:08:21.751] [main/DEBUG] [mixin/]: MixinPlatformAgentDefault accepted container SecureJarResource(journeymap)
[31Mar2025 02:08:21.751] [main/DEBUG] [mixin/]: Processing prepare() for PlatformAgent[MixinPlatformAgentDefault:SecureJarResource(journeymap)]
[31Mar2025 02:08:21.751] [main/DEBUG] [mixin/]: Registering mixin config: journeymap.mixins.json
[31Mar2025 02:08:21.753] [main/DEBUG] [mixin/]: Adding mixin platform agents for container SecureJarResource(citadel)
[31Mar2025 02:08:21.753] [main/DEBUG] [mixin/]: Instancing new MixinPlatformAgentMinecraftForge for SecureJarResource(citadel)
[31Mar2025 02:08:21.754] [main/DEBUG] [mixin/]: MixinPlatformAgentMinecraftForge rejected container SecureJarResource(citadel)
[31Mar2025 02:08:21.754] [main/DEBUG] [mixin/]: Instancing new MixinPlatformAgentDefault for SecureJarResource(citadel)
[31Mar2025 02:08:21.754] [main/DEBUG] [mixin/]: MixinPlatformAgentDefault accepted container SecureJarResource(citadel)
[31Mar2025 02:08:21.754] [main/DEBUG] [mixin/]: Processing prepare() for PlatformAgent[MixinPlatformAgentDefault:SecureJarResource(citadel)]
[31Mar2025 02:08:21.754] [main/DEBUG] [mixin/]: Registering mixin config: citadel.mixins.json
[31Mar2025 02:08:21.758] [main/DEBUG] [mixin/]: Adding mixin platform agents for container SecureJarResource(alexsmobs)
[31Mar2025 02:08:21.758] [main/DEBUG] [mixin/]: Instancing new MixinPlatformAgentMinecraftForge for SecureJarResource(alexsmobs)
[31Mar2025 02:08:21.758] [main/DEBUG] [mixin/]: MixinPlatformAgentMinecraftForge rejected container SecureJarResource(alexsmobs)
[31Mar2025 02:08:21.758] [main/DEBUG] [mixin/]: Instancing new MixinPlatformAgentDefault for SecureJarResource(alexsmobs)
[31Mar2025 02:08:21.759] [main/DEBUG] [mixin/]: MixinPlatformAgentDefault accepted container SecureJarResource(alexsmobs)
[31Mar2025 02:08:21.759] [main/DEBUG] [mixin/]: Processing prepare() for PlatformAgent[MixinPlatformAgentDefault:SecureJarResource(alexsmobs)]
[31Mar2025 02:08:21.760] [main/DEBUG] [mixin/]: Registering mixin config: citadel.mixins.json
[31Mar2025 02:08:21.760] [main/DEBUG] [mixin/]: Adding mixin platform agents for container SecureJarResource(travelersbackpack)
[31Mar2025 02:08:21.760] [main/DEBUG] [mixin/]: Instancing new MixinPlatformAgentMinecraftForge for SecureJarResource(travelersbackpack)
[31Mar2025 02:08:21.760] [main/DEBUG] [mixin/]: MixinPlatformAgentMinecraftForge rejected container SecureJarResource(travelersbackpack)
[31Mar2025 02:08:21.760] [main/DEBUG] [mixin/]: Instancing new MixinPlatformAgentDefault for SecureJarResource(travelersbackpack)
[31Mar2025 02:08:21.760] [main/DEBUG] [mixin/]: MixinPlatformAgentDefault accepted container SecureJarResource(travelersbackpack)
[31Mar2025 02:08:21.760] [main/DEBUG] [mixin/]: Processing prepare() for PlatformAgent[MixinPlatformAgentDefault:SecureJarResource(travelersbackpack)]
[31Mar2025 02:08:21.760] [main/DEBUG] [mixin/]: Registering mixin config: mixins.travelersbackpack.json
[31Mar2025 02:08:21.762] [main/DEBUG] [mixin/]: Adding mixin platform agents for container SecureJarResource(artifacts)
[31Mar2025 02:08:21.762] [main/DEBUG] [mixin/]: Instancing new MixinPlatformAgentMinecraftForge for SecureJarResource(artifacts)
[31Mar2025 02:08:21.762] [main/DEBUG] [mixin/]: MixinPlatformAgentMinecraftForge rejected container SecureJarResource(artifacts)
[31Mar2025 02:08:21.762] [main/DEBUG] [mixin/]: Instancing new MixinPlatformAgentDefault for SecureJarResource(artifacts)
[31Mar2025 02:08:21.762] [main/DEBUG] [mixin/]: MixinPlatformAgentDefault accepted container SecureJarResource(artifacts)
[31Mar2025 02:08:21.763] [main/DEBUG] [mixin/]: Processing prepare() for PlatformAgent[MixinPlatformAgentDefault:SecureJarResource(artifacts)]
[31Mar2025 02:08:21.763] [main/DEBUG] [mixin/]: Registering mixin config: mixins.artifacts.common.json
[31Mar2025 02:08:21.765] [main/DEBUG] [mixin/]: Registering mixin config: mixins.artifacts.forge.json
[31Mar2025 02:08:21.767] [main/DEBUG] [mixin/]: Adding mixin platform agents for container SecureJarResource(evilcraft)
[31Mar2025 02:08:21.767] [main/DEBUG] [mixin/]: Instancing new MixinPlatformAgentMinecraftForge for SecureJarResource(evilcraft)
[31Mar2025 02:08:21.767] [main/DEBUG] [mixin/]: MixinPlatformAgentMinecraftForge rejected container SecureJarResource(evilcraft)
[31Mar2025 02:08:21.767] [main/DEBUG] [mixin/]: Instancing new MixinPlatformAgentDefault for SecureJarResource(evilcraft)
[31Mar2025 02:08:21.767] [main/DEBUG] [mixin/]: MixinPlatformAgentDefault accepted container SecureJarResource(evilcraft)
[31Mar2025 02:08:21.767] [main/DEBUG] [mixin/]: Processing prepare() for PlatformAgent[MixinPlatformAgentDefault:SecureJarResource(evilcraft)]
[31Mar2025 02:08:21.768] [main/DEBUG] [mixin/]: Adding mixin platform agents for container SecureJarResource(mixinextras)
[31Mar2025 02:08:21.768] [main/DEBUG] [mixin/]: Instancing new MixinPlatformAgentMinecraftForge for SecureJarResource(mixinextras)
[31Mar2025 02:08:21.768] [main/DEBUG] [mixin/]: MixinPlatformAgentMinecraftForge rejected container SecureJarResource(mixinextras)
[31Mar2025 02:08:21.768] [main/DEBUG] [mixin/]: Instancing new MixinPlatformAgentDefault for SecureJarResource(mixinextras)
[31Mar2025 02:08:21.768] [main/DEBUG] [mixin/]: MixinPlatformAgentDefault accepted container SecureJarResource(mixinextras)
[31Mar2025 02:08:21.768] [main/DEBUG] [mixin/]: Processing prepare() for PlatformAgent[MixinPlatformAgentDefault:SecureJarResource(mixinextras)]
[31Mar2025 02:08:21.768] [main/DEBUG] [mixin/]: Registering mixin config: mixinextras.init.mixins.json
[31Mar2025 02:08:21.770] [main/DEBUG] [mixin/]: Adding mixin platform agents for container SecureJarResource(oreharvester)
[31Mar2025 02:08:21.770] [main/DEBUG] [mixin/]: Instancing new MixinPlatformAgentMinecraftForge for SecureJarResource(oreharvester)
[31Mar2025 02:08:21.770] [main/DEBUG] [mixin/]: MixinPlatformAgentMinecraftForge rejected container SecureJarResource(oreharvester)
[31Mar2025 02:08:21.770] [main/DEBUG] [mixin/]: Instancing new MixinPlatformAgentDefault for SecureJarResource(oreharvester)
[31Mar2025 02:08:21.770] [main/DEBUG] [mixin/]: MixinPlatformAgentDefault accepted container SecureJarResource(oreharvester)
[31Mar2025 02:08:21.770] [main/DEBUG] [mixin/]: Processing prepare() for PlatformAgent[MixinPlatformAgentDefault:SecureJarResource(oreharvester)]
[31Mar2025 02:08:21.770] [main/DEBUG] [mixin/]: Registering mixin config: oreharvester_forge.mixins.json
[31Mar2025 02:08:21.772] [main/DEBUG] [mixin/]: Adding mixin platform agents for container SecureJarResource(terralith)
[31Mar2025 02:08:21.772] [main/DEBUG] [mixin/]: Instancing new MixinPlatformAgentMinecraftForge for SecureJarResource(terralith)
[31Mar2025 02:08:21.772] [main/DEBUG] [mixin/]: MixinPlatformAgentMinecraftForge rejected container SecureJarResource(terralith)
[31Mar2025 02:08:21.772] [main/DEBUG] [mixin/]: Instancing new MixinPlatformAgentDefault for SecureJarResource(terralith)
[31Mar2025 02:08:21.772] [main/DEBUG] [mixin/]: MixinPlatformAgentDefault accepted container SecureJarResource(terralith)
[31Mar2025 02:08:21.772] [main/DEBUG] [mixin/]: Processing prepare() for PlatformAgent[MixinPlatformAgentDefault:SecureJarResource(terralith)]
[31Mar2025 02:08:21.773] [main/DEBUG] [mixin/]: Adding mixin platform agents for container SecureJarResource(biggerstacks)
[31Mar2025 02:08:21.773] [main/DEBUG] [mixin/]: Instancing new MixinPlatformAgentMinecraftForge for SecureJarResource(biggerstacks)
[31Mar2025 02:08:21.773] [main/DEBUG] [mixin/]: MixinPlatformAgentMinecraftForge rejected container SecureJarResource(biggerstacks)
[31Mar2025 02:08:21.773] [main/DEBUG] [mixin/]: Instancing new MixinPlatformAgentDefault for SecureJarResource(biggerstacks)
[31Mar2025 02:08:21.773] [main/DEBUG] [mixin/]: MixinPlatformAgentDefault accepted container SecureJarResource(biggerstacks)
[31Mar2025 02:08:21.773] [main/DEBUG] [mixin/]: Processing prepare() for PlatformAgent[MixinPlatformAgentDefault:SecureJarResource(biggerstacks)]
[31Mar2025 02:08:21.773] [main/DEBUG] [mixin/]: Registering mixin config: biggerstacks.mixins.json
[31Mar2025 02:08:21.778] [main/DEBUG] [mixin/]: Compatibility level JAVA_8 specified by biggerstacks.mixins.json is lower than the default level supported by the current mixin service (JAVA_16).
[31Mar2025 02:08:21.780] [main/DEBUG] [mixin/]: Adding mixin platform agents for container SecureJarResource(mythicmounts)
[31Mar2025 02:08:21.780] [main/DEBUG] [mixin/]: Instancing new MixinPlatformAgentMinecraftForge for SecureJarResource(mythicmounts)
[31Mar2025 02:08:21.780] [main/DEBUG] [mixin/]: MixinPlatformAgentMinecraftForge rejected container SecureJarResource(mythicmounts)
[31Mar2025 02:08:21.780] [main/DEBUG] [mixin/]: Instancing new MixinPlatformAgentDefault for SecureJarResource(mythicmounts)
[31Mar2025 02:08:21.780] [main/DEBUG] [mixin/]: MixinPlatformAgentDefault accepted container SecureJarResource(mythicmounts)
[31Mar2025 02:08:21.780] [main/DEBUG] [mixin/]: Processing prepare() for PlatformAgent[MixinPlatformAgentDefault:SecureJarResource(mythicmounts)]
[31Mar2025 02:08:21.781] [main/DEBUG] [mixin/]: Adding mixin platform agents for container SecureJarResource(puzzlesaccessapi)
[31Mar2025 02:08:21.781] [main/DEBUG] [mixin/]: Instancing new MixinPlatformAgentMinecraftForge for SecureJarResource(puzzlesaccessapi)
[31Mar2025 02:08:21.781] [main/DEBUG] [mixin/]: MixinPlatformAgentMinecraftForge rejected container SecureJarResource(puzzlesaccessapi)
[31Mar2025 02:08:21.781] [main/DEBUG] [mixin/]: Instancing new MixinPlatformAgentDefault for SecureJarResource(puzzlesaccessapi)
[31Mar2025 02:08:21.781] [main/DEBUG] [mixin/]: MixinPlatformAgentDefault accepted container SecureJarResource(puzzlesaccessapi)
[31Mar2025 02:08:21.781] [main/DEBUG] [mixin/]: Processing prepare() for PlatformAgent[MixinPlatformAgentDefault:SecureJarResource(puzzlesaccessapi)]
[31Mar2025 02:08:21.781] [main/DEBUG] [mixin/]: Registering mixin config: puzzlesaccessapi.common.mixins.json
[31Mar2025 02:08:21.783] [main/DEBUG] [mixin/]: Registering mixin config: puzzlesaccessapi.forge.mixins.json
[31Mar2025 02:08:21.785] [main/DEBUG] [mixin/]: Adding mixin platform agents for container SecureJarResource(cloth_config)
[31Mar2025 02:08:21.786] [main/DEBUG] [mixin/]: Instancing new MixinPlatformAgentMinecraftForge for SecureJarResource(cloth_config)
[31Mar2025 02:08:21.786] [main/DEBUG] [mixin/]: MixinPlatformAgentMinecraftForge rejected container SecureJarResource(cloth_config)
[31Mar2025 02:08:21.786] [main/DEBUG] [mixin/]: Instancing new MixinPlatformAgentDefault for SecureJarResource(cloth_config)
[31Mar2025 02:08:21.786] [main/DEBUG] [mixin/]: MixinPlatformAgentDefault accepted container SecureJarResource(cloth_config)
[31Mar2025 02:08:21.786] [main/DEBUG] [mixin/]: Processing prepare() for PlatformAgent[MixinPlatformAgentDefault:SecureJarResource(cloth_config)]
[31Mar2025 02:08:21.786] [main/DEBUG] [mixin/]: Adding mixin platform agents for container SecureJarResource(forge)
[31Mar2025 02:08:21.786] [main/DEBUG] [mixin/]: Instancing new MixinPlatformAgentMinecraftForge for SecureJarResource(forge)
[31Mar2025 02:08:21.787] [main/DEBUG] [mixin/]: MixinPlatformAgentMinecraftForge rejected container SecureJarResource(forge)
[31Mar2025 02:08:21.787] [main/DEBUG] [mixin/]: Instancing new MixinPlatformAgentDefault for SecureJarResource(forge)
[31Mar2025 02:08:21.787] [main/DEBUG] [mixin/]: MixinPlatformAgentDefault accepted container SecureJarResource(forge)
[31Mar2025 02:08:21.787] [main/DEBUG] [mixin/]: Processing prepare() for PlatformAgent[MixinPlatformAgentDefault:SecureJarResource(forge)]
[31Mar2025 02:08:21.787] [main/DEBUG] [mixin/]: Adding mixin platform agents for container SecureJarResource(pfm)
[31Mar2025 02:08:21.787] [main/DEBUG] [mixin/]: Instancing new MixinPlatformAgentMinecraftForge for SecureJarResource(pfm)
[31Mar2025 02:08:21.788] [main/DEBUG] [mixin/]: MixinPlatformAgentMinecraftForge rejected container SecureJarResource(pfm)
[31Mar2025 02:08:21.788] [main/DEBUG] [mixin/]: Instancing new MixinPlatformAgentDefault for SecureJarResource(pfm)
[31Mar2025 02:08:21.788] [main/DEBUG] [mixin/]: MixinPlatformAgentDefault accepted container SecureJarResource(pfm)
[31Mar2025 02:08:21.788] [main/DEBUG] [mixin/]: Processing prepare() for PlatformAgent[MixinPlatformAgentDefault:SecureJarResource(pfm)]
[31Mar2025 02:08:21.788] [main/DEBUG] [mixin/]: Registering mixin config: pfm-common.mixins.json
[31Mar2025 02:08:21.803] [main/DEBUG] [mixin/]: Compatibility level JAVA_8 specified by pfm-common.mixins.json is lower than the default level supported by the current mixin service (JAVA_16).
[31Mar2025 02:08:21.803] [main/DEBUG] [mixin/]: Registering mixin config: pfm.mixins.json
[31Mar2025 02:08:21.807] [main/DEBUG] [mixin/]: Compatibility level JAVA_8 specified by pfm.mixins.json is lower than the default level supported by the current mixin service (JAVA_16).
[31Mar2025 02:08:21.807] [main/DEBUG] [mixin/]: Adding mixin platform agents for container SecureJarResource(twilightforest)
[31Mar2025 02:08:21.807] [main/DEBUG] [mixin/]: Instancing new MixinPlatformAgentMinecraftForge for SecureJarResource(twilightforest)
[31Mar2025 02:08:21.808] [main/DEBUG] [mixin/]: MixinPlatformAgentMinecraftForge rejected container SecureJarResource(twilightforest)
[31Mar2025 02:08:21.808] [main/DEBUG] [mixin/]: Instancing new MixinPlatformAgentDefault for SecureJarResource(twilightforest)
[31Mar2025 02:08:21.808] [main/DEBUG] [mixin/]: MixinPlatformAgentDefault accepted container SecureJarResource(twilightforest)
[31Mar2025 02:08:21.808] [main/DEBUG] [mixin/]: Processing prepare() for PlatformAgent[MixinPlatformAgentDefault:SecureJarResource(twilightforest)]
[31Mar2025 02:08:21.808] [main/DEBUG] [mixin/]: Adding mixin platform agents for container SecureJarResource(konkrete)
[31Mar2025 02:08:21.808] [main/DEBUG] [mixin/]: Instancing new MixinPlatformAgentMinecraftForge for SecureJarResource(konkrete)
[31Mar2025 02:08:21.808] [main/DEBUG] [mixin/]: MixinPlatformAgentMinecraftForge rejected container SecureJarResource(konkrete)
[31Mar2025 02:08:21.808] [main/DEBUG] [mixin/]: Instancing new MixinPlatformAgentDefault for SecureJarResource(konkrete)
[31Mar2025 02:08:21.808] [main/DEBUG] [mixin/]: MixinPlatformAgentDefault accepted container SecureJarResource(konkrete)
[31Mar2025 02:08:21.808] [main/DEBUG] [mixin/]: Processing prepare() for PlatformAgent[MixinPlatformAgentDefault:SecureJarResource(konkrete)]
[31Mar2025 02:08:21.808] [main/DEBUG] [mixin/]: Registering mixin config: konkrete.mixin.json
[31Mar2025 02:08:21.810] [main/DEBUG] [mixin/]: Adding mixin platform agents for container SecureJarResource(emotecraft)
[31Mar2025 02:08:21.810] [main/DEBUG] [mixin/]: Instancing new MixinPlatformAgentMinecraftForge for SecureJarResource(emotecraft)
[31Mar2025 02:08:21.810] [main/DEBUG] [mixin/]: MixinPlatformAgentMinecraftForge rejected container SecureJarResource(emotecraft)
[31Mar2025 02:08:21.810] [main/DEBUG] [mixin/]: Instancing new MixinPlatformAgentDefault for SecureJarResource(emotecraft)
[31Mar2025 02:08:21.811] [main/DEBUG] [mixin/]: MixinPlatformAgentDefault accepted container SecureJarResource(emotecraft)
[31Mar2025 02:08:21.811] [main/DEBUG] [mixin/]: Processing prepare() for PlatformAgent[MixinPlatformAgentDefault:SecureJarResource(emotecraft)]
[31Mar2025 02:08:21.811] [main/DEBUG] [mixin/]: Registering mixin config: emotecraft.mixins.json
[31Mar2025 02:08:21.813] [main/DEBUG] [mixin/]: Compatibility level JAVA_16 specified by emotecraft.mixins.json is higher than the maximum level supported by this version of mixin (JAVA_13).
[31Mar2025 02:08:21.813] [main/DEBUG] [mixin/]: Registering mixin config: emotecraft-arch.mixins.json
[31Mar2025 02:08:21.815] [main/DEBUG] [mixin/]: Compatibility level JAVA_16 specified by emotecraft-arch.mixins.json is higher than the maximum level supported by this version of mixin (JAVA_13).
[31Mar2025 02:08:21.815] [main/DEBUG] [mixin/]: Adding mixin platform agents for container SecureJarResource(useless_sword)
[31Mar2025 02:08:21.816] [main/DEBUG] [mixin/]: Instancing new MixinPlatformAgentMinecraftForge for SecureJarResource(useless_sword)
[31Mar2025 02:08:21.816] [main/DEBUG] [mixin/]: MixinPlatformAgentMinecraftForge rejected container SecureJarResource(useless_sword)
[31Mar2025 02:08:21.816] [main/DEBUG] [mixin/]: Instancing new MixinPlatformAgentDefault for SecureJarResource(useless_sword)
[31Mar2025 02:08:21.816] [main/DEBUG] [mixin/]: MixinPlatformAgentDefault accepted container SecureJarResource(useless_sword)
[31Mar2025 02:08:21.816] [main/DEBUG] [mixin/]: Processing prepare() for PlatformAgent[MixinPlatformAgentDefault:SecureJarResource(useless_sword)]
[31Mar2025 02:08:21.816] [main/DEBUG] [mixin/]: Adding mixin platform agents for container SecureJarResource(minecraft)
[31Mar2025 02:08:21.816] [main/DEBUG] [mixin/]: Instancing new MixinPlatformAgentMinecraftForge for SecureJarResource(minecraft)
[31Mar2025 02:08:21.816] [main/DEBUG] [mixin/]: MixinPlatformAgentMinecraftForge rejected container SecureJarResource(minecraft)
[31Mar2025 02:08:21.816] [main/DEBUG] [mixin/]: Instancing new MixinPlatformAgentDefault for SecureJarResource(minecraft)
[31Mar2025 02:08:21.817] [main/DEBUG] [mixin/]: MixinPlatformAgentDefault accepted container SecureJarResource(minecraft)
[31Mar2025 02:08:21.817] [main/DEBUG] [mixin/]: Processing prepare() for PlatformAgent[MixinPlatformAgentDefault:SecureJarResource(minecraft)]
[31Mar2025 02:08:21.817] [main/DEBUG] [mixin/]: Adding mixin platform agents for container SecureJarResource(necronomicon)
[31Mar2025 02:08:21.817] [main/DEBUG] [mixin/]: Instancing new MixinPlatformAgentMinecraftForge for SecureJarResource(necronomicon)
[31Mar2025 02:08:21.817] [main/DEBUG] [mixin/]: MixinPlatformAgentMinecraftForge rejected container SecureJarResource(necronomicon)
[31Mar2025 02:08:21.818] [main/DEBUG] [mixin/]: Instancing new MixinPlatformAgentDefault for SecureJarResource(necronomicon)
[31Mar2025 02:08:21.818] [main/DEBUG] [mixin/]: MixinPlatformAgentDefault accepted container SecureJarResource(necronomicon)
[31Mar2025 02:08:21.818] [main/DEBUG] [mixin/]: Processing prepare() for PlatformAgent[MixinPlatformAgentDefault:SecureJarResource(necronomicon)]
[31Mar2025 02:08:21.818] [main/DEBUG] [mixin/]: Registering mixin config: necronomicon-common.mixins.json
[31Mar2025 02:08:21.819] [main/DEBUG] [mixin/]: Adding mixin platform agents for container SecureJarResource(jade)
[31Mar2025 02:08:21.820] [main/DEBUG] [mixin/]: Instancing new MixinPlatformAgentMinecraftForge for SecureJarResource(jade)
[31Mar2025 02:08:21.820] [main/DEBUG] [mixin/]: MixinPlatformAgentMinecraftForge rejected container SecureJarResource(jade)
[31Mar2025 02:08:21.820] [main/DEBUG] [mixin/]: Instancing new MixinPlatformAgentDefault for SecureJarResource(jade)
[31Mar2025 02:08:21.820] [main/DEBUG] [mixin/]: MixinPlatformAgentDefault accepted container SecureJarResource(jade)
[31Mar2025 02:08:21.820] [main/DEBUG] [mixin/]: Processing prepare() for PlatformAgent[MixinPlatformAgentDefault:SecureJarResource(jade)]
[31Mar2025 02:08:21.820] [main/DEBUG] [mixin/]: Registering mixin config: jade.mixins.json
[31Mar2025 02:08:21.821] [main/DEBUG] [mixin/]: Compatibility level JAVA_16 specified by jade.mixins.json is higher than the maximum level supported by this version of mixin (JAVA_13).
[31Mar2025 02:08:21.821] [main/DEBUG] [mixin/]: Adding mixin platform agents for container SecureJarResource(ironfurnaces)
[31Mar2025 02:08:21.821] [main/DEBUG] [mixin/]: Instancing new MixinPlatformAgentMinecraftForge for SecureJarResource(ironfurnaces)
[31Mar2025 02:08:21.821] [main/DEBUG] [mixin/]: MixinPlatformAgentMinecraftForge rejected container SecureJarResource(ironfurnaces)
[31Mar2025 02:08:21.821] [main/DEBUG] [mixin/]: Instancing new MixinPlatformAgentDefault for SecureJarResource(ironfurnaces)
[31Mar2025 02:08:21.822] [main/DEBUG] [mixin/]: MixinPlatformAgentDefault accepted container SecureJarResource(ironfurnaces)
[31Mar2025 02:08:21.822] [main/DEBUG] [mixin/]: Processing prepare() for PlatformAgent[MixinPlatformAgentDefault:SecureJarResource(ironfurnaces)]
[31Mar2025 02:08:21.822] [main/DEBUG] [mixin/]: Adding mixin platform agents for container SecureJarResource(resourcefulconfig)
[31Mar2025 02:08:21.822] [main/DEBUG] [mixin/]: Instancing new MixinPlatformAgentMinecraftForge for SecureJarResource(resourcefulconfig)
[31Mar2025 02:08:21.822] [main/DEBUG] [mixin/]: MixinPlatformAgentMinecraftForge rejected container SecureJarResource(resourcefulconfig)
[31Mar2025 02:08:21.822] [main/DEBUG] [mixin/]: Instancing new MixinPlatformAgentDefault for SecureJarResource(resourcefulconfig)
[31Mar2025 02:08:21.822] [main/DEBUG] [mixin/]: MixinPlatformAgentDefault accepted container SecureJarResource(resourcefulconfig)
[31Mar2025 02:08:21.822] [main/DEBUG] [mixin/]: Processing prepare() for PlatformAgent[MixinPlatformAgentDefault:SecureJarResource(resourcefulconfig)]
[31Mar2025 02:08:21.822] [main/DEBUG] [mixin/]: Adding mixin platform agents for container SecureJarResource(curios)
[31Mar2025 02:08:21.822] [main/DEBUG] [mixin/]: Instancing new MixinPlatformAgentMinecraftForge for SecureJarResource(curios)
[31Mar2025 02:08:21.822] [main/DEBUG] [mixin/]: MixinPlatformAgentMinecraftForge rejected container SecureJarResource(curios)
[31Mar2025 02:08:21.822] [main/DEBUG] [mixin/]: Instancing new MixinPlatformAgentDefault for SecureJarResource(curios)
[31Mar2025 02:08:21.822] [main/DEBUG] [mixin/]: MixinPlatformAgentDefault accepted container SecureJarResource(curios)
[31Mar2025 02:08:21.822] [main/DEBUG] [mixin/]: Processing prepare() for PlatformAgent[MixinPlatformAgentDefault:SecureJarResource(curios)]
[31Mar2025 02:08:21.822] [main/DEBUG] [mixin/]: Registering mixin config: curios.mixins.json
[31Mar2025 02:08:21.823] [main/DEBUG] [mixin/]: Adding mixin platform agents for container SecureJarResource(patchouli)
[31Mar2025 02:08:21.823] [main/DEBUG] [mixin/]: Instancing new MixinPlatformAgentMinecraftForge for SecureJarResource(patchouli)
[31Mar2025 02:08:21.823] [main/DEBUG] [mixin/]: MixinPlatformAgentMinecraftForge rejected container SecureJarResource(patchouli)
[31Mar2025 02:08:21.823] [main/DEBUG] [mixin/]: Instancing new MixinPlatformAgentDefault for SecureJarResource(patchouli)
[31Mar2025 02:08:21.823] [main/DEBUG] [mixin/]: MixinPlatformAgentDefault accepted container SecureJarResource(patchouli)
[31Mar2025 02:08:21.823] [main/DEBUG] [mixin/]: Processing prepare() for PlatformAgent[MixinPlatformAgentDefault:SecureJarResource(patchouli)]
[31Mar2025 02:08:21.823] [main/DEBUG] [mixin/]: Registering mixin config: patchouli_xplat.mixins.json
[31Mar2025 02:08:21.825] [main/DEBUG] [mixin/]: Adding mixin platform agents for container SecureJarResource(gravestone)
[31Mar2025 02:08:21.825] [main/DEBUG] [mixin/]: Instancing new MixinPlatformAgentMinecraftForge for SecureJarResource(gravestone)
[31Mar2025 02:08:21.825] [main/DEBUG] [mixin/]: MixinPlatformAgentMinecraftForge rejected container SecureJarResource(gravestone)
[31Mar2025 02:08:21.825] [main/DEBUG] [mixin/]: Instancing new MixinPlatformAgentDefault for SecureJarResource(gravestone)
[31Mar2025 02:08:21.825] [main/DEBUG] [mixin/]: MixinPlatformAgentDefault accepted container SecureJarResource(gravestone)
[31Mar2025 02:08:21.825] [main/DEBUG] [mixin/]: Processing prepare() for PlatformAgent[MixinPlatformAgentDefault:SecureJarResource(gravestone)]
[31Mar2025 02:08:21.825] [main/DEBUG] [mixin/]: Adding mixin platform agents for container SecureJarResource(collective)
[31Mar2025 02:08:21.825] [main/DEBUG] [mixin/]: Instancing new MixinPlatformAgentMinecraftForge for SecureJarResource(collective)
[31Mar2025 02:08:21.825] [main/DEBUG] [mixin/]: MixinPlatformAgentMinecraftForge rejected container SecureJarResource(collective)
[31Mar2025 02:08:21.825] [main/DEBUG] [mixin/]: Instancing new MixinPlatformAgentDefault for SecureJarResource(collective)
[31Mar2025 02:08:21.825] [main/DEBUG] [mixin/]: MixinPlatformAgentDefault accepted container SecureJarResource(collective)
[31Mar2025 02:08:21.825] [main/DEBUG] [mixin/]: Processing prepare() for PlatformAgent[MixinPlatformAgentDefault:SecureJarResource(collective)]
[31Mar2025 02:08:21.825] [main/DEBUG] [mixin/]: Registering mixin config: collective_forge.mixins.json
[31Mar2025 02:08:21.827] [main/DEBUG] [mixin/]: Adding mixin platform agents for container SecureJarResource(mr_dungeons_andtaverns)
[31Mar2025 02:08:21.827] [main/DEBUG] [mixin/]: Instancing new MixinPlatformAgentMinecraftForge for SecureJarResource(mr_dungeons_andtaverns)
[31Mar2025 02:08:21.827] [main/DEBUG] [mixin/]: MixinPlatformAgentMinecraftForge rejected container SecureJarResource(mr_dungeons_andtaverns)
[31Mar2025 02:08:21.827] [main/DEBUG] [mixin/]: Instancing new MixinPlatformAgentDefault for SecureJarResource(mr_dungeons_andtaverns)
[31Mar2025 02:08:21.827] [main/DEBUG] [mixin/]: MixinPlatformAgentDefault accepted container SecureJarResource(mr_dungeons_andtaverns)
[31Mar2025 02:08:21.827] [main/DEBUG] [mixin/]: Processing prepare() for PlatformAgent[MixinPlatformAgentDefault:SecureJarResource(mr_dungeons_andtaverns)]
[31Mar2025 02:08:21.827] [main/DEBUG] [mixin/]: Adding mixin platform agents for container SecureJarResource(inventoryhud)
[31Mar2025 02:08:21.827] [main/DEBUG] [mixin/]: Instancing new MixinPlatformAgentMinecraftForge for SecureJarResource(inventoryhud)
[31Mar2025 02:08:21.827] [main/DEBUG] [mixin/]: MixinPlatformAgentMinecraftForge rejected container SecureJarResource(inventoryhud)
[31Mar2025 02:08:21.827] [main/DEBUG] [mixin/]: Instancing new MixinPlatformAgentDefault for SecureJarResource(inventoryhud)
[31Mar2025 02:08:21.827] [main/DEBUG] [mixin/]: MixinPlatformAgentDefault accepted container SecureJarResource(inventoryhud)
[31Mar2025 02:08:21.827] [main/DEBUG] [mixin/]: Processing prepare() for PlatformAgent[MixinPlatformAgentDefault:SecureJarResource(inventoryhud)]
[31Mar2025 02:08:21.827] [main/DEBUG] [mixin/]: Adding mixin platform agents for container SecureJarResource(resourcefullib)
[31Mar2025 02:08:21.828] [main/DEBUG] [mixin/]: Instancing new MixinPlatformAgentMinecraftForge for SecureJarResource(resourcefullib)
[31Mar2025 02:08:21.828] [main/DEBUG] [mixin/]: MixinPlatformAgentMinecraftForge rejected container SecureJarResource(resourcefullib)
[31Mar2025 02:08:21.828] [main/DEBUG] [mixin/]: Instancing new MixinPlatformAgentDefault for SecureJarResource(resourcefullib)
[31Mar2025 02:08:21.828] [main/DEBUG] [mixin/]: MixinPlatformAgentDefault accepted container SecureJarResource(resourcefullib)
[31Mar2025 02:08:21.828] [main/DEBUG] [mixin/]: Processing prepare() for PlatformAgent[MixinPlatformAgentDefault:SecureJarResource(resourcefullib)]
[31Mar2025 02:08:21.828] [main/DEBUG] [mixin/]: Adding mixin platform agents for container SecureJarResource(cumulus_menus)
[31Mar2025 02:08:21.828] [main/DEBUG] [mixin/]: Instancing new MixinPlatformAgentMinecraftForge for SecureJarResource(cumulus_menus)
[31Mar2025 02:08:21.828] [main/DEBUG] [mixin/]: MixinPlatformAgentMinecraftForge rejected container SecureJarResource(cumulus_menus)
[31Mar2025 02:08:21.828] [main/DEBUG] [mixin/]: Instancing new MixinPlatformAgentDefault for SecureJarResource(cumulus_menus)
[31Mar2025 02:08:21.828] [main/DEBUG] [mixin/]: MixinPlatformAgentDefault accepted container SecureJarResource(cumulus_menus)
[31Mar2025 02:08:21.828] [main/DEBUG] [mixin/]: Processing prepare() for PlatformAgent[MixinPlatformAgentDefault:SecureJarResource(cumulus_menus)]
[31Mar2025 02:08:21.828] [main/DEBUG] [mixin/]: Registering mixin config: cumulus_menus.mixins.json
[31Mar2025 02:08:21.832] [main/DEBUG] [mixin/]: Adding mixin platform agents for container SecureJarResource(architectury)
[31Mar2025 02:08:21.832] [main/DEBUG] [mixin/]: Instancing new MixinPlatformAgentMinecraftForge for SecureJarResource(architectury)
[31Mar2025 02:08:21.832] [main/DEBUG] [mixin/]: MixinPlatformAgentMinecraftForge rejected container SecureJarResource(architectury)
[31Mar2025 02:08:21.832] [main/DEBUG] [mixin/]: Instancing new MixinPlatformAgentDefault for SecureJarResource(architectury)
[31Mar2025 02:08:21.832] [main/DEBUG] [mixin/]: MixinPlatformAgentDefault accepted container SecureJarResource(architectury)
[31Mar2025 02:08:21.832] [main/DEBUG] [mixin/]: Processing prepare() for PlatformAgent[MixinPlatformAgentDefault:SecureJarResource(architectury)]
[31Mar2025 02:08:21.832] [main/DEBUG] [mixin/]: Registering mixin config: architectury.mixins.json
[31Mar2025 02:08:21.835] [main/DEBUG] [mixin/]: Compatibility level JAVA_16 specified by architectury.mixins.json is higher than the maximum level supported by this version of mixin (JAVA_13).
[31Mar2025 02:08:21.837] [main/DEBUG] [mixin/]: Registering mixin config: architectury-common.mixins.json
[31Mar2025 02:08:21.838] [main/DEBUG] [mixin/]: Compatibility level JAVA_16 specified by architectury-common.mixins.json is higher than the maximum level supported by this version of mixin (JAVA_13).
[31Mar2025 02:08:21.839] [main/DEBUG] [mixin/]: Adding mixin platform agents for container SecureJarResource(mca)
[31Mar2025 02:08:21.839] [main/DEBUG] [mixin/]: Instancing new MixinPlatformAgentMinecraftForge for SecureJarResource(mca)
[31Mar2025 02:08:21.839] [main/DEBUG] [mixin/]: MixinPlatformAgentMinecraftForge rejected container SecureJarResource(mca)
[31Mar2025 02:08:21.840] [main/DEBUG] [mixin/]: Instancing new MixinPlatformAgentDefault for SecureJarResource(mca)
[31Mar2025 02:08:21.840] [main/DEBUG] [mixin/]: MixinPlatformAgentDefault accepted container SecureJarResource(mca)
[31Mar2025 02:08:21.840] [main/DEBUG] [mixin/]: Processing prepare() for PlatformAgent[MixinPlatformAgentDefault:SecureJarResource(mca)]
[31Mar2025 02:08:21.840] [main/DEBUG] [mixin/]: Registering mixin config: forge-mca.mixin.json
[31Mar2025 02:08:21.843] [main/DEBUG] [mixin/]: Adding mixin platform agents for container SecureJarResource(puzzleslib)
[31Mar2025 02:08:21.843] [main/DEBUG] [mixin/]: Instancing new MixinPlatformAgentMinecraftForge for SecureJarResource(puzzleslib)
[31Mar2025 02:08:21.843] [main/DEBUG] [mixin/]: MixinPlatformAgentMinecraftForge rejected container SecureJarResource(puzzleslib)
[31Mar2025 02:08:21.843] [main/DEBUG] [mixin/]: Instancing new MixinPlatformAgentDefault for SecureJarResource(puzzleslib)
[31Mar2025 02:08:21.843] [main/DEBUG] [mixin/]: MixinPlatformAgentDefault accepted container SecureJarResource(puzzleslib)
[31Mar2025 02:08:21.843] [main/DEBUG] [mixin/]: Processing prepare() for PlatformAgent[MixinPlatformAgentDefault:SecureJarResource(puzzleslib)]
[31Mar2025 02:08:21.843] [main/DEBUG] [mixin/]: Registering mixin config: puzzleslib.common.mixins.json
[31Mar2025 02:08:21.846] [main/DEBUG] [mixin/]: Registering mixin config: puzzleslib.forge.mixins.json
[31Mar2025 02:08:21.848] [main/DEBUG] [mixin/]: Adding mixin platform agents for container SecureJarResource(justzoom)
[31Mar2025 02:08:21.849] [main/DEBUG] [mixin/]: Instancing new MixinPlatformAgentMinecraftForge for SecureJarResource(justzoom)
[31Mar2025 02:08:21.849] [main/DEBUG] [mixin/]: MixinPlatformAgentMinecraftForge rejected container SecureJarResource(justzoom)
[31Mar2025 02:08:21.849] [main/DEBUG] [mixin/]: Instancing new MixinPlatformAgentDefault for SecureJarResource(justzoom)
[31Mar2025 02:08:21.849] [main/DEBUG] [mixin/]: MixinPlatformAgentDefault accepted container SecureJarResource(justzoom)
[31Mar2025 02:08:21.849] [main/DEBUG] [mixin/]: Processing prepare() for PlatformAgent[MixinPlatformAgentDefault:SecureJarResource(justzoom)]
[31Mar2025 02:08:21.849] [main/DEBUG] [mixin/]: Registering mixin config: justzoom.mixins.json
[31Mar2025 02:08:21.850] [main/DEBUG] [mixin/]: Registering mixin config: justzoom.forge.mixins.json
[31Mar2025 02:08:21.852] [main/DEBUG] [mixin/]: Adding mixin platform agents for container SecureJarResource(nitrogen_internals)
[31Mar2025 02:08:21.852] [main/DEBUG] [mixin/]: Instancing new MixinPlatformAgentMinecraftForge for SecureJarResource(nitrogen_internals)
[31Mar2025 02:08:21.852] [main/DEBUG] [mixin/]: MixinPlatformAgentMinecraftForge rejected container SecureJarResource(nitrogen_internals)
[31Mar2025 02:08:21.853] [main/DEBUG] [mixin/]: Instancing new MixinPlatformAgentDefault for SecureJarResource(nitrogen_internals)
[31Mar2025 02:08:21.853] [main/DEBUG] [mixin/]: MixinPlatformAgentDefault accepted container SecureJarResource(nitrogen_internals)
[31Mar2025 02:08:21.853] [main/DEBUG] [mixin/]: Processing prepare() for PlatformAgent[MixinPlatformAgentDefault:SecureJarResource(nitrogen_internals)]
[31Mar2025 02:08:21.853] [main/DEBUG] [mixin/]: Registering mixin config: nitrogen_internals.mixins.json
[31Mar2025 02:08:21.854] [main/DEBUG] [mixin/]: Adding mixin platform agents for container SecureJarResource(celestisynth)
[31Mar2025 02:08:21.854] [main/DEBUG] [mixin/]: Instancing new MixinPlatformAgentMinecraftForge for SecureJarResource(celestisynth)
[31Mar2025 02:08:21.854] [main/DEBUG] [mixin/]: MixinPlatformAgentMinecraftForge rejected container SecureJarResource(celestisynth)
[31Mar2025 02:08:21.854] [main/DEBUG] [mixin/]: Instancing new MixinPlatformAgentDefault for SecureJarResource(celestisynth)
[31Mar2025 02:08:21.855] [main/DEBUG] [mixin/]: MixinPlatformAgentDefault accepted container SecureJarResource(celestisynth)
[31Mar2025 02:08:21.855] [main/DEBUG] [mixin/]: Processing prepare() for PlatformAgent[MixinPlatformAgentDefault:SecureJarResource(celestisynth)]
[31Mar2025 02:08:21.855] [main/DEBUG] [mixin/]: Registering mixin config: celestisynth.mixins.json
[31Mar2025 02:08:21.856] [main/ERROR] [mixin/]: Mixin config celestisynth.mixins.json does not specify "minVersion" property
[31Mar2025 02:08:21.856] [main/DEBUG] [mixin/]: Adding mixin platform agents for container SecureJarResource(expandability)
[31Mar2025 02:08:21.856] [main/DEBUG] [mixin/]: Instancing new MixinPlatformAgentMinecraftForge for SecureJarResource(expandability)
[31Mar2025 02:08:21.857] [main/DEBUG] [mixin/]: MixinPlatformAgentMinecraftForge rejected container SecureJarResource(expandability)
[31Mar2025 02:08:21.857] [main/DEBUG] [mixin/]: Instancing new MixinPlatformAgentDefault for SecureJarResource(expandability)
[31Mar2025 02:08:21.857] [main/DEBUG] [mixin/]: MixinPlatformAgentDefault accepted container SecureJarResource(expandability)
[31Mar2025 02:08:21.857] [main/DEBUG] [mixin/]: Processing prepare() for PlatformAgent[MixinPlatformAgentDefault:SecureJarResource(expandability)]
[31Mar2025 02:08:21.857] [main/DEBUG] [mixin/]: Registering mixin config: expandability.mixins.json
[31Mar2025 02:08:21.859] [main/DEBUG] [mixin/]: Registering mixin config: expandability-common.mixins.json
[31Mar2025 02:08:21.860] [main/DEBUG] [mixin/]: Adding mixin platform agents for container SecureJarResource(chiselsandbits)
[31Mar2025 02:08:21.860] [main/DEBUG] [mixin/]: Instancing new MixinPlatformAgentMinecraftForge for SecureJarResource(chiselsandbits)
[31Mar2025 02:08:21.860] [main/DEBUG] [mixin/]: MixinPlatformAgentMinecraftForge rejected container SecureJarResource(chiselsandbits)
[31Mar2025 02:08:21.860] [main/DEBUG] [mixin/]: Instancing new MixinPlatformAgentDefault for SecureJarResource(chiselsandbits)
[31Mar2025 02:08:21.860] [main/DEBUG] [mixin/]: MixinPlatformAgentDefault accepted container SecureJarResource(chiselsandbits)
[31Mar2025 02:08:21.860] [main/DEBUG] [mixin/]: Processing prepare() for PlatformAgent[MixinPlatformAgentDefault:SecureJarResource(chiselsandbits)]
[31Mar2025 02:08:21.860] [main/DEBUG] [mixin/]: Registering mixin config: chisels-and-bits.mixins.json
[31Mar2025 02:08:21.863] [main/DEBUG] [mixin/]: Adding mixin platform agents for container SecureJarResource(ad_astra)
[31Mar2025 02:08:21.863] [main/DEBUG] [mixin/]: Instancing new MixinPlatformAgentMinecraftForge for SecureJarResource(ad_astra)
[31Mar2025 02:08:21.863] [main/DEBUG] [mixin/]: MixinPlatformAgentMinecraftForge rejected container SecureJarResource(ad_astra)
[31Mar2025 02:08:21.863] [main/DEBUG] [mixin/]: Instancing new MixinPlatformAgentDefault for SecureJarResource(ad_astra)
[31Mar2025 02:08:21.863] [main/DEBUG] [mixin/]: MixinPlatformAgentDefault accepted container SecureJarResource(ad_astra)
[31Mar2025 02:08:21.863] [main/DEBUG] [mixin/]: Processing prepare() for PlatformAgent[MixinPlatformAgentDefault:SecureJarResource(ad_astra)]
[31Mar2025 02:08:21.863] [main/DEBUG] [mixin/]: Registering mixin config: ad_astra-common.mixins.json
[31Mar2025 02:08:21.865] [main/DEBUG] [mixin/]: Registering mixin config: ad_astra.mixins.json
[31Mar2025 02:08:21.867] [main/DEBUG] [mixin/]: Adding mixin platform agents for container SecureJarResource(saecularia_caudices)
[31Mar2025 02:08:21.867] [main/DEBUG] [mixin/]: Instancing new MixinPlatformAgentMinecraftForge for SecureJarResource(saecularia_caudices)
[31Mar2025 02:08:21.867] [main/DEBUG] [mixin/]: MixinPlatformAgentMinecraftForge rejected container SecureJarResource(saecularia_caudices)
[31Mar2025 02:08:21.867] [main/DEBUG] [mixin/]: Instancing new MixinPlatformAgentDefault for SecureJarResource(saecularia_caudices)
[31Mar2025 02:08:21.867] [main/DEBUG] [mixin/]: MixinPlatformAgentDefault accepted container SecureJarResource(saecularia_caudices)
[31Mar2025 02:08:21.867] [main/DEBUG] [mixin/]: Processing prepare() for PlatformAgent[MixinPlatformAgentDefault:SecureJarResource(saecularia_caudices)]
[31Mar2025 02:08:21.867] [main/DEBUG] [mixin/]: Adding mixin platform agents for container SecureJarResource(mclib)
[31Mar2025 02:08:21.867] [main/DEBUG] [mixin/]: Instancing new MixinPlatformAgentMinecraftForge for SecureJarResource(mclib)
[31Mar2025 02:08:21.867] [main/DEBUG] [mixin/]: MixinPlatformAgentMinecraftForge rejected container SecureJarResource(mclib)
[31Mar2025 02:08:21.867] [main/DEBUG] [mixin/]: Instancing new MixinPlatformAgentDefault for SecureJarResource(mclib)
[31Mar2025 02:08:21.867] [main/DEBUG] [mixin/]: MixinPlatformAgentDefault accepted container SecureJarResource(mclib)
[31Mar2025 02:08:21.867] [main/DEBUG] [mixin/]: Processing prepare() for PlatformAgent[MixinPlatformAgentDefault:SecureJarResource(mclib)]
[31Mar2025 02:08:21.867] [main/DEBUG] [mixin/]: Adding mixin platform agents for container SecureJarResource(org.lz4.pure.java)
[31Mar2025 02:08:21.867] [main/DEBUG] [mixin/]: Instancing new MixinPlatformAgentMinecraftForge for SecureJarResource(org.lz4.pure.java)
[31Mar2025 02:08:21.867] [main/DEBUG] [mixin/]: MixinPlatformAgentMinecraftForge rejected container SecureJarResource(org.lz4.pure.java)
[31Mar2025 02:08:21.867] [main/DEBUG] [mixin/]: Instancing new MixinPlatformAgentDefault for SecureJarResource(org.lz4.pure.java)
[31Mar2025 02:08:21.867] [main/DEBUG] [mixin/]: MixinPlatformAgentDefault accepted container SecureJarResource(org.lz4.pure.java)
[31Mar2025 02:08:21.867] [main/DEBUG] [mixin/]: Processing prepare() for PlatformAgent[MixinPlatformAgentDefault:SecureJarResource(org.lz4.pure.java)]
[31Mar2025 02:08:21.867] [main/DEBUG] [mixin/]: Adding mixin platform agents for container SecureJarResource(bytecodecs)
[31Mar2025 02:08:21.867] [main/DEBUG] [mixin/]: Instancing new MixinPlatformAgentMinecraftForge for SecureJarResource(bytecodecs)
[31Mar2025 02:08:21.867] [main/DEBUG] [mixin/]: MixinPlatformAgentMinecraftForge rejected container SecureJarResource(bytecodecs)
[31Mar2025 02:08:21.867] [main/DEBUG] [mixin/]: Instancing new MixinPlatformAgentDefault for SecureJarResource(bytecodecs)
[31Mar2025 02:08:21.867] [main/DEBUG] [mixin/]: MixinPlatformAgentDefault accepted container SecureJarResource(bytecodecs)
[31Mar2025 02:08:21.867] [main/DEBUG] [mixin/]: Processing prepare() for PlatformAgent[MixinPlatformAgentDefault:SecureJarResource(bytecodecs)]
[31Mar2025 02:08:21.868] [main/DEBUG] [mixin/]: Adding mixin platform agents for container SecureJarResource(BiggerStacksConfigLib)
[31Mar2025 02:08:21.868] [main/DEBUG] [mixin/]: Instancing new MixinPlatformAgentMinecraftForge for SecureJarResource(BiggerStacksConfigLib)
[31Mar2025 02:08:21.868] [main/DEBUG] [mixin/]: MixinPlatformAgentMinecraftForge rejected container SecureJarResource(BiggerStacksConfigLib)
[31Mar2025 02:08:21.868] [main/DEBUG] [mixin/]: Instancing new MixinPlatformAgentDefault for SecureJarResource(BiggerStacksConfigLib)
[31Mar2025 02:08:21.868] [main/DEBUG] [mixin/]: MixinPlatformAgentDefault accepted container SecureJarResource(BiggerStacksConfigLib)
[31Mar2025 02:08:21.868] [main/DEBUG] [mixin/]: Processing prepare() for PlatformAgent[MixinPlatformAgentDefault:SecureJarResource(BiggerStacksConfigLib)]
[31Mar2025 02:08:21.868] [main/DEBUG] [mixin/]: Adding mixin platform agents for container SecureJarResource(xstream)
[31Mar2025 02:08:21.868] [main/DEBUG] [mixin/]: Instancing new MixinPlatformAgentMinecraftForge for SecureJarResource(xstream)
[31Mar2025 02:08:21.868] [main/DEBUG] [mixin/]: MixinPlatformAgentMinecraftForge rejected container SecureJarResource(xstream)
[31Mar2025 02:08:21.868] [main/DEBUG] [mixin/]: Instancing new MixinPlatformAgentDefault for SecureJarResource(xstream)
[31Mar2025 02:08:21.868] [main/DEBUG] [mixin/]: MixinPlatformAgentDefault accepted container SecureJarResource(xstream)
[31Mar2025 02:08:21.868] [main/DEBUG] [mixin/]: Processing prepare() for PlatformAgent[MixinPlatformAgentDefault:SecureJarResource(xstream)]
[31Mar2025 02:08:21.868] [main/DEBUG] [mixin/]: Adding mixin platform agents for container SecureJarResource(BiggerStacksTransformerLib)
[31Mar2025 02:08:21.868] [main/DEBUG] [mixin/]: Instancing new MixinPlatformAgentMinecraftForge for SecureJarResource(BiggerStacksTransformerLib)
[31Mar2025 02:08:21.868] [main/DEBUG] [mixin/]: MixinPlatformAgentMinecraftForge rejected container SecureJarResource(BiggerStacksTransformerLib)
[31Mar2025 02:08:21.868] [main/DEBUG] [mixin/]: Instancing new MixinPlatformAgentDefault for SecureJarResource(BiggerStacksTransformerLib)
[31Mar2025 02:08:21.868] [main/DEBUG] [mixin/]: MixinPlatformAgentDefault accepted container SecureJarResource(BiggerStacksTransformerLib)
[31Mar2025 02:08:21.868] [main/DEBUG] [mixin/]: Processing prepare() for PlatformAgent[MixinPlatformAgentDefault:SecureJarResource(BiggerStacksTransformerLib)]
[31Mar2025 02:08:21.868] [main/DEBUG] [mixin/]: Adding mixin platform agents for container SecureJarResource(yabn)
[31Mar2025 02:08:21.868] [main/DEBUG] [mixin/]: Instancing new MixinPlatformAgentMinecraftForge for SecureJarResource(yabn)
[31Mar2025 02:08:21.868] [main/DEBUG] [mixin/]: MixinPlatformAgentMinecraftForge rejected container SecureJarResource(yabn)
[31Mar2025 02:08:21.868] [main/DEBUG] [mixin/]: Instancing new MixinPlatformAgentDefault for SecureJarResource(yabn)
[31Mar2025 02:08:21.868] [main/DEBUG] [mixin/]: MixinPlatformAgentDefault accepted container SecureJarResource(yabn)
[31Mar2025 02:08:21.868] [main/DEBUG] [mixin/]: Processing prepare() for PlatformAgent[MixinPlatformAgentDefault:SecureJarResource(yabn)]
[31Mar2025 02:08:21.868] [main/DEBUG] [mixin/]: Adding mixin platform agents for container SecureJarResource(SimpleLoggerWrapper)
[31Mar2025 02:08:21.868] [main/DEBUG] [mixin/]: Instancing new MixinPlatformAgentMinecraftForge for SecureJarResource(SimpleLoggerWrapper)
[31Mar2025 02:08:21.868] [main/DEBUG] [mixin/]: MixinPlatformAgentMinecraftForge rejected container SecureJarResource(SimpleLoggerWrapper)
[31Mar2025 02:08:21.868] [main/DEBUG] [mixin/]: Instancing new MixinPlatformAgentDefault for SecureJarResource(SimpleLoggerWrapper)
[31Mar2025 02:08:21.868] [main/DEBUG] [mixin/]: MixinPlatformAgentDefault accepted container SecureJarResource(SimpleLoggerWrapper)
[31Mar2025 02:08:21.868] [main/DEBUG] [mixin/]: Processing prepare() for PlatformAgent[MixinPlatformAgentDefault:SecureJarResource(SimpleLoggerWrapper)]
[31Mar2025 02:08:21.868] [main/DEBUG] [mixin/]: Adding mixin platform agents for container SecureJarResource(MixinExtras)
[31Mar2025 02:08:21.868] [main/DEBUG] [mixin/]: Instancing new MixinPlatformAgentMinecraftForge for SecureJarResource(MixinExtras)
[31Mar2025 02:08:21.868] [main/DEBUG] [mixin/]: MixinPlatformAgentMinecraftForge rejected container SecureJarResource(MixinExtras)
[31Mar2025 02:08:21.868] [main/DEBUG] [mixin/]: Instancing new MixinPlatformAgentDefault for SecureJarResource(MixinExtras)
[31Mar2025 02:08:21.868] [main/DEBUG] [mixin/]: MixinPlatformAgentDefault accepted container SecureJarResource(MixinExtras)
[31Mar2025 02:08:21.868] [main/DEBUG] [mixin/]: Processing prepare() for PlatformAgent[MixinPlatformAgentDefault:SecureJarResource(MixinExtras)]
[31Mar2025 02:08:21.869] [main/DEBUG] [mixin/]: inject() running with 64 agents
[31Mar2025 02:08:21.869] [main/DEBUG] [mixin/]: Processing inject() for PlatformAgent[MixinPlatformAgentDefault:ModLauncher Root Container(ModLauncher:4f56a0a2)]
[31Mar2025 02:08:21.869] [main/DEBUG] [mixin/]: Processing inject() for PlatformAgent[MixinPlatformAgentDefault:SecureJarResource(cyclopscore)]
[31Mar2025 02:08:21.869] [main/DEBUG] [mixin/]: Processing inject() for PlatformAgent[MixinPlatformAgentDefault:SecureJarResource(animation_overhaul)]
[31Mar2025 02:08:21.869] [main/DEBUG] [mixin/]: Processing inject() for PlatformAgent[MixinPlatformAgentDefault:SecureJarResource(mutantmonsters)]
[31Mar2025 02:08:21.869] [main/DEBUG] [mixin/]: Processing inject() for PlatformAgent[MixinPlatformAgentDefault:SecureJarResource(geckolib)]
[31Mar2025 02:08:21.869] [main/DEBUG] [mixin/]: Processing inject() for PlatformAgent[MixinPlatformAgentDefault:SecureJarResource(scena)]
[31Mar2025 02:08:21.869] [main/DEBUG] [mixin/]: Processing inject() for PlatformAgent[MixinPlatformAgentDefault:SecureJarResource(mss)]
[31Mar2025 02:08:21.869] [main/DEBUG] [mixin/]: Processing inject() for PlatformAgent[MixinPlatformAgentDefault:SecureJarResource(botarium)]
[31Mar2025 02:08:21.869] [main/DEBUG] [mixin/]: Processing inject() for PlatformAgent[MixinPlatformAgentDefault:SecureJarResource(playeranimator)]
[31Mar2025 02:08:21.869] [main/DEBUG] [mixin/]: Processing inject() for PlatformAgent[MixinPlatformAgentDefault:SecureJarResource(aether)]
[31Mar2025 02:08:21.869] [main/DEBUG] [mixin/]: Processing inject() for PlatformAgent[MixinPlatformAgentDefault:SecureJarResource(jei)]
[31Mar2025 02:08:21.869] [main/DEBUG] [mixin/]: Processing inject() for PlatformAgent[MixinPlatformAgentDefault:SecureJarResource(incendium)]
[31Mar2025 02:08:21.869] [main/DEBUG] [mixin/]: Processing inject() for PlatformAgent[MixinPlatformAgentDefault:SecureJarResource(fabledweaponry)]
[31Mar2025 02:08:21.869] [main/DEBUG] [mixin/]: Processing inject() for PlatformAgent[MixinPlatformAgentDefault:SecureJarResource(journeymap)]
[31Mar2025 02:08:21.869] [main/DEBUG] [mixin/]: Processing inject() for PlatformAgent[MixinPlatformAgentDefault:SecureJarResource(citadel)]
[31Mar2025 02:08:21.869] [main/DEBUG] [mixin/]: Processing inject() for PlatformAgent[MixinPlatformAgentDefault:SecureJarResource(alexsmobs)]
[31Mar2025 02:08:21.869] [main/DEBUG] [mixin/]: Processing inject() for PlatformAgent[MixinPlatformAgentDefault:SecureJarResource(travelersbackpack)]
[31Mar2025 02:08:21.869] [main/DEBUG] [mixin/]: Processing inject() for PlatformAgent[MixinPlatformAgentDefault:SecureJarResource(artifacts)]
[31Mar2025 02:08:21.869] [main/DEBUG] [mixin/]: Processing inject() for PlatformAgent[MixinPlatformAgentDefault:SecureJarResource(evilcraft)]
[31Mar2025 02:08:21.870] [main/DEBUG] [mixin/]: Processing inject() for PlatformAgent[MixinPlatformAgentDefault:SecureJarResource(mixinextras)]
[31Mar2025 02:08:21.870] [main/DEBUG] [mixin/]: Processing inject() for PlatformAgent[MixinPlatformAgentDefault:SecureJarResource(oreharvester)]
[31Mar2025 02:08:21.870] [main/DEBUG] [mixin/]: Processing inject() for PlatformAgent[MixinPlatformAgentDefault:SecureJarResource(terralith)]
[31Mar2025 02:08:21.870] [main/DEBUG] [mixin/]: Processing inject() for PlatformAgent[MixinPlatformAgentDefault:SecureJarResource(biggerstacks)]
[31Mar2025 02:08:21.870] [main/DEBUG] [mixin/]: Processing inject() for PlatformAgent[MixinPlatformAgentDefault:SecureJarResource(mythicmounts)]
[31Mar2025 02:08:21.870] [main/DEBUG] [mixin/]: Processing inject() for PlatformAgent[MixinPlatformAgentDefault:SecureJarResource(puzzlesaccessapi)]
[31Mar2025 02:08:21.870] [main/DEBUG] [mixin/]: Processing inject() for PlatformAgent[MixinPlatformAgentDefault:SecureJarResource(cloth_config)]
[31Mar2025 02:08:21.870] [main/DEBUG] [mixin/]: Processing inject() for PlatformAgent[MixinPlatformAgentDefault:SecureJarResource(forge)]
[31Mar2025 02:08:21.870] [main/DEBUG] [mixin/]: Processing inject() for PlatformAgent[MixinPlatformAgentDefault:SecureJarResource(pfm)]
[31Mar2025 02:08:21.870] [main/DEBUG] [mixin/]: Processing inject() for PlatformAgent[MixinPlatformAgentDefault:SecureJarResource(twilightforest)]
[31Mar2025 02:08:21.870] [main/DEBUG] [mixin/]: Processing inject() for PlatformAgent[MixinPlatformAgentDefault:SecureJarResource(konkrete)]
[31Mar2025 02:08:21.870] [main/DEBUG] [mixin/]: Processing inject() for PlatformAgent[MixinPlatformAgentDefault:SecureJarResource(emotecraft)]
[31Mar2025 02:08:21.870] [main/DEBUG] [mixin/]: Processing inject() for PlatformAgent[MixinPlatformAgentDefault:SecureJarResource(useless_sword)]
[31Mar2025 02:08:21.870] [main/DEBUG] [mixin/]: Processing inject() for PlatformAgent[MixinPlatformAgentDefault:SecureJarResource(minecraft)]
[31Mar2025 02:08:21.870] [main/DEBUG] [mixin/]: Processing inject() for PlatformAgent[MixinPlatformAgentDefault:SecureJarResource(necronomicon)]
[31Mar2025 02:08:21.870] [main/DEBUG] [mixin/]: Processing inject() for PlatformAgent[MixinPlatformAgentDefault:SecureJarResource(jade)]
[31Mar2025 02:08:21.870] [main/DEBUG] [mixin/]: Processing inject() for PlatformAgent[MixinPlatformAgentDefault:SecureJarResource(ironfurnaces)]
[31Mar2025 02:08:21.870] [main/DEBUG] [mixin/]: Processing inject() for PlatformAgent[MixinPlatformAgentDefault:SecureJarResource(resourcefulconfig)]
[31Mar2025 02:08:21.870] [main/DEBUG] [mixin/]: Processing inject() for PlatformAgent[MixinPlatformAgentDefault:SecureJarResource(curios)]
[31Mar2025 02:08:21.871] [main/DEBUG] [mixin/]: Processing inject() for PlatformAgent[MixinPlatformAgentDefault:SecureJarResource(patchouli)]
[31Mar2025 02:08:21.871] [main/DEBUG] [mixin/]: Processing inject() for PlatformAgent[MixinPlatformAgentDefault:SecureJarResource(gravestone)]
[31Mar2025 02:08:21.871] [main/DEBUG] [mixin/]: Processing inject() for PlatformAgent[MixinPlatformAgentDefault:SecureJarResource(collective)]
[31Mar2025 02:08:21.871] [main/DEBUG] [mixin/]: Processing inject() for PlatformAgent[MixinPlatformAgentDefault:SecureJarResource(mr_dungeons_andtaverns)]
[31Mar2025 02:08:21.871] [main/DEBUG] [mixin/]: Processing inject() for PlatformAgent[MixinPlatformAgentDefault:SecureJarResource(inventoryhud)]
[31Mar2025 02:08:21.871] [main/DEBUG] [mixin/]: Processing inject() for PlatformAgent[MixinPlatformAgentDefault:SecureJarResource(resourcefullib)]
[31Mar2025 02:08:21.871] [main/DEBUG] [mixin/]: Processing inject() for PlatformAgent[MixinPlatformAgentDefault:SecureJarResource(cumulus_menus)]
[31Mar2025 02:08:21.871] [main/DEBUG] [mixin/]: Processing inject() for PlatformAgent[MixinPlatformAgentDefault:SecureJarResource(architectury)]
[31Mar2025 02:08:21.871] [main/DEBUG] [mixin/]: Processing inject() for PlatformAgent[MixinPlatformAgentDefault:SecureJarResource(mca)]
[31Mar2025 02:08:21.871] [main/DEBUG] [mixin/]: Processing inject() for PlatformAgent[MixinPlatformAgentDefault:SecureJarResource(puzzleslib)]
[31Mar2025 02:08:21.871] [main/DEBUG] [mixin/]: Processing inject() for PlatformAgent[MixinPlatformAgentDefault:SecureJarResource(justzoom)]
[31Mar2025 02:08:21.871] [main/DEBUG] [mixin/]: Processing inject() for PlatformAgent[MixinPlatformAgentDefault:SecureJarResource(nitrogen_internals)]
[31Mar2025 02:08:21.871] [main/DEBUG] [mixin/]: Processing inject() for PlatformAgent[MixinPlatformAgentDefault:SecureJarResource(celestisynth)]
[31Mar2025 02:08:21.871] [main/DEBUG] [mixin/]: Processing inject() for PlatformAgent[MixinPlatformAgentDefault:SecureJarResource(expandability)]
[31Mar2025 02:08:21.871] [main/DEBUG] [mixin/]: Processing inject() for PlatformAgent[MixinPlatformAgentDefault:SecureJarResource(chiselsandbits)]
[31Mar2025 02:08:21.871] [main/DEBUG] [mixin/]: Processing inject() for PlatformAgent[MixinPlatformAgentDefault:SecureJarResource(ad_astra)]
[31Mar2025 02:08:21.871] [main/DEBUG] [mixin/]: Processing inject() for PlatformAgent[MixinPlatformAgentDefault:SecureJarResource(saecularia_caudices)]
[31Mar2025 02:08:21.871] [main/DEBUG] [mixin/]: Processing inject() for PlatformAgent[MixinPlatformAgentDefault:SecureJarResource(mclib)]
[31Mar2025 02:08:21.871] [main/DEBUG] [mixin/]: Processing inject() for PlatformAgent[MixinPlatformAgentDefault:SecureJarResource(org.lz4.pure.java)]
[31Mar2025 02:08:21.872] [main/DEBUG] [mixin/]: Processing inject() for PlatformAgent[MixinPlatformAgentDefault:SecureJarResource(bytecodecs)]
[31Mar2025 02:08:21.872] [main/DEBUG] [mixin/]: Processing inject() for PlatformAgent[MixinPlatformAgentDefault:SecureJarResource(BiggerStacksConfigLib)]
[31Mar2025 02:08:21.872] [main/DEBUG] [mixin/]: Processing inject() for PlatformAgent[MixinPlatformAgentDefault:SecureJarResource(xstream)]
[31Mar2025 02:08:21.872] [main/DEBUG] [mixin/]: Processing inject() for PlatformAgent[MixinPlatformAgentDefault:SecureJarResource(BiggerStacksTransformerLib)]
[31Mar2025 02:08:21.872] [main/DEBUG] [mixin/]: Processing inject() for PlatformAgent[MixinPlatformAgentDefault:SecureJarResource(yabn)]
[31Mar2025 02:08:21.872] [main/DEBUG] [mixin/]: Processing inject() for PlatformAgent[MixinPlatformAgentDefault:SecureJarResource(SimpleLoggerWrapper)]
[31Mar2025 02:08:21.872] [main/DEBUG] [mixin/]: Processing inject() for PlatformAgent[MixinPlatformAgentDefault:SecureJarResource(MixinExtras)]
[31Mar2025 02:08:21.872] [main/INFO] [cpw.mods.modlauncher.LaunchServiceHandler/MODLAUNCHER]: Launching target 'forgeserver' with arguments [nogui]
[31Mar2025 02:08:21.905] [main/DEBUG] [mixin/]: Error cleaning class output directory: .mixin.out
[31Mar2025 02:08:21.907] [main/DEBUG] [mixin/]: Preparing mixins for MixinEnvironment[DEFAULT]
[31Mar2025 02:08:21.907] [main/DEBUG] [mixin/]: Selecting config animation_overhaul.mixins.json
[31Mar2025 02:08:21.910] [main/DEBUG] [mixin/]: Selecting config mutantmonsters.common.mixins.json
[31Mar2025 02:08:21.922] [main/DEBUG] [mixin/]: Selecting config geckolib.mixins.json
[31Mar2025 02:08:21.923] [main/DEBUG] [mixin/]: Selecting config scena.mixins.json
[31Mar2025 02:08:21.925] [main/DEBUG] [mixin/]: Selecting config mss-common.mixins.json
[31Mar2025 02:08:21.926] [main/DEBUG] [mixin/]: Selecting config mss-forge.mixins.json
[31Mar2025 02:08:21.928] [main/DEBUG] [mixin/]: Selecting config playerAnimator-common.mixins.json
[31Mar2025 02:08:21.932] [main/DEBUG] [mixin/]: Selecting config aether.mixins.json
[31Mar2025 02:08:21.938] [main/DEBUG] [mixin/]: Selecting config journeymap.mixins.json
[31Mar2025 02:08:21.940] [main/DEBUG] [mixin/]: Selecting config citadel.mixins.json
[31Mar2025 02:08:21.942] [main/DEBUG] [mixin/]: Selecting config mixins.travelersbackpack.json
[31Mar2025 02:08:21.943] [main/DEBUG] [mixin/]: Selecting config mixins.artifacts.common.json
[31Mar2025 02:08:21.945] [main/DEBUG] [mixin/]: Selecting config mixins.artifacts.forge.json
[31Mar2025 02:08:21.946] [main/DEBUG] [mixin/]: Selecting config mixinextras.init.mixins.json
[31Mar2025 02:08:21.993] [main/DEBUG] [MixinExtras|Service/]: com.llamalad7.mixinextras.service.MixinExtrasServiceImpl(version=0.4.1) is taking over from null
[31Mar2025 02:08:22.063] [main/DEBUG] [mixin/]: Registering new injector for @Inject with org.spongepowered.asm.mixin.injection.struct.CallbackInjectionInfo
[31Mar2025 02:08:22.066] [main/DEBUG] [mixin/]: Registering new injector for @ModifyArg with org.spongepowered.asm.mixin.injection.struct.ModifyArgInjectionInfo
[31Mar2025 02:08:22.067] [main/DEBUG] [mixin/]: Registering new injector for @ModifyArgs with org.spongepowered.asm.mixin.injection.struct.ModifyArgsInjectionInfo
[31Mar2025 02:08:22.070] [main/DEBUG] [mixin/]: Registering new injector for @Redirect with org.spongepowered.asm.mixin.injection.struct.RedirectInjectionInfo
[31Mar2025 02:08:22.071] [main/DEBUG] [mixin/]: Registering new injector for @ModifyVariable with org.spongepowered.asm.mixin.injection.struct.ModifyVariableInjectionInfo
[31Mar2025 02:08:22.072] [main/DEBUG] [mixin/]: Registering new injector for @ModifyConstant with org.spongepowered.asm.mixin.injection.struct.ModifyConstantInjectionInfo
[31Mar2025 02:08:22.088] [main/DEBUG] [mixin/]: Selecting config oreharvester_forge.mixins.json
[31Mar2025 02:08:22.093] [main/DEBUG] [mixin/]: Selecting config biggerstacks.mixins.json
[31Mar2025 02:08:22.592] [main/DEBUG] [portb.transformerlib.TransformerLib/]: Loading transformers
[31Mar2025 02:08:22.621] [main/INFO] [portb.transformerlib.TransformerLib/]: Loaded transformer transformers/vanilla.xml
[31Mar2025 02:08:22.623] [main/INFO] [portb.transformerlib.TransformerLib/]: Loaded transformer transformers/gregtechmodernce.xml
[31Mar2025 02:08:22.629] [main/INFO] [portb.transformerlib.TransformerLib/]: Loaded transformer transformers/assortedstorage.xml
[31Mar2025 02:08:22.635] [main/INFO] [portb.transformerlib.TransformerLib/]: Loaded transformer transformers/refinedstorage.xml
[31Mar2025 02:08:22.638] [main/INFO] [portb.transformerlib.TransformerLib/]: Loaded transformer transformers/ic2.xml
[31Mar2025 02:08:22.639] [main/INFO] [portb.transformerlib.TransformerLib/]: Loaded transformer transformers/computercraft.xml
[31Mar2025 02:08:22.642] [main/INFO] [portb.transformerlib.TransformerLib/]: Loaded transformer transformers/mekanism.xml
[31Mar2025 02:08:22.648] [main/INFO] [portb.transformerlib.TransformerLib/]: Loaded transformer transformers/ironfurnaces.xml
[31Mar2025 02:08:22.654] [main/DEBUG] [mixin/]: Selecting config puzzlesaccessapi.common.mixins.json
[31Mar2025 02:08:22.656] [main/WARN] [mixin/]: Reference map 'puzzlesaccessapi.common.refmap.json' for puzzlesaccessapi.common.mixins.json could not be read. If this is a development environment you can ignore this message
[31Mar2025 02:08:22.656] [main/DEBUG] [mixin/]: Selecting config puzzlesaccessapi.forge.mixins.json
[31Mar2025 02:08:22.658] [main/DEBUG] [mixin/]: Selecting config pfm-common.mixins.json
[31Mar2025 02:08:22.661] [main/DEBUG] [mixin/]: Selecting config pfm.mixins.json
[31Mar2025 02:08:22.665] [main/DEBUG] [mixin/]: Selecting config konkrete.mixin.json
[31Mar2025 02:08:22.667] [main/DEBUG] [mixin/]: Selecting config emotecraft.mixins.json
[31Mar2025 02:08:22.668] [main/DEBUG] [mixin/]: Selecting config emotecraft-arch.mixins.json
[31Mar2025 02:08:22.672] [main/DEBUG] [mixin/]: Selecting config necronomicon-common.mixins.json
[31Mar2025 02:08:22.673] [main/DEBUG] [mixin/]: Selecting config jade.mixins.json
[31Mar2025 02:08:22.674] [main/DEBUG] [mixin/]: Selecting config curios.mixins.json
[31Mar2025 02:08:22.676] [main/DEBUG] [mixin/]: Selecting config patchouli_xplat.mixins.json
[31Mar2025 02:08:22.677] [main/DEBUG] [mixin/]: Selecting config collective_forge.mixins.json
[31Mar2025 02:08:22.680] [main/DEBUG] [mixin/]: Selecting config cumulus_menus.mixins.json
[31Mar2025 02:08:22.681] [main/DEBUG] [mixin/]: Selecting config architectury.mixins.json
[31Mar2025 02:08:22.686] [main/DEBUG] [mixin/]: Selecting config architectury-common.mixins.json
[31Mar2025 02:08:22.686] [main/DEBUG] [mixin/]: Selecting config forge-mca.mixin.json
[31Mar2025 02:08:22.690] [main/DEBUG] [mixin/]: Selecting config puzzleslib.common.mixins.json
[31Mar2025 02:08:22.718] [main/INFO] [Puzzles Lib/]: Loading 53 mods:
	- ad_astra 1.15.1
	- aether 1.20.1-1.0.0-beta.1.4-neoforge
		|-- cumulus_menus 1.20.1-1.0.0-beta.1-neoforge
		\-- nitrogen_internals 1.20.1-0.1.3-neoforge
	- alexsmobs 1.22.9
	- animation_overhaul 1.3.1
		\-- playeranimator 1.0.2-rc1+1.20
	- architectury 9.2.14
	- artifacts 9.5.14
		\-- expandability 9.0.4
	- biggerstacks 1.20.1-1.0.0
	- botarium 2.3.4
	- celestisynth 1.20.1-1.3.1
	- chiselsandbits 1.4.141
		\-- scena 1.0.102
	- citadel 2.6.1
	- cloth_config 11.1.136
	- collective 7.94
	- curios 5.12.1+1.20.1
	- cyclopscore 1.19.9
	- emotecraft 2.2.7-b.build.50
	- evilcraft 1.2.52
		\-- evilcraftcompat 1.2.52
	- fabledweaponry 1.20.1-1.0.7.5
	- forge 47.3.7
	- geckolib 4.7.1.2
	- gravestone 1.20.1-1.0.24
	- incendium 5.3.5
	- inventoryhud 3.4.26
	- ironfurnaces 4.1.6
	- jade 11.13.1+forge
	- jei 15.20.0.106
	- journeymap 5.10.3
	- justzoom 2.1.1
	- konkrete 1.8.0
	- mca 7.5.14+1.20.1
	- minecraft 1.20.1
	- mr_dungeons_andtaverns 3.0.3.f
	- mss 1.2.7-1.20-forge
	- mutantmonsters 8.0.7
	- mythicmounts 20.1-7.4.2-forge
	- necronomicon 1.6.0
	- oreharvester 1.5
	- patchouli 1.20.1-84.1-FORGE
	- pfm 1.3
	- puzzleslib 8.1.29
		|-- mixinextras 0.4.1
		\-- puzzlesaccessapi 20.1.1
	- resourcefulconfig 2.1.3
	- resourcefullib 2.1.29
	- terralith 2.5.4
	- travelersbackpack 9.1.33
	- twilightforest 4.3.2508
	- useless_sword 1.0.1
[31Mar2025 02:08:22.724] [main/DEBUG] [mixin/]: Selecting config puzzleslib.forge.mixins.json
[31Mar2025 02:08:22.728] [main/DEBUG] [mixin/]: Selecting config justzoom.mixins.json
[31Mar2025 02:08:22.733] [main/DEBUG] [mixin/]: Selecting config justzoom.forge.mixins.json
[31Mar2025 02:08:22.734] [main/DEBUG] [mixin/]: Selecting config nitrogen_internals.mixins.json
[31Mar2025 02:08:22.737] [main/WARN] [mixin/]: Reference map 'nitrogen_internals.refmap.json' for nitrogen_internals.mixins.json could not be read. If this is a development environment you can ignore this message
[31Mar2025 02:08:22.739] [main/DEBUG] [mixin/]: Selecting config celestisynth.mixins.json
[31Mar2025 02:08:22.743] [main/DEBUG] [mixin/]: Selecting config expandability.mixins.json
[31Mar2025 02:08:22.744] [main/DEBUG] [mixin/]: Selecting config expandability-common.mixins.json
[31Mar2025 02:08:22.749] [main/DEBUG] [mixin/]: Selecting config chisels-and-bits.mixins.json
[31Mar2025 02:08:22.753] [main/WARN] [mixin/]: Reference map 'chiselsandbits.refmap.json' for chisels-and-bits.mixins.json could not be read. If this is a development environment you can ignore this message
[31Mar2025 02:08:22.753] [main/DEBUG] [mixin/]: Selecting config ad_astra-common.mixins.json
[31Mar2025 02:08:22.755] [main/DEBUG] [mixin/]: Selecting config ad_astra.mixins.json
[31Mar2025 02:08:22.758] [main/DEBUG] [mixin/]: Preparing animation_overhaul.mixins.json (3)
[31Mar2025 02:08:22.758] [main/DEBUG] [mixin/]: Preparing mutantmonsters.common.mixins.json (2)
[31Mar2025 02:08:22.802] [main/DEBUG] [mixin/]: Preparing geckolib.mixins.json (1)
[31Mar2025 02:08:22.802] [main/DEBUG] [mixin/]: Preparing scena.mixins.json (6)
[31Mar2025 02:08:22.873] [main/DEBUG] [mixin/]: Preparing mss-common.mixins.json (12)
[31Mar2025 02:08:22.931] [main/DEBUG] [net.minecraftforge.coremod.transformer.CoreModBaseTransformer/COREMOD]: Transforming net/minecraft/world/level/levelgen/structure/templatesystem/StructureTemplate
[31Mar2025 02:08:23.363] [main/DEBUG] [mixin/]: Preparing mss-forge.mixins.json (0)
[31Mar2025 02:08:23.363] [main/DEBUG] [mixin/]: Preparing playerAnimator-common.mixins.json (14)
[31Mar2025 02:08:23.363] [main/DEBUG] [mixin/]: Preparing aether.mixins.json (60)
[31Mar2025 02:08:23.465] [main/DEBUG] [net.minecraftforge.coremod.transformer.CoreModBaseTransformer/COREMOD]: Transforming m_41435_ with desc (Lnet/minecraft/world/level/Level;Lnet/minecraft/world/entity/player/Player;Lnet/minecraft/world/level/ClipContext$Fluid;)Lnet/minecraft/world/phys/BlockHitResult;
[31Mar2025 02:08:23.659] [main/DEBUG] [net.minecraftforge.coremod.transformer.CoreModBaseTransformer/COREMOD]: Transforming m_46758_ with desc (Lnet/minecraft/core/BlockPos;)Z
[31Mar2025 02:08:23.737] [main/DEBUG] [mixin/]: Preparing journeymap.mixins.json (3)
[31Mar2025 02:08:23.739] [main/DEBUG] [mixin/]: Preparing citadel.mixins.json (15)
[31Mar2025 02:08:23.781] [main/DEBUG] [mixin/]: Preparing mixins.travelersbackpack.json (1)
[31Mar2025 02:08:23.783] [main/DEBUG] [mixin/]: Preparing mixins.artifacts.common.json (21)
[31Mar2025 02:08:23.804] [main/DEBUG] [net.minecraftforge.coremod.transformer.CoreModBaseTransformer/COREMOD]: Transforming net/minecraft/world/level/NaturalSpawner
[31Mar2025 02:08:23.952] [main/DEBUG] [net.minecraftforge.coremod.transformer.CoreModBaseTransformer/COREMOD]: Transforming net/minecraft/world/entity/npc/Villager
[31Mar2025 02:08:24.157] [main/DEBUG] [mixin/]: Preparing mixins.artifacts.forge.json (3)
[31Mar2025 02:08:24.163] [main/DEBUG] [mixin/]: Preparing mixinextras.init.mixins.json (0)
[31Mar2025 02:08:24.163] [main/DEBUG] [mixin/]: Preparing oreharvester_forge.mixins.json (0)
[31Mar2025 02:08:24.163] [main/DEBUG] [mixin/]: Preparing biggerstacks.mixins.json (12)
[31Mar2025 02:08:24.164] [main/DEBUG] [portb.biggerstacks.TransformerEngine/]: refinedstorage is NOT installed
[31Mar2025 02:08:24.209] [main/DEBUG] [net.minecraftforge.coremod.transformer.CoreModBaseTransformer/COREMOD]: Transforming net/minecraft/world/item/ItemStack
[31Mar2025 02:08:24.255] [main/DEBUG] [mixin/]: Preparing puzzlesaccessapi.common.mixins.json (0)
[31Mar2025 02:08:24.255] [main/DEBUG] [mixin/]: Preparing puzzlesaccessapi.forge.mixins.json (0)
[31Mar2025 02:08:24.255] [main/DEBUG] [mixin/]: Preparing pfm-common.mixins.json (13)
[31Mar2025 02:08:24.272] [main/DEBUG] [portb.transformerlib.TransformerLib/]: Transforming net/minecraft/world/entity/player/Inventory (target of net/minecraft/world/Container)
[31Mar2025 02:08:24.288] [main/DEBUG] [mixin/]: Preparing pfm.mixins.json (11)
[31Mar2025 02:08:24.300] [main/WARN] [mixin/]: Error loading class: vectorwing/farmersdelight/common/block/entity/CookingPotBlockEntity (java.lang.ClassNotFoundException: vectorwing.farmersdelight.common.block.entity.CookingPotBlockEntity)
[31Mar2025 02:08:24.302] [main/DEBUG] [mixin/]: Skipping virtual target vectorwing.farmersdelight.common.block.entity.CookingPotBlockEntity for pfm.mixins.json:PFMCookingPotBlockEntityMixin
[31Mar2025 02:08:24.321] [main/DEBUG] [mixin/]: Preparing konkrete.mixin.json (5)
[31Mar2025 02:08:24.322] [main/DEBUG] [mixin/]: Preparing emotecraft.mixins.json (3)
[31Mar2025 02:08:24.369] [main/DEBUG] [mixin/]: Preparing emotecraft-arch.mixins.json (4)
[31Mar2025 02:08:24.376] [main/DEBUG] [net.minecraftforge.coremod.transformer.CoreModBaseTransformer/COREMOD]: Transforming m_8543_ with desc ()V
[31Mar2025 02:08:24.412] [main/DEBUG] [mixin/]: Preparing necronomicon-common.mixins.json (2)
[31Mar2025 02:08:24.413] [main/DEBUG] [mixin/]: Preparing jade.mixins.json (2)
[31Mar2025 02:08:24.413] [main/DEBUG] [mixin/]: Preparing curios.mixins.json (13)
[31Mar2025 02:08:24.451] [main/DEBUG] [mixin/]: Preparing patchouli_xplat.mixins.json (10)
[31Mar2025 02:08:24.455] [main/DEBUG] [mixin/]: Preparing collective_forge.mixins.json (5)
[31Mar2025 02:08:24.467] [main/DEBUG] [mixin/]: Preparing cumulus_menus.mixins.json (7)
[31Mar2025 02:08:24.467] [main/DEBUG] [mixin/]: Preparing architectury.mixins.json (9)
[31Mar2025 02:08:24.497] [main/DEBUG] [mixin/]: Preparing architectury-common.mixins.json (10)
[31Mar2025 02:08:24.514] [main/DEBUG] [net.minecraftforge.coremod.transformer.CoreModBaseTransformer/COREMOD]: Transforming net/minecraft/world/item/BucketItem
[31Mar2025 02:08:24.528] [main/DEBUG] [net.minecraftforge.coremod.transformer.CoreModBaseTransformer/COREMOD]: Transforming net/minecraft/world/entity/EntityType
[31Mar2025 02:08:24.668] [main/DEBUG] [net.minecraftforge.coremod.transformer.CoreModBaseTransformer/COREMOD]: Transforming net/minecraft/world/level/block/LiquidBlock
[31Mar2025 02:08:24.682] [main/DEBUG] [mixin/]: Preparing forge-mca.mixin.json (30)
[31Mar2025 02:08:24.694] [main/DEBUG] [portb.transformerlib.TransformerLib/]: Transforming forge/net/mca/mixin/MixinPlayerInventory (target of net/minecraft/world/Container)
[31Mar2025 02:08:24.752] [main/DEBUG] [net.minecraftforge.coremod.transformer.CoreModBaseTransformer/COREMOD]: Transforming net/minecraft/world/entity/monster/Zombie
[31Mar2025 02:08:24.922] [main/DEBUG] [net.minecraftforge.coremod.transformer.CoreModBaseTransformer/COREMOD]: Transforming net/minecraft/world/entity/monster/ZombieVillager
[31Mar2025 02:08:24.993] [main/DEBUG] [mixin/]: Preparing puzzleslib.common.mixins.json (5)
[31Mar2025 02:08:24.997] [main/DEBUG] [mixin/]: Preparing puzzleslib.forge.mixins.json (13)
[31Mar2025 02:08:25.024] [main/DEBUG] [mixin/]: Preparing justzoom.mixins.json (5)
[31Mar2025 02:08:25.024] [main/DEBUG] [mixin/]: Preparing justzoom.forge.mixins.json (0)
[31Mar2025 02:08:25.024] [main/DEBUG] [mixin/]: Preparing nitrogen_internals.mixins.json (0)
[31Mar2025 02:08:25.024] [main/DEBUG] [mixin/]: Preparing celestisynth.mixins.json (19)
[31Mar2025 02:08:25.056] [main/DEBUG] [mixin/]: Preparing expandability.mixins.json (4)
[31Mar2025 02:08:25.061] [main/DEBUG] [mixin/]: Preparing expandability-common.mixins.json (9)
[31Mar2025 02:08:25.072] [main/DEBUG] [mixin/]: Preparing chisels-and-bits.mixins.json (0)
[31Mar2025 02:08:25.074] [main/DEBUG] [mixin/]: Preparing ad_astra-common.mixins.json (39)
[31Mar2025 02:08:25.114] [main/DEBUG] [mixin/]: Preparing ad_astra.mixins.json (5)
[31Mar2025 02:08:25.298] [main/DEBUG] [mixin/]: Prepared 217 mixins in 3.390 sec (15.6ms avg) (0ms load, 0ms transform, 0ms plugin)
[31Mar2025 02:08:25.315] [main/INFO] [MixinExtras|Service/]: Initializing MixinExtras via com.llamalad7.mixinextras.service.MixinExtrasServiceImpl(version=0.4.1).
[31Mar2025 02:08:25.321] [main/DEBUG] [mixin/]: Registering new injector for @SugarWrapper with com.llamalad7.mixinextras.sugar.impl.SugarWrapperInjectionInfo
[31Mar2025 02:08:25.322] [main/DEBUG] [mixin/]: Registering new injector for @FactoryRedirectWrapper with com.llamalad7.mixinextras.wrapper.factory.FactoryRedirectWrapperInjectionInfo
[31Mar2025 02:08:25.330] [main/DEBUG] [mixin/]: Mixing MinecraftServerMixin from citadel.mixins.json into net.minecraft.server.MinecraftServer
[31Mar2025 02:08:25.350] [main/DEBUG] [mixin/]: Mixing PFMMinecraftServerMixin from pfm.mixins.json into net.minecraft.server.MinecraftServer
[31Mar2025 02:08:25.351] [main/DEBUG] [mixin/]: pfm.mixins.json:PFMMinecraftServerMixin: Class version 60 required is higher than the class version supported by the current version of Mixin (JAVA_8 supports class version 52)
[31Mar2025 02:08:25.351] [main/DEBUG] [mixin/]: Renaming synthetic method lambda$createReload$0(Lnet/minecraft/server/packs/PackResources;)Z to md3e34bd$lambda$createReload$0$0 in pfm.mixins.json:PFMMinecraftServerMixin
[31Mar2025 02:08:25.814] [main/DEBUG] [mixin/]: Mixing PFMMixinDedicatedServer from pfm-common.mixins.json into net.minecraft.server.dedicated.DedicatedServer
[31Mar2025 02:08:25.814] [main/DEBUG] [mixin/]: pfm-common.mixins.json:PFMMixinDedicatedServer: Class version 60 required is higher than the class version supported by the current version of Mixin (JAVA_8 supports class version 52)
[31Mar2025 02:08:25.816] [main/DEBUG] [mixin/]: Renaming synthetic method lambda$pfm$showUpdateMessage$0(Lnet/minecraft/network/chat/Component;)V to md3e34bd$lambda$pfm$showUpdateMessage$0$0 in pfm-common.mixins.json:PFMMixinDedicatedServer
[31Mar2025 02:08:25.875] [main/DEBUG] [io.netty.util.internal.logging.InternalLoggerFactory/]: Using SLF4J as the default logging framework
[31Mar2025 02:08:25.877] [main/DEBUG] [io.netty.util.ResourceLeakDetector/]: -Dio.netty.leakDetection.level: simple
[31Mar2025 02:08:25.877] [main/DEBUG] [io.netty.util.ResourceLeakDetector/]: -Dio.netty.leakDetection.targetRecords: 4
[31Mar2025 02:08:25.891] [main/DEBUG] [mixin/]: Mixing MixinTranslatableText from forge-mca.mixin.json into net.minecraft.network.chat.contents.TranslatableContents
[31Mar2025 02:08:26.259] [main/DEBUG] [oshi.util.FileUtil/]: No oshi.properties file found from ClassLoader cpw.mods.modlauncher.TransformingClassLoader@562919fe
[31Mar2025 02:08:26.259] [main/DEBUG] [oshi.util.FileUtil/]: No oshi.properties file found from ClassLoader jdk.internal.loader.ClassLoaders$AppClassLoader@76ed5528
[31Mar2025 02:08:27.289] [main/DEBUG] [oshi.util.FileUtil/]: Reading file /proc/self/auxv
[31Mar2025 02:08:27.290] [main/DEBUG] [oshi.util.FileUtil/]: Reading file /proc/self/auxv
[31Mar2025 02:08:27.296] [main/DEBUG] [oshi.util.FileUtil/]: Reading file /proc/stat
[31Mar2025 02:08:27.304] [main/DEBUG] [oshi.util.FileUtil/]: Reading file /sys/devices/system/cpu/cpu0/topology/core_id
[31Mar2025 02:08:27.304] [main/DEBUG] [oshi.util.FileUtil/]: Reading file /sys/devices/system/cpu/cpu0/topology/core_id
[31Mar2025 02:08:27.305] [main/DEBUG] [oshi.util.FileUtil/]: Reading file /sys/devices/system/cpu/cpu0/topology/physical_package_id
[31Mar2025 02:08:27.305] [main/DEBUG] [oshi.util.FileUtil/]: Reading file /sys/devices/system/cpu/cpu0/topology/physical_package_id
[31Mar2025 02:08:27.305] [main/DEBUG] [oshi.util.FileUtil/]: Reading file /sys/devices/system/cpu/cpu0/cpu_capacity
[31Mar2025 02:08:27.306] [main/DEBUG] [oshi.util.FileUtil/]: Reading file /sys/devices/system/cpu/cpu1/topology/core_id
[31Mar2025 02:08:27.307] [main/DEBUG] [oshi.util.FileUtil/]: Reading file /sys/devices/system/cpu/cpu1/topology/core_id
[31Mar2025 02:08:27.307] [main/DEBUG] [oshi.util.FileUtil/]: Reading file /sys/devices/system/cpu/cpu1/topology/physical_package_id
[31Mar2025 02:08:27.307] [main/DEBUG] [oshi.util.FileUtil/]: Reading file /sys/devices/system/cpu/cpu1/topology/physical_package_id
[31Mar2025 02:08:27.307] [main/DEBUG] [oshi.util.FileUtil/]: Reading file /sys/devices/system/cpu/cpu1/cpu_capacity
[31Mar2025 02:08:27.308] [main/DEBUG] [oshi.util.FileUtil/]: Reading file /sys/devices/system/cpu/cpu2/topology/core_id
[31Mar2025 02:08:27.308] [main/DEBUG] [oshi.util.FileUtil/]: Reading file /sys/devices/system/cpu/cpu2/topology/core_id
[31Mar2025 02:08:27.308] [main/DEBUG] [oshi.util.FileUtil/]: Reading file /sys/devices/system/cpu/cpu2/topology/physical_package_id
[31Mar2025 02:08:27.308] [main/DEBUG] [oshi.util.FileUtil/]: Reading file /sys/devices/system/cpu/cpu2/topology/physical_package_id
[31Mar2025 02:08:27.308] [main/DEBUG] [oshi.util.FileUtil/]: Reading file /sys/devices/system/cpu/cpu2/cpu_capacity
[31Mar2025 02:08:27.309] [main/DEBUG] [oshi.util.FileUtil/]: Reading file /sys/devices/system/cpu/cpu3/topology/core_id
[31Mar2025 02:08:27.309] [main/DEBUG] [oshi.util.FileUtil/]: Reading file /sys/devices/system/cpu/cpu3/topology/core_id
[31Mar2025 02:08:27.309] [main/DEBUG] [oshi.util.FileUtil/]: Reading file /sys/devices/system/cpu/cpu3/topology/physical_package_id
[31Mar2025 02:08:27.309] [main/DEBUG] [oshi.util.FileUtil/]: Reading file /sys/devices/system/cpu/cpu3/topology/physical_package_id
[31Mar2025 02:08:27.309] [main/DEBUG] [oshi.util.FileUtil/]: Reading file /sys/devices/system/cpu/cpu3/cpu_capacity
[31Mar2025 02:08:27.312] [main/DEBUG] [oshi.util.FileUtil/]: Reading file /proc/cpuinfo
[31Mar2025 02:08:27.327] [main/DEBUG] [oshi.util.FileUtil/]: Reading file /proc/self/auxv
[31Mar2025 02:08:27.333] [main/DEBUG] [oshi.util.FileUtil/]: No oshi.architecture.properties file found from ClassLoader cpw.mods.modlauncher.TransformingClassLoader@562919fe
[31Mar2025 02:08:27.334] [main/DEBUG] [oshi.util.FileUtil/]: No oshi.architecture.properties file found from ClassLoader jdk.internal.loader.ClassLoaders$AppClassLoader@76ed5528
[31Mar2025 02:08:27.356] [main/DEBUG] [oshi.util.FileUtil/]: Reading file /proc/meminfo
[31Mar2025 02:08:27.356] [main/DEBUG] [oshi.util.FileUtil/]: Reading file /proc/meminfo
[31Mar2025 02:08:27.520] [main/DEBUG] [mixin/]: Mixing inject.MixinGameEvent from architectury-common.mixins.json into net.minecraft.world.level.gameevent.GameEvent
[31Mar2025 02:08:27.538] [main/DEBUG] [mixin/]: Mixing accessor.ForgeRegistryForgeAccessor from puzzleslib.forge.mixins.json into net.minecraftforge.registries.ForgeRegistry
[31Mar2025 02:08:27.567] [main/DEBUG] [mixin/]: Mixing inject.MixinBlock from architectury-common.mixins.json into net.minecraft.world.level.block.Block
[31Mar2025 02:08:27.572] [main/DEBUG] [mixin/]: Mixing accessor.BlockAccessor from puzzleslib.common.mixins.json into net.minecraft.world.level.block.Block
[31Mar2025 02:08:27.573] [main/DEBUG] [mixin/]: Mixing BlockMixin from ad_astra-common.mixins.json into net.minecraft.world.level.block.Block
[31Mar2025 02:08:27.629] [main/DEBUG] [mixin/]: Mixing fluidcollision.BlockStateBaseMixin from expandability-common.mixins.json into net.minecraft.world.level.block.state.BlockBehaviour$BlockStateBase
[31Mar2025 02:08:27.667] [main/DEBUG] [mixin/]: Mixing common.accessor.EntityAccessor from aether.mixins.json into net.minecraft.world.entity.Entity
[31Mar2025 02:08:27.669] [main/DEBUG] [mixin/]: Mixing item.umbrella.EntityMixin from mixins.artifacts.common.json into net.minecraft.world.entity.Entity
[31Mar2025 02:08:27.672] [main/DEBUG] [mixin/]: Mixing item.wearable.aquadashers.EntityMixin from mixins.artifacts.common.json into net.minecraft.world.entity.Entity
[31Mar2025 02:08:27.698] [main/DEBUG] [mixin/]: Mixing AccessorEntity from curios.mixins.json into net.minecraft.world.entity.Entity
[31Mar2025 02:08:27.699] [main/DEBUG] [mixin/]: Mixing EntityMixin from celestisynth.mixins.json into net.minecraft.world.entity.Entity
[31Mar2025 02:08:27.705] [main/DEBUG] [mixin/]: Renaming synthetic method lambda$isInvisibleTo$1(Ljava/util/concurrent/atomic/AtomicBoolean;Lcom/aqutheseal/celestisynth/common/capabilities/CSEntityCapability;)V to md3e34bd$lambda$isInvisibleTo$1$0 in celestisynth.mixins.json:EntityMixin
[31Mar2025 02:08:27.705] [main/DEBUG] [mixin/]: Renaming synthetic method lambda$isInvisible$0(Ljava/util/concurrent/atomic/AtomicBoolean;Lcom/aqutheseal/celestisynth/common/capabilities/CSEntityCapability;)V to md3e34bd$lambda$isInvisible$0$1 in celestisynth.mixins.json:EntityMixin
[31Mar2025 02:08:27.716] [main/DEBUG] [mixin/]: Mixing swimming.EntityMixin from expandability.mixins.json into net.minecraft.world.entity.Entity
[31Mar2025 02:08:27.725] [main/DEBUG] [mixin/]: Mixing swimming.EntityMixin from expandability-common.mixins.json into net.minecraft.world.entity.Entity
[31Mar2025 02:08:27.732] [main/DEBUG] [mixin/]: Mixing EntityInvoker from ad_astra-common.mixins.json into net.minecraft.world.entity.Entity
[31Mar2025 02:08:27.732] [main/DEBUG] [mixin/]: Mixing EntityMixin from ad_astra-common.mixins.json into net.minecraft.world.entity.Entity
[31Mar2025 02:08:27.851] [main/DEBUG] [mixin/]: Mixing common.LivingEntityEquipmentSlotMixin from scena.mixins.json into net.minecraft.world.entity.LivingEntity
[31Mar2025 02:08:27.853] [main/DEBUG] [mixin/]: Mixing common.LivingEntityMixin from aether.mixins.json into net.minecraft.world.entity.LivingEntity
[31Mar2025 02:08:27.855] [main/DEBUG] [mixin/]: Mixing common.accessor.LivingEntityAccessor from aether.mixins.json into net.minecraft.world.entity.LivingEntity
[31Mar2025 02:08:27.855] [main/DEBUG] [mixin/]: Mixing LivingEntityMixin from citadel.mixins.json into net.minecraft.world.entity.LivingEntity
[31Mar2025 02:08:27.866] [main/DEBUG] [mixin/]: Mixing accessors.LivingEntityAccessor from mixins.artifacts.common.json into net.minecraft.world.entity.LivingEntity
[31Mar2025 02:08:27.867] [main/DEBUG] [mixin/]: Mixing item.hurtsound.LivingEntityMixin from mixins.artifacts.common.json into net.minecraft.world.entity.LivingEntity
[31Mar2025 02:08:27.870] [main/DEBUG] [mixin/]: Mixing item.wearable.chorustotem.LivingEntityMixin from mixins.artifacts.common.json into net.minecraft.world.entity.LivingEntity
[31Mar2025 02:08:27.900] [main/DEBUG] [mixin/]: Mixing item.wearable.snowshoes.LivingEntityMixin from mixins.artifacts.forge.json into net.minecraft.world.entity.LivingEntity
[31Mar2025 02:08:27.903] [main/DEBUG] [mixin/]: Mixing MixinLivingEntity from curios.mixins.json into net.minecraft.world.entity.LivingEntity
[31Mar2025 02:08:27.912] [main/DEBUG] [mixin/]: Mixing LivingEntityInvoker from celestisynth.mixins.json into net.minecraft.world.entity.LivingEntity
[31Mar2025 02:08:27.912] [main/DEBUG] [mixin/]: Mixing LivingEntityMixin from celestisynth.mixins.json into net.minecraft.world.entity.LivingEntity
[31Mar2025 02:08:27.927] [main/DEBUG] [mixin/]: Mixing swimming.LivingEntityMixin from expandability.mixins.json into net.minecraft.world.entity.LivingEntity
[31Mar2025 02:08:27.931] [main/DEBUG] [mixin/]: Mixing swimming.LivingEntityMixin from expandability-common.mixins.json into net.minecraft.world.entity.LivingEntity
[31Mar2025 02:08:27.936] [main/DEBUG] [mixin/]: Mixing LivingEntityMixin from ad_astra-common.mixins.json into net.minecraft.world.entity.LivingEntity
[31Mar2025 02:08:27.949] [main/DEBUG] [mixin/]: Mixing gravity.LivingEntityGravityMixin from ad_astra-common.mixins.json into net.minecraft.world.entity.LivingEntity
[31Mar2025 02:08:28.105] [main/DEBUG] [net.minecraftforge.coremod.transformer.CoreModBaseTransformer/COREMOD]: Transforming m_46758_ with desc (Lnet/minecraft/core/BlockPos;)Z
[31Mar2025 02:08:28.139] [main/DEBUG] [mixin/]: Mixing vanilla.stacksize.ItemEntityMixin from biggerstacks.mixins.json into net.minecraft.world.entity.item.ItemEntity
[31Mar2025 02:08:28.140] [main/DEBUG] [mixin/]: biggerstacks.mixins.json:vanilla.stacksize.ItemEntityMixin: Class version 61 required is higher than the class version supported by the current version of Mixin (JAVA_8 supports class version 52)
[31Mar2025 02:08:28.141] [main/DEBUG] [mixin/]: Mixing gravity.CommonGravityEntityMixin from ad_astra-common.mixins.json into net.minecraft.world.entity.item.ItemEntity
[31Mar2025 02:08:28.175] [main/DEBUG] [mixin/]: Mixing common.PlayerMixin from aether.mixins.json into net.minecraft.world.entity.player.Player
[31Mar2025 02:08:28.181] [main/DEBUG] [mixin/]: Mixing common.accessor.PlayerAccessor from aether.mixins.json into net.minecraft.world.entity.player.Player
[31Mar2025 02:08:28.182] [main/DEBUG] [mixin/]: Mixing PlayerMixin from mixins.travelersbackpack.json into net.minecraft.world.entity.player.Player
[31Mar2025 02:08:28.191] [main/DEBUG] [mixin/]: Mixing ServerPlayerMixin from emotecraft-arch.mixins.json into net.minecraft.world.entity.player.Player
[31Mar2025 02:08:28.191] [main/DEBUG] [mixin/]: emotecraft-arch.mixins.json:ServerPlayerMixin: Class version 61 required is higher than the class version supported by the current version of Mixin (JAVA_16 supports class version 60)
[31Mar2025 02:08:28.199] [main/DEBUG] [mixin/]: Mixing MixinPlayerEntity from forge-mca.mixin.json into net.minecraft.world.entity.player.Player
[31Mar2025 02:08:28.207] [main/DEBUG] [mixin/]: Mixing PlayerMixin from celestisynth.mixins.json into net.minecraft.world.entity.player.Player
[31Mar2025 02:08:28.228] [main/DEBUG] [mixin/]: Mixing swimming.PlayerMixin from expandability-common.mixins.json into net.minecraft.world.entity.player.Player
[31Mar2025 02:08:28.231] [main/DEBUG] [mixin/]: Mixing PlayerMixin from ad_astra-common.mixins.json into net.minecraft.world.entity.player.Player
[31Mar2025 02:08:28.420] [main/DEBUG] [net.minecraftforge.coremod.transformer.CoreModBaseTransformer/COREMOD]: Transforming m_46758_ with desc (Lnet/minecraft/core/BlockPos;)Z
[31Mar2025 02:08:28.432] [main/DEBUG] [mixin/]: Mixing common.accessor.LevelAccessor from aether.mixins.json into net.minecraft.world.level.Level
[31Mar2025 02:08:28.432] [main/DEBUG] [mixin/]: Mixing LevelMixin from citadel.mixins.json into net.minecraft.world.level.Level
[31Mar2025 02:08:28.462] [main/DEBUG] [mixin/]: Mixing common.accessor.ServerLevelAccessor from aether.mixins.json into net.minecraft.server.level.ServerLevel
[31Mar2025 02:08:28.462] [main/DEBUG] [mixin/]: Mixing ServerLevelMixin from citadel.mixins.json into net.minecraft.server.level.ServerLevel
[31Mar2025 02:08:28.463] [main/DEBUG] [mixin/]: Mixing MixinServerWorld from forge-mca.mixin.json into net.minecraft.server.level.ServerLevel
[31Mar2025 02:08:28.464] [main/DEBUG] [mixin/]: Renaming synthetic method lambda$onOnBlockChanged$0(Lnet/minecraft/server/level/ServerLevel;Lnet/minecraft/world/level/block/state/BlockState;Lnet/minecraft/core/BlockPos;)V to md3e34bd$lambda$onOnBlockChanged$0$0 in forge-mca.mixin.json:MixinServerWorld
[31Mar2025 02:08:28.472] [main/DEBUG] [mixin/]: Mixing ServerLevelMixin from ad_astra-common.mixins.json into net.minecraft.server.level.ServerLevel
[31Mar2025 02:08:28.851] [main/DEBUG] [mixin/]: Mixing common.FluidTypeFluidMixin from scena.mixins.json into net.minecraft.world.level.material.Fluid
[31Mar2025 02:08:28.855] [main/DEBUG] [mixin/]: Mixing inject.MixinFluid from architectury-common.mixins.json into net.minecraft.world.level.material.Fluid
[31Mar2025 02:08:28.862] [main/DEBUG] [net.minecraftforge.coremod.transformer.CoreModBaseTransformer/COREMOD]: Transforming m_41435_ with desc (Lnet/minecraft/world/level/Level;Lnet/minecraft/world/entity/player/Player;Lnet/minecraft/world/level/ClipContext$Fluid;)Lnet/minecraft/world/phys/BlockHitResult;
[31Mar2025 02:08:28.863] [main/DEBUG] [mixin/]: Mixing common.ItemMixin from aether.mixins.json into net.minecraft.world.item.Item
[31Mar2025 02:08:28.880] [main/DEBUG] [mixin/]: Mixing vanilla.stacksize.ItemMixin from biggerstacks.mixins.json into net.minecraft.world.item.Item
[31Mar2025 02:08:28.880] [main/DEBUG] [mixin/]: biggerstacks.mixins.json:vanilla.stacksize.ItemMixin: Class version 61 required is higher than the class version supported by the current version of Mixin (JAVA_8 supports class version 52)
[31Mar2025 02:08:28.881] [main/DEBUG] [mixin/]: Mixing inject.MixinItem from architectury-common.mixins.json into net.minecraft.world.item.Item
[31Mar2025 02:08:28.884] [main/DEBUG] [mixin/]: Mixing ItemMixin from celestisynth.mixins.json into net.minecraft.world.item.Item
[31Mar2025 02:08:28.884] [main/DEBUG] [mixin/]: Renaming synthetic method lambda$inventoryTick$0(Lnet/minecraft/world/entity/Entity;Lcom/aqutheseal/celestisynth/common/capabilities/CSItemStackCapability;)V to md3e34bd$lambda$inventoryTick$0$0 in celestisynth.mixins.json:ItemMixin
[31Mar2025 02:08:28.909] [main/DEBUG] [net.minecraftforge.coremod.transformer.CoreModBaseTransformer/COREMOD]: Transforming net/minecraft/world/entity/EntityType
[31Mar2025 02:08:28.966] [main/DEBUG] [mixin/]: Mixing inject.MixinEntityType from architectury-common.mixins.json into net.minecraft.world.entity.EntityType
[31Mar2025 02:08:28.966] [main/DEBUG] [mixin/]: Mixing MixinEntityType from forge-mca.mixin.json into net.minecraft.world.entity.EntityType
[31Mar2025 02:08:29.022] [main/DEBUG] [mixin/]: Mixing MixinVillagerProfession from forge-mca.mixin.json into net.minecraft.world.entity.npc.VillagerProfession
[31Mar2025 02:08:29.022] [main/DEBUG] [mixin/]: Renaming @Invoker method init(Ljava/lang/String;Ljava/util/function/Predicate;Ljava/util/function/Predicate;Lcom/google/common/collect/ImmutableSet;Lcom/google/common/collect/ImmutableSet;Lnet/minecraft/sounds/SoundEvent;)Lnet/minecraft/world/entity/npc/VillagerProfession; to init_$md$3e34bd$0 in forge-mca.mixin.json:MixinVillagerProfession
[31Mar2025 02:08:29.025] [main/DEBUG] [mixin/]: Mixing PFMPointOfInterestTypesAccessor from pfm-common.mixins.json into net.minecraft.world.entity.ai.village.poi.PoiTypes
[31Mar2025 02:08:29.025] [main/DEBUG] [mixin/]: pfm-common.mixins.json:PFMPointOfInterestTypesAccessor: Class version 60 required is higher than the class version supported by the current version of Mixin (JAVA_8 supports class version 52)
[31Mar2025 02:08:29.025] [main/DEBUG] [mixin/]: Renaming @Accessor method getBlockStateToPointOfInterestType()Ljava/util/Map; to getBlockStateToPointOfInterestType_$md$3e34bd$0 in pfm-common.mixins.json:PFMPointOfInterestTypesAccessor
[31Mar2025 02:08:29.026] [main/DEBUG] [mixin/]: Renaming @Accessor method setHome(Lnet/minecraft/resources/ResourceKey;)V to setHome_$md$3e34bd$1 in pfm-common.mixins.json:PFMPointOfInterestTypesAccessor
[31Mar2025 02:08:29.028] [main/DEBUG] [mixin/]: Mixing PFMPointOfInterestTypeAccessor from pfm-common.mixins.json into net.minecraft.world.entity.ai.village.poi.PoiType
[31Mar2025 02:08:29.028] [main/DEBUG] [mixin/]: pfm-common.mixins.json:PFMPointOfInterestTypeAccessor: Class version 60 required is higher than the class version supported by the current version of Mixin (JAVA_8 supports class version 52)
[31Mar2025 02:08:29.033] [main/DEBUG] [mixin/]: Mixing MixinMemoryModuleType from forge-mca.mixin.json into net.minecraft.world.entity.ai.memory.MemoryModuleType
[31Mar2025 02:08:29.034] [main/DEBUG] [mixin/]: Renaming @Invoker method init(Ljava/util/Optional;)Lnet/minecraft/world/entity/ai/memory/MemoryModuleType; to init_$md$3e34bd$0 in forge-mca.mixin.json:MixinMemoryModuleType
[31Mar2025 02:08:29.036] [main/DEBUG] [mixin/]: Mixing MixinSensorType from forge-mca.mixin.json into net.minecraft.world.entity.ai.sensing.SensorType
[31Mar2025 02:08:29.036] [main/DEBUG] [mixin/]: Renaming @Invoker method init(Ljava/util/function/Supplier;)Lnet/minecraft/world/entity/ai/sensing/SensorType; to init_$md$3e34bd$0 in forge-mca.mixin.json:MixinSensorType
[31Mar2025 02:08:29.039] [main/DEBUG] [mixin/]: Mixing MixinActivity from forge-mca.mixin.json into net.minecraft.world.entity.schedule.Activity
[31Mar2025 02:08:29.040] [main/DEBUG] [mixin/]: Renaming @Invoker method init(Ljava/lang/String;)Lnet/minecraft/world/entity/schedule/Activity; to init_$md$3e34bd$0 in forge-mca.mixin.json:MixinActivity
[31Mar2025 02:08:29.061] [main/DEBUG] [mixin/]: Mixing common.FeatureMixin from aether.mixins.json into net.minecraft.world.level.levelgen.feature.Feature
[31Mar2025 02:08:29.061] [main/DEBUG] [mixin/]: Renaming synthetic method lambda$isGrassOrDirt$0(Lnet/minecraft/world/level/block/state/BlockState;)Z to md3e34bd$lambda$isGrassOrDirt$0$0 in aether.mixins.json:common.FeatureMixin
[31Mar2025 02:08:29.106] [main/DEBUG] [mixin/]: Mixing common.accessor.FireBlockAccessor from aether.mixins.json into net.minecraft.world.level.block.FireBlock
[31Mar2025 02:08:29.108] [main/DEBUG] [mixin/]: Mixing accessor.FireBlockForgeAccessor from puzzleslib.forge.mixins.json into net.minecraft.world.level.block.FireBlock
[31Mar2025 02:08:29.108] [main/DEBUG] [mixin/]: Mixing oxygen.FireBlockMixin from ad_astra-common.mixins.json into net.minecraft.world.level.block.FireBlock
[31Mar2025 02:08:29.503] [main/DEBUG] [mixin/]: Mixing common.WorldlyBlockGrassGrowMixin from scena.mixins.json into net.minecraft.world.level.block.SpreadingSnowyDirtBlock
[31Mar2025 02:08:29.508] [main/DEBUG] [mixin/]: Mixing common.accessor.SpreadingSnowyDirtBlockAccessor from aether.mixins.json into net.minecraft.world.level.block.SpreadingSnowyDirtBlock
[31Mar2025 02:08:29.508] [main/DEBUG] [mixin/]: Renaming @Invoker method callCanBeGrass(Lnet/minecraft/world/level/block/state/BlockState;Lnet/minecraft/world/level/LevelReader;Lnet/minecraft/core/BlockPos;)Z to callCanBeGrass_$md$3e34bd$0 in aether.mixins.json:common.accessor.SpreadingSnowyDirtBlockAccessor
[31Mar2025 02:08:29.508] [main/DEBUG] [mixin/]: Renaming @Invoker method callCanPropagate(Lnet/minecraft/world/level/block/state/BlockState;Lnet/minecraft/world/level/LevelReader;Lnet/minecraft/core/BlockPos;)Z to callCanPropagate_$md$3e34bd$1 in aether.mixins.json:common.accessor.SpreadingSnowyDirtBlockAccessor
[31Mar2025 02:08:29.515] [main/DEBUG] [mixin/]: Mixing common.accessor.BushBlockAccessor from aether.mixins.json into net.minecraft.world.level.block.BushBlock
[31Mar2025 02:08:29.527] [main/DEBUG] [net.minecraftforge.coremod.transformer.CoreModBaseTransformer/COREMOD]: Transforming net/minecraft/world/level/block/LiquidBlock
[31Mar2025 02:08:29.528] [main/DEBUG] [mixin/]: Mixing inject.MixinLiquidBlock from architectury-common.mixins.json into net.minecraft.world.level.block.LiquidBlock
[31Mar2025 02:08:29.528] [main/DEBUG] [mixin/]: Mixing LiquidBlockMixin from ad_astra-common.mixins.json into net.minecraft.world.level.block.LiquidBlock
[31Mar2025 02:08:29.589] [main/DEBUG] [net.minecraftforge.coremod.transformer.CoreModBaseTransformer/COREMOD]: Transforming m_7898_ with desc (Lnet/minecraft/world/level/block/state/BlockState;Lnet/minecraft/world/level/LevelReader;Lnet/minecraft/core/BlockPos;)Z
[31Mar2025 02:08:29.610] [main/DEBUG] [net.minecraftforge.coremod.transformer.CoreModBaseTransformer/COREMOD]: Transforming net/minecraft/world/level/block/StairBlock
[31Mar2025 02:08:29.668] [main/DEBUG] [mixin/]: Mixing IceBlockMixin from ad_astra-common.mixins.json into net.minecraft.world.level.block.IceBlock
[31Mar2025 02:08:29.739] [main/DEBUG] [net.minecraftforge.coremod.transformer.CoreModBaseTransformer/COREMOD]: Transforming net/minecraft/world/level/block/FlowerPotBlock
[31Mar2025 02:08:29.786] [main/DEBUG] [mixin/]: Mixing common.accessor.ConcretePowderBlockAccessor from aether.mixins.json into net.minecraft.world.level.block.ConcretePowderBlock
[31Mar2025 02:08:29.787] [main/DEBUG] [mixin/]: Renaming @Invoker method callShouldSolidify(Lnet/minecraft/world/level/BlockGetter;Lnet/minecraft/core/BlockPos;Lnet/minecraft/world/level/block/state/BlockState;)Z to callShouldSolidify_$md$3e34bd$0 in aether.mixins.json:common.accessor.ConcretePowderBlockAccessor
[31Mar2025 02:08:29.807] [main/DEBUG] [mixin/]: Mixing swimming.BubbleColumnBlockMixin from expandability-common.mixins.json into net.minecraft.world.level.block.BubbleColumnBlock
[31Mar2025 02:08:29.855] [main/DEBUG] [mixin/]: Mixing MixinPowderSnowBlock from curios.mixins.json into net.minecraft.world.level.block.PowderSnowBlock
[31Mar2025 02:08:29.917] [main/DEBUG] [mixin/]: Mixing PFMFeatureFlagFactory from pfm-common.mixins.json into net.minecraft.world.flag.FeatureFlag
[31Mar2025 02:08:29.917] [main/DEBUG] [mixin/]: pfm-common.mixins.json:PFMFeatureFlagFactory: Class version 60 required is higher than the class version supported by the current version of Mixin (JAVA_8 supports class version 52)
[31Mar2025 02:08:29.917] [main/DEBUG] [mixin/]: Renaming @Invoker method newFlag(Lnet/minecraft/world/flag/FeatureFlagUniverse;I)Lnet/minecraft/world/flag/FeatureFlag; to newFlag_$md$3e34bd$0 in pfm-common.mixins.json:PFMFeatureFlagFactory
[31Mar2025 02:08:30.048] [main/DEBUG] [mixin/]: Mixing MixinFallingBlockEntity from architectury.mixins.json into net.minecraft.world.entity.item.FallingBlockEntity
[31Mar2025 02:08:30.080] [main/DEBUG] [mixin/]: Mixing BlockEntityMixin from collective_forge.mixins.json into net.minecraft.world.level.block.entity.BlockEntity
[31Mar2025 02:08:30.153] [main/DEBUG] [portb.transformerlib.TransformerLib/]: Transforming net/minecraft/world/Container (target of net/minecraft/world/Container)
[31Mar2025 02:08:30.157] [main/DEBUG] [portb.transformerlib.TransformerLib/]: Transforming net/minecraft/world/level/block/entity/BaseContainerBlockEntity (target of net/minecraft/world/Container)
[31Mar2025 02:08:30.540] [main/DEBUG] [mixin/]: Mixing gravity.CommonGravityEntityMixin from ad_astra-common.mixins.json into net.minecraft.world.entity.item.PrimedTnt
[31Mar2025 02:08:30.554] [main/DEBUG] [portb.transformerlib.TransformerLib/]: Transforming net/minecraft/world/level/block/entity/ChiseledBookShelfBlockEntity (target of net/minecraft/world/Container)
[31Mar2025 02:08:30.595] [main/DEBUG] [mixin/]: Mixing MixinDefaultParticleType from forge-mca.mixin.json into net.minecraft.core.particles.SimpleParticleType
[31Mar2025 02:08:30.596] [main/DEBUG] [mixin/]: Renaming @Invoker method init(Z)Lnet/minecraft/core/particles/SimpleParticleType; to init_$md$3e34bd$0 in forge-mca.mixin.json:MixinDefaultParticleType
[31Mar2025 02:08:30.926] [main/DEBUG] [mixin/]: Mixing common.accessor.AbstractContainerMenuAccessor from aether.mixins.json into net.minecraft.world.inventory.AbstractContainerMenu
[31Mar2025 02:08:30.941] [main/DEBUG] [portb.transformerlib.TransformerLib/]: Transforming net/minecraft/world/level/block/entity/AbstractFurnaceBlockEntity (target of net/minecraft/world/Container)
[31Mar2025 02:08:30.941] [main/DEBUG] [mixin/]: Mixing common.accessor.AbstractFurnaceBlockEntityAccessor from aether.mixins.json into net.minecraft.world.level.block.entity.AbstractFurnaceBlockEntity
[31Mar2025 02:08:30.942] [main/DEBUG] [portb.transformerlib.TransformerLib/]: Transforming net/minecraft/world/level/block/entity/BaseContainerBlockEntity (target of net/minecraft/world/Container)
[31Mar2025 02:08:30.943] [main/DEBUG] [mixin/]: Renaming @Invoker method callGetTotalCookTime(Lnet/minecraft/world/level/Level;Lnet/minecraft/world/level/block/entity/AbstractFurnaceBlockEntity;)I to callGetTotalCookTime_$md$3e34bd$0 in aether.mixins.json:common.accessor.AbstractFurnaceBlockEntityAccessor
[31Mar2025 02:08:30.944] [main/DEBUG] [mixin/]: Mixing MixinAbstractFurnaceBlockEntity from forge-mca.mixin.json into net.minecraft.world.level.block.entity.AbstractFurnaceBlockEntity
[31Mar2025 02:08:30.944] [main/DEBUG] [mixin/]: Renaming synthetic method lambda$onDropExperience$0(Lnet/minecraft/server/level/ServerPlayer;Lnet/minecraft/resources/ResourceLocation;Ljava/lang/Integer;)V to md3e34bd$lambda$onDropExperience$0$1 in forge-mca.mixin.json:MixinAbstractFurnaceBlockEntity
[31Mar2025 02:08:30.953] [main/DEBUG] [portb.transformerlib.TransformerLib/]: Transforming net/minecraft/world/Container (target of net/minecraft/world/Container)
[31Mar2025 02:08:30.954] [main/DEBUG] [portb.transformerlib.TransformerLib/]: Transforming net/minecraft/world/WorldlyContainer (target of net/minecraft/world/Container)
[31Mar2025 02:08:30.963] [main/DEBUG] [portb.transformerlib.TransformerLib/]: Transforming net/minecraft/world/WorldlyContainer (target of net/minecraft/world/Container)
[31Mar2025 02:08:30.970] [main/DEBUG] [mixin/]: Mixing WoodTypeInvoker from ad_astra-common.mixins.json into net.minecraft.world.level.block.state.properties.WoodType
[31Mar2025 02:08:30.972] [main/DEBUG] [mixin/]: Renaming @Invoker method ad_astra$init(Ljava/lang/String;Lnet/minecraft/world/level/block/state/properties/BlockSetType;)Lnet/minecraft/world/level/block/state/properties/WoodType; to ad_astra$init_$md$3e34bd$0 in ad_astra-common.mixins.json:WoodTypeInvoker
[31Mar2025 02:08:30.972] [main/DEBUG] [mixin/]: Renaming @Invoker method ad_astra$invokeRegister(Lnet/minecraft/world/level/block/state/properties/WoodType;)Lnet/minecraft/world/level/block/state/properties/WoodType; to ad_astra$invokeRegister_$md$3e34bd$1 in ad_astra-common.mixins.json:WoodTypeInvoker
[31Mar2025 02:08:31.063] [main/DEBUG] [mixin/]: Mixing common.AbstractArrowMixin from aether.mixins.json into net.minecraft.world.entity.projectile.AbstractArrow
[31Mar2025 02:08:31.065] [main/DEBUG] [mixin/]: Renaming synthetic method lambda$tick$0(Lcom/aetherteam/aether/capability/arrow/PhoenixArrow;)V to md3e34bd$lambda$tick$0$0 in aether.mixins.json:common.AbstractArrowMixin
[31Mar2025 02:08:31.071] [main/DEBUG] [mixin/]: Mixing AbstractArrowMixin from celestisynth.mixins.json into net.minecraft.world.entity.projectile.AbstractArrow
[31Mar2025 02:08:31.073] [main/DEBUG] [mixin/]: Mixing gravity.AbstractArrowMixin from ad_astra-common.mixins.json into net.minecraft.world.entity.projectile.AbstractArrow
[31Mar2025 02:08:31.099] [main/DEBUG] [portb.transformerlib.TransformerLib/]: Transforming net/minecraft/world/ticks/ContainerSingleItem (target of net/minecraft/world/Container)
[31Mar2025 02:08:31.115] [main/DEBUG] [mixin/]: Mixing common.MobMixin from aether.mixins.json into net.minecraft.world.entity.Mob
[31Mar2025 02:08:31.116] [main/DEBUG] [mixin/]: Renaming synthetic method lambda$equipItemIfPossible$0(Lnet/minecraft/world/item/ItemStack;Lnet/minecraft/world/entity/Mob;Lorg/spongepowered/asm/mixin/injection/callback/CallbackInfoReturnable;Lcom/aetherteam/aether/capability/accessory/MobAccessory;)V to md3e34bd$lambda$equipItemIfPossible$0$0 in aether.mixins.json:common.MobMixin
[31Mar2025 02:08:31.123] [main/DEBUG] [mixin/]: Mixing accessors.MobAccessor from mixins.artifacts.common.json into net.minecraft.world.entity.Mob
[31Mar2025 02:08:31.251] [main/DEBUG] [portb.transformerlib.TransformerLib/]: Transforming net/minecraft/world/level/block/entity/BrewingStandBlockEntity (target of net/minecraft/world/Container)
[31Mar2025 02:08:31.258] [main/DEBUG] [net.minecraftforge.coremod.transformer.CoreModBaseTransformer/COREMOD]: Transforming net/minecraft/world/item/ItemStack
[31Mar2025 02:08:31.258] [main/DEBUG] [mixin/]: Mixing vanilla.stacksize.ItemStackAccessor from biggerstacks.mixins.json into net.minecraft.world.item.ItemStack
[31Mar2025 02:08:31.258] [main/DEBUG] [mixin/]: biggerstacks.mixins.json:vanilla.stacksize.ItemStackAccessor: Class version 61 required is higher than the class version supported by the current version of Mixin (JAVA_8 supports class version 52)
[31Mar2025 02:08:31.259] [main/DEBUG] [mixin/]: Mixing vanilla.stacksize.ItemStackMixin from biggerstacks.mixins.json into net.minecraft.world.item.ItemStack
[31Mar2025 02:08:31.259] [main/DEBUG] [mixin/]: biggerstacks.mixins.json:vanilla.stacksize.ItemStackMixin: Class version 61 required is higher than the class version supported by the current version of Mixin (JAVA_8 supports class version 52)
[31Mar2025 02:08:31.260] [main/DEBUG] [mixin/]: Mixing item.AnimatedItemNameMixin from necronomicon-common.mixins.json into net.minecraft.world.item.ItemStack
[31Mar2025 02:08:31.393] [main/DEBUG] [mixin/]: Mixing vanilla.AnvilMenuMixin from biggerstacks.mixins.json into net.minecraft.world.inventory.AnvilMenu
[31Mar2025 02:08:31.394] [main/DEBUG] [mixin/]: biggerstacks.mixins.json:vanilla.AnvilMenuMixin: Class version 61 required is higher than the class version supported by the current version of Mixin (JAVA_8 supports class version 52)
[31Mar2025 02:08:31.410] [main/DEBUG] [portb.transformerlib.TransformerLib/]: Transforming net/minecraft/world/level/block/entity/Hopper (target of net/minecraft/world/Container)
[31Mar2025 02:08:31.623] [main/DEBUG] [portb.transformerlib.TransformerLib/]: Transforming net/minecraft/world/level/block/entity/ShulkerBoxBlockEntity (target of net/minecraft/world/Container)
[31Mar2025 02:08:32.102] [main/DEBUG] [portb.transformerlib.TransformerLib/]: Transforming net/minecraft/world/level/block/entity/SmokerBlockEntity (target of net/minecraft/world/Container)
[31Mar2025 02:08:32.104] [main/DEBUG] [portb.transformerlib.TransformerLib/]: Transforming net/minecraft/world/level/block/entity/BlastFurnaceBlockEntity (target of net/minecraft/world/Container)
[31Mar2025 02:08:32.114] [main/DEBUG] [mixin/]: Mixing SmithingMenuMixin from citadel.mixins.json into net.minecraft.world.inventory.SmithingMenu
[31Mar2025 02:08:32.340] [main/DEBUG] [mixin/]: Mixing MixinLightningBolt from architectury-common.mixins.json into net.minecraft.world.entity.LightningBolt
[31Mar2025 02:08:32.479] [main/DEBUG] [net.minecraftforge.coremod.transformer.CoreModBaseTransformer/COREMOD]: Transforming net/minecraft/world/entity/animal/frog/Tadpole
[31Mar2025 02:08:32.514] [main/DEBUG] [mixin/]: Mixing accessor.BlockItemAccessor from puzzleslib.common.mixins.json into net.minecraft.world.item.BlockItem
[31Mar2025 02:08:32.514] [main/DEBUG] [mixin/]: Mixing oxygen.BlockItemMixin from ad_astra-common.mixins.json into net.minecraft.world.item.BlockItem
[31Mar2025 02:08:32.544] [main/DEBUG] [mixin/]: Mixing oxygen.FlintAndSteelItemMixin from ad_astra-common.mixins.json into net.minecraft.world.item.FlintAndSteelItem
[31Mar2025 02:08:32.544] [main/DEBUG] [mixin/]: Renaming synthetic method lambda$ad_astra$useOnBlock$0(Lnet/minecraft/world/item/context/UseOnContext;Lnet/minecraft/world/entity/player/Player;)V to md3e34bd$lambda$ad_astra$useOnBlock$0$0 in ad_astra-common.mixins.json:oxygen.FlintAndSteelItemMixin
[31Mar2025 02:08:32.557] [main/DEBUG] [mixin/]: Mixing BowItemMixin from celestisynth.mixins.json into net.minecraft.world.item.BowItem
[31Mar2025 02:08:32.582] [main/DEBUG] [mixin/]: Mixing AxeItemAccessor from ad_astra.mixins.json into net.minecraft.world.item.AxeItem
[31Mar2025 02:08:32.583] [main/DEBUG] [mixin/]: Renaming @Accessor method ad_astra$getStrippables()Ljava/util/Map; to ad_astra$getStrippables_$md$3e34bd$0 in ad_astra.mixins.json:AxeItemAccessor
[31Mar2025 02:08:32.584] [main/DEBUG] [mixin/]: Renaming @Accessor method ad_astra$setStrippables(Ljava/util/Map;)V to ad_astra$setStrippables_$md$3e34bd$1 in ad_astra.mixins.json:AxeItemAccessor
[31Mar2025 02:08:32.590] [main/DEBUG] [net.minecraftforge.coremod.transformer.CoreModBaseTransformer/COREMOD]: Transforming net/minecraft/world/item/BucketItem
[31Mar2025 02:08:32.591] [main/DEBUG] [mixin/]: Mixing inject.MixinBucketItem from architectury-common.mixins.json into net.minecraft.world.item.BucketItem
[31Mar2025 02:08:32.591] [main/DEBUG] [mixin/]: Mixing BucketItemMixin from ad_astra-common.mixins.json into net.minecraft.world.item.BucketItem
[31Mar2025 02:08:32.608] [main/DEBUG] [mixin/]: Mixing MixinMilkBucketItem from forge-mca.mixin.json into net.minecraft.world.item.MilkBucketItem
[31Mar2025 02:08:32.613] [main/DEBUG] [net.minecraftforge.coremod.transformer.CoreModBaseTransformer/COREMOD]: Transforming net/minecraft/world/effect/MobEffectInstance
[31Mar2025 02:08:32.625] [main/DEBUG] [mixin/]: Mixing vanilla.stacksize.BundleItemMixin from biggerstacks.mixins.json into net.minecraft.world.item.BundleItem
[31Mar2025 02:08:32.625] [main/DEBUG] [mixin/]: biggerstacks.mixins.json:vanilla.stacksize.BundleItemMixin: Class version 61 required is higher than the class version supported by the current version of Mixin (JAVA_8 supports class version 52)
[31Mar2025 02:08:32.628] [main/DEBUG] [mixin/]: Mixing item.wearable.anglershat.FishingRodItemMixin from mixins.artifacts.common.json into net.minecraft.world.item.FishingRodItem
[31Mar2025 02:08:32.639] [main/DEBUG] [mixin/]: Mixing BoneMealItemMixin from collective_forge.mixins.json into net.minecraft.world.item.BoneMealItem
[31Mar2025 02:08:32.648] [main/DEBUG] [net.minecraftforge.coremod.transformer.CoreModBaseTransformer/COREMOD]: Transforming m_7373_ with desc (Lnet/minecraft/world/item/ItemStack;Lnet/minecraft/world/level/Level;Ljava/util/List;Lnet/minecraft/world/item/TooltipFlag;)V
[31Mar2025 02:08:32.661] [main/DEBUG] [mixin/]: Mixing MixinShearsItem from curios.mixins.json into net.minecraft.world.item.ShearsItem
[31Mar2025 02:08:32.669] [main/DEBUG] [net.minecraftforge.coremod.transformer.CoreModBaseTransformer/COREMOD]: Transforming m_7626_ with desc (Lnet/minecraft/world/item/ItemStack;)Lnet/minecraft/network/chat/Component;
[31Mar2025 02:08:32.680] [main/DEBUG] [mixin/]: Mixing FireworkRocketItemMixin from ad_astra-common.mixins.json into net.minecraft.world.item.FireworkRocketItem
[31Mar2025 02:08:32.712] [main/DEBUG] [mixin/]: Mixing vanilla.ItemPropertiesMixin from biggerstacks.mixins.json into net.minecraft.world.item.Item$Properties
[31Mar2025 02:08:32.713] [main/DEBUG] [mixin/]: biggerstacks.mixins.json:vanilla.ItemPropertiesMixin: Class version 61 required is higher than the class version supported by the current version of Mixin (JAVA_8 supports class version 52)
[31Mar2025 02:08:32.714] [main/DEBUG] [mixin/]: Mixing inject.MixinItemProperties from architectury-common.mixins.json into net.minecraft.world.item.Item$Properties
[31Mar2025 02:08:32.744] [main/DEBUG] [mixin/]: Mixing gravity.CommonGravityEntityMixin from ad_astra-common.mixins.json into net.minecraft.world.entity.vehicle.AbstractMinecart
[31Mar2025 02:08:32.779] [main/DEBUG] [mixin/]: Mixing ServerPlayerMixin from celestisynth.mixins.json into net.minecraft.server.level.ServerPlayer
[31Mar2025 02:08:32.801] [main/DEBUG] [net.minecraftforge.coremod.transformer.CoreModBaseTransformer/COREMOD]: Transforming m_7088_ with desc ()Z
[31Mar2025 02:08:33.535] [main/DEBUG] [mixin/]: Mixing common.ArmorStandMixin from aether.mixins.json into net.minecraft.world.entity.decoration.ArmorStand
[31Mar2025 02:08:33.569] [main/DEBUG] [mixin/]: Mixing common.accessor.BeeAccessor from aether.mixins.json into net.minecraft.world.entity.animal.Bee
[31Mar2025 02:08:33.592] [main/DEBUG] [mixin/]: Mixing common.accessor.LookAtPlayerGoalAccessor from aether.mixins.json into net.minecraft.world.entity.ai.goal.LookAtPlayerGoal
[31Mar2025 02:08:33.602] [main/DEBUG] [mixin/]: Mixing common.accessor.BoatAccessor from aether.mixins.json into net.minecraft.world.entity.vehicle.Boat
[31Mar2025 02:08:33.602] [main/DEBUG] [mixin/]: Mixing gravity.BoatMixin from ad_astra-common.mixins.json into net.minecraft.world.entity.vehicle.Boat
[31Mar2025 02:08:33.620] [main/DEBUG] [mixin/]: Mixing MixinHorseBaseEntity from forge-mca.mixin.json into net.minecraft.world.entity.animal.horse.AbstractHorse
[31Mar2025 02:08:33.657] [main/DEBUG] [net.minecraftforge.coremod.transformer.CoreModBaseTransformer/COREMOD]: Transforming net/minecraft/world/entity/monster/Spider
[31Mar2025 02:08:33.808] [main/DEBUG] [portb.transformerlib.TransformerLib/]: Transforming net/minecraft/world/entity/vehicle/ContainerEntity (target of net/minecraft/world/Container)
[31Mar2025 02:08:33.811] [main/DEBUG] [portb.transformerlib.TransformerLib/]: Transforming net/minecraft/world/entity/vehicle/AbstractMinecartContainer (target of net/minecraft/world/Container)
[31Mar2025 02:08:33.816] [main/DEBUG] [portb.transformerlib.TransformerLib/]: Transforming net/minecraft/world/entity/vehicle/MinecartHopper (target of net/minecraft/world/Container)
[31Mar2025 02:08:33.856] [main/DEBUG] [net.minecraftforge.coremod.transformer.CoreModBaseTransformer/COREMOD]: Transforming net/minecraft/world/entity/monster/Zombie
[31Mar2025 02:08:33.934] [main/DEBUG] [mixin/]: Mixing MixinZombieEntity from forge-mca.mixin.json into net.minecraft.world.entity.monster.Zombie
[31Mar2025 02:08:33.942] [main/DEBUG] [net.minecraftforge.coremod.transformer.CoreModBaseTransformer/COREMOD]: Transforming net/minecraft/world/entity/monster/ZombieVillager
[31Mar2025 02:08:33.980] [main/DEBUG] [mixin/]: Mixing MixinZombieVillagerEntity from forge-mca.mixin.json into net.minecraft.world.entity.monster.ZombieVillager
[31Mar2025 02:08:34.002] [main/DEBUG] [mixin/]: Mixing gravity.ThrowableProjectileMixin from ad_astra-common.mixins.json into net.minecraft.world.entity.projectile.ThrowableProjectile
[31Mar2025 02:08:34.039] [main/DEBUG] [net.minecraftforge.coremod.transformer.CoreModBaseTransformer/COREMOD]: Transforming net/minecraft/world/entity/monster/Evoker$EvokerSummonSpellGoal
[31Mar2025 02:08:34.058] [main/DEBUG] [mixin/]: Mixing gravity.ThrownExperienceBottleMixin from ad_astra-common.mixins.json into net.minecraft.world.entity.projectile.ThrownExperienceBottle
[31Mar2025 02:08:34.094] [main/DEBUG] [net.minecraftforge.coremod.transformer.CoreModBaseTransformer/COREMOD]: Transforming m_218868_ with desc ()Ljava/util/OptionalInt;
[31Mar2025 02:08:34.105] [main/DEBUG] [mixin/]: Mixing MixinGoatEntity from forge-mca.mixin.json into net.minecraft.world.entity.animal.goat.Goat
[31Mar2025 02:08:34.105] [main/DEBUG] [mixin/]: Renaming synthetic method lambda$getMilkingSound$1(Lnet/minecraft/server/level/ServerPlayer;)V to md3e34bd$lambda$getMilkingSound$1$0 in forge-mca.mixin.json:MixinGoatEntity
[31Mar2025 02:08:34.105] [main/DEBUG] [mixin/]: Renaming synthetic method lambda$getMilkingSound$0(Lnet/minecraft/server/level/ServerPlayer;)Z to md3e34bd$lambda$getMilkingSound$0$1 in forge-mca.mixin.json:MixinGoatEntity
[31Mar2025 02:08:34.107] [main/DEBUG] [net.minecraftforge.coremod.transformer.CoreModBaseTransformer/COREMOD]: Transforming net/minecraft/world/level/biome/Biome
[31Mar2025 02:08:34.179] [main/DEBUG] [mixin/]: Mixing PaintingInvoker from ad_astra-common.mixins.json into net.minecraft.world.entity.decoration.Painting
[31Mar2025 02:08:34.207] [main/DEBUG] [mixin/]: Mixing common.accessor.ZombifiedPiglinAccessor from aether.mixins.json into net.minecraft.world.entity.monster.ZombifiedPiglin
[31Mar2025 02:08:34.226] [main/DEBUG] [mixin/]: Mixing gravity.ThrownPotionMixin from ad_astra-common.mixins.json into net.minecraft.world.entity.projectile.ThrownPotion
[31Mar2025 02:08:34.239] [main/DEBUG] [mixin/]: Mixing accessor.RavagerAccessor from mutantmonsters.common.mixins.json into net.minecraft.world.entity.monster.Ravager
[31Mar2025 02:08:34.248] [main/DEBUG] [portb.transformerlib.TransformerLib/]: Transforming net/minecraft/world/inventory/CraftingContainer (target of net/minecraft/world/Container)
[31Mar2025 02:08:34.262] [main/DEBUG] [net.minecraftforge.coremod.transformer.CoreModBaseTransformer/COREMOD]: Transforming net/minecraft/world/entity/animal/horse/SkeletonTrapGoal
[31Mar2025 02:08:34.282] [main/DEBUG] [mixin/]: Mixing common.accessor.BaseSpawnerAccessor from aether.mixins.json into net.minecraft.world.level.BaseSpawner
[31Mar2025 02:08:34.289] [main/DEBUG] [net.minecraftforge.coremod.transformer.CoreModBaseTransformer/COREMOD]: Transforming net/minecraft/world/entity/monster/Strider
[31Mar2025 02:08:34.346] [main/DEBUG] [mixin/]: Mixing vanilla.FriendlyByteBufMixin from biggerstacks.mixins.json into net.minecraft.network.FriendlyByteBuf
[31Mar2025 02:08:34.348] [main/DEBUG] [mixin/]: biggerstacks.mixins.json:vanilla.FriendlyByteBufMixin: Class version 61 required is higher than the class version supported by the current version of Mixin (JAVA_8 supports class version 52)
[31Mar2025 02:08:34.382] [main/DEBUG] [mixin/]: Mixing PiglinSpecificSensorMixin from ad_astra-common.mixins.json into net.minecraft.world.entity.ai.sensing.PiglinSpecificSensor
[31Mar2025 02:08:34.383] [main/DEBUG] [mixin/]: Renaming synthetic method lambda$ad_astra$findPiglinRepellent$0(Lnet/minecraft/core/BlockPos;)Z to md3e34bd$lambda$ad_astra$findPiglinRepellent$0$0 in ad_astra-common.mixins.json:PiglinSpecificSensorMixin
[31Mar2025 02:08:34.405] [main/DEBUG] [mixin/]: Mixing common.accessor.ChunkAccessAccessor from aether.mixins.json into net.minecraft.world.level.chunk.ChunkAccess
[31Mar2025 02:08:34.439] [main/DEBUG] [net.minecraftforge.coremod.transformer.CoreModBaseTransformer/COREMOD]: Transforming net/minecraft/world/entity/npc/Villager
[31Mar2025 02:08:34.512] [main/DEBUG] [mixin/]: Mixing item.wearable.villagerhat.VillagerMixin from mixins.artifacts.common.json into net.minecraft.world.entity.npc.Villager
[31Mar2025 02:08:34.513] [main/DEBUG] [mixin/]: Mixing MixinVillagerEntity from forge-mca.mixin.json into net.minecraft.world.entity.npc.Villager
[31Mar2025 02:08:34.513] [main/DEBUG] [mixin/]: Mixing MixinVillagerEntityInvoker from forge-mca.mixin.json into net.minecraft.world.entity.npc.Villager
[31Mar2025 02:08:34.556] [main/DEBUG] [mixin/]: Mixing gravity.FishingHookMixin from ad_astra-common.mixins.json into net.minecraft.world.entity.projectile.FishingHook
[31Mar2025 02:08:34.575] [main/DEBUG] [mixin/]: Mixing inject.MixinFoodPropertiesBuilder from architectury-common.mixins.json into net.minecraft.world.food.FoodProperties$Builder
[31Mar2025 02:08:34.578] [main/DEBUG] [net.minecraftforge.coremod.transformer.CoreModBaseTransformer/COREMOD]: Transforming net/minecraft/world/effect/MobEffectInstance
[31Mar2025 02:08:34.610] [main/DEBUG] [mixin/]: Mixing common.accessor.ServerGamePacketListenerImplAccessor from aether.mixins.json into net.minecraft.server.network.ServerGamePacketListenerImpl
[31Mar2025 02:08:34.610] [main/DEBUG] [mixin/]: Mixing item.umbrella.server.ServerGamePacketListenerImplMixin from mixins.artifacts.common.json into net.minecraft.server.network.ServerGamePacketListenerImpl
[31Mar2025 02:08:34.611] [main/DEBUG] [mixin/]: Mixing vanilla.stacksize.ServerGamePacketListenerImplMixin from biggerstacks.mixins.json into net.minecraft.server.network.ServerGamePacketListenerImpl
[31Mar2025 02:08:34.611] [main/DEBUG] [mixin/]: biggerstacks.mixins.json:vanilla.stacksize.ServerGamePacketListenerImplMixin: Class version 61 required is higher than the class version supported by the current version of Mixin (JAVA_8 supports class version 52)
[31Mar2025 02:08:34.611] [main/DEBUG] [mixin/]: Mixing ServerPlayNetworkInstance from emotecraft.mixins.json into net.minecraft.server.network.ServerGamePacketListenerImpl
[31Mar2025 02:08:34.611] [main/DEBUG] [mixin/]: emotecraft.mixins.json:ServerPlayNetworkInstance: Class version 61 required is higher than the class version supported by the current version of Mixin (JAVA_16 supports class version 60)
[31Mar2025 02:08:34.612] [main/DEBUG] [mixin/]: Renaming synthetic method lambda$presenceResponse$0(Lnet/minecraft/server/level/ServerPlayer;)V to md3e34bd$lambda$presenceResponse$0$0 in emotecraft.mixins.json:ServerPlayNetworkInstance
[31Mar2025 02:08:34.617] [main/DEBUG] [mixin/]: Mixing MixinServerPlayNetworkHandler from forge-mca.mixin.json into net.minecraft.server.network.ServerGamePacketListenerImpl
[31Mar2025 02:08:34.618] [main/DEBUG] [mixin/]: Renaming synthetic method lambda$sendMessage$3(Lforge/net/mca/entity/VillagerEntityMCA;Ljava/lang/String;)V to md3e34bd$lambda$sendMessage$3$1 in forge-mca.mixin.json:MixinServerPlayNetworkHandler
[31Mar2025 02:08:34.618] [main/DEBUG] [mixin/]: Renaming synthetic method lambda$sendMessage$2(Lforge/net/mca/entity/VillagerEntityMCA;Ljava/lang/String;)V to md3e34bd$lambda$sendMessage$2$2 in forge-mca.mixin.json:MixinServerPlayNetworkHandler
[31Mar2025 02:08:34.618] [main/DEBUG] [mixin/]: Renaming synthetic method lambda$sendMessage$1(Lforge/net/mca/entity/VillagerEntityMCA;Ljava/lang/String;)V to md3e34bd$lambda$sendMessage$1$3 in forge-mca.mixin.json:MixinServerPlayNetworkHandler
[31Mar2025 02:08:34.618] [main/DEBUG] [mixin/]: Renaming synthetic method lambda$sendMessage$0(Lforge/net/mca/entity/VillagerEntityMCA;Ljava/lang/String;)V to md3e34bd$lambda$sendMessage$0$4 in forge-mca.mixin.json:MixinServerPlayNetworkHandler
[31Mar2025 02:08:34.640] [main/DEBUG] [mixin/]: Mixing swimming.server.ServerGamePacketListenerImplMixin from expandability-common.mixins.json into net.minecraft.server.network.ServerGamePacketListenerImpl
[31Mar2025 02:08:34.640] [main/DEBUG] [mixin/]: Mixing ServerGamePacketListenerImplMixin from ad_astra-common.mixins.json into net.minecraft.server.network.ServerGamePacketListenerImpl
[31Mar2025 02:08:34.666] [main/DEBUG] [mixin/]: Mixing accessor.PotionBrewingForgeAccessor from puzzleslib.forge.mixins.json into net.minecraft.world.item.alchemy.PotionBrewing
[31Mar2025 02:08:34.667] [main/DEBUG] [mixin/]: Renaming @Accessor method puzzleslib$getPotionMixes()Ljava/util/List; to puzzleslib$getPotionMixes_$md$3e34bd$0 in puzzleslib.forge.mixins.json:accessor.PotionBrewingForgeAccessor
[31Mar2025 02:08:34.667] [main/DEBUG] [mixin/]: Renaming @Accessor method puzzleslib$getContainerMixes()Ljava/util/List; to puzzleslib$getContainerMixes_$md$3e34bd$1 in puzzleslib.forge.mixins.json:accessor.PotionBrewingForgeAccessor
[31Mar2025 02:08:34.667] [main/DEBUG] [mixin/]: Renaming @Accessor method puzzleslib$getAllowedContainers()Ljava/util/List; to puzzleslib$getAllowedContainers_$md$3e34bd$2 in puzzleslib.forge.mixins.json:accessor.PotionBrewingForgeAccessor
[31Mar2025 02:08:34.725] [main/DEBUG] [portb.transformerlib.TransformerLib/]: Transforming net/minecraftforge/items/IItemHandler (target of net/minecraftforge/items/IItemHandler)
[31Mar2025 02:08:34.728] [main/DEBUG] [portb.transformerlib.TransformerLib/]: Transforming net/minecraftforge/items/IItemHandlerModifiable (target of net/minecraftforge/items/IItemHandler)
[31Mar2025 02:08:34.737] [main/DEBUG] [mixin/]: Mixing structures.StructureProcessorAccessor from mss-common.mixins.json into net.minecraft.world.level.levelgen.structure.templatesystem.StructureProcessor
[31Mar2025 02:08:34.763] [main/DEBUG] [mixin/]: Mixing structures.StructureTemplateManagerAccessor from mss-common.mixins.json into net.minecraft.world.level.levelgen.structure.templatesystem.StructureTemplateManager
[31Mar2025 02:08:34.767] [main/DEBUG] [mixin/]: Mixing ChunkGeneratorMixin from citadel.mixins.json into net.minecraft.world.level.chunk.ChunkGenerator
[31Mar2025 02:08:34.797] [main/DEBUG] [portb.transformerlib.TransformerLib/]: Transforming net/minecraft/world/entity/player/Inventory (target of net/minecraft/world/Container)
[31Mar2025 02:08:34.797] [main/DEBUG] [mixin/]: Mixing PFMPlayerInventoryMixin from pfm-common.mixins.json into net.minecraft.world.entity.player.Inventory
[31Mar2025 02:08:34.798] [main/DEBUG] [mixin/]: pfm-common.mixins.json:PFMPlayerInventoryMixin: Class version 60 required is higher than the class version supported by the current version of Mixin (JAVA_8 supports class version 52)
[31Mar2025 02:08:34.799] [main/DEBUG] [mixin/]: Mixing MixinInventory from curios.mixins.json into net.minecraft.world.entity.player.Inventory
[31Mar2025 02:08:34.799] [main/DEBUG] [mixin/]: Mixing MixinPlayerInventory from forge-mca.mixin.json into net.minecraft.world.entity.player.Inventory
[31Mar2025 02:08:34.800] [main/DEBUG] [mixin/]: Mixing InventoryMixin from celestisynth.mixins.json into net.minecraft.world.entity.player.Inventory
[31Mar2025 02:08:34.812] [main/DEBUG] [portb.transformerlib.TransformerLib/]: Transforming net/minecraft/world/SimpleContainer (target of net/minecraft/world/Container)
[31Mar2025 02:08:34.813] [main/DEBUG] [portb.transformerlib.TransformerLib/]: Transforming net/minecraft/world/inventory/ItemCombinerMenu$3 (target of net/minecraft/world/Container)
[31Mar2025 02:08:34.813] [main/DEBUG] [portb.transformerlib.TransformerLib/]: Transforming net/minecraft/world/inventory/Slot (target of net/minecraft/world/inventory/Slot)
[31Mar2025 02:08:34.814] [main/DEBUG] [portb.transformerlib.TransformerLib/]: Transforming net/minecraft/world/inventory/ItemCombinerMenu$1 (target of net/minecraft/world/inventory/Slot)
[31Mar2025 02:08:34.815] [main/DEBUG] [portb.transformerlib.TransformerLib/]: Transforming net/minecraft/world/inventory/ItemCombinerMenu$2 (target of net/minecraft/world/inventory/Slot)
[31Mar2025 02:08:34.816] [main/DEBUG] [portb.transformerlib.TransformerLib/]: Transforming net/minecraft/world/inventory/BeaconMenu$PaymentSlot (target of net/minecraft/world/inventory/Slot)
[31Mar2025 02:08:34.816] [main/DEBUG] [portb.transformerlib.TransformerLib/]: Transforming net/minecraft/world/inventory/FurnaceFuelSlot (target of net/minecraft/world/inventory/Slot)
[31Mar2025 02:08:34.817] [main/DEBUG] [portb.transformerlib.TransformerLib/]: Transforming net/minecraft/world/inventory/FurnaceResultSlot (target of net/minecraft/world/inventory/Slot)
[31Mar2025 02:08:34.817] [main/DEBUG] [portb.transformerlib.TransformerLib/]: Transforming net/minecraft/world/inventory/BrewingStandMenu$PotionSlot (target of net/minecraft/world/inventory/Slot)
[31Mar2025 02:08:34.818] [main/DEBUG] [portb.transformerlib.TransformerLib/]: Transforming net/minecraft/world/inventory/BrewingStandMenu$IngredientsSlot (target of net/minecraft/world/inventory/Slot)
[31Mar2025 02:08:34.818] [main/DEBUG] [portb.transformerlib.TransformerLib/]: Transforming net/minecraft/world/inventory/BrewingStandMenu$FuelSlot (target of net/minecraft/world/inventory/Slot)
[31Mar2025 02:08:34.818] [main/DEBUG] [portb.transformerlib.TransformerLib/]: Transforming net/minecraft/world/inventory/ResultSlot (target of net/minecraft/world/inventory/Slot)
[31Mar2025 02:08:34.820] [main/DEBUG] [portb.transformerlib.TransformerLib/]: Transforming net/minecraft/world/inventory/EnchantmentMenu$2 (target of net/minecraft/world/inventory/Slot)
[31Mar2025 02:08:34.820] [main/DEBUG] [portb.transformerlib.TransformerLib/]: Transforming net/minecraft/world/inventory/EnchantmentMenu$3 (target of net/minecraft/world/inventory/Slot)
[31Mar2025 02:08:34.821] [main/DEBUG] [portb.transformerlib.TransformerLib/]: Transforming net/minecraft/world/inventory/GrindstoneMenu$2 (target of net/minecraft/world/inventory/Slot)
[31Mar2025 02:08:34.821] [main/DEBUG] [portb.transformerlib.TransformerLib/]: Transforming net/minecraft/world/inventory/GrindstoneMenu$3 (target of net/minecraft/world/inventory/Slot)
[31Mar2025 02:08:34.822] [main/DEBUG] [portb.transformerlib.TransformerLib/]: Transforming net/minecraft/world/inventory/GrindstoneMenu$4 (target of net/minecraft/world/inventory/Slot)
[31Mar2025 02:08:34.823] [main/DEBUG] [portb.transformerlib.TransformerLib/]: Transforming net/minecraft/world/inventory/LoomMenu$3 (target of net/minecraft/world/inventory/Slot)
[31Mar2025 02:08:34.823] [main/DEBUG] [portb.transformerlib.TransformerLib/]: Transforming net/minecraft/world/inventory/LoomMenu$4 (target of net/minecraft/world/inventory/Slot)
[31Mar2025 02:08:34.824] [main/DEBUG] [portb.transformerlib.TransformerLib/]: Transforming net/minecraft/world/inventory/LoomMenu$5 (target of net/minecraft/world/inventory/Slot)
[31Mar2025 02:08:34.825] [main/DEBUG] [portb.transformerlib.TransformerLib/]: Transforming net/minecraft/world/inventory/LoomMenu$6 (target of net/minecraft/world/inventory/Slot)
[31Mar2025 02:08:34.826] [main/DEBUG] [portb.transformerlib.TransformerLib/]: Transforming net/minecraft/world/inventory/MerchantResultSlot (target of net/minecraft/world/inventory/Slot)
[31Mar2025 02:08:34.827] [main/DEBUG] [portb.transformerlib.TransformerLib/]: Transforming net/minecraft/world/inventory/ShulkerBoxSlot (target of net/minecraft/world/inventory/Slot)
[31Mar2025 02:08:34.828] [main/DEBUG] [portb.transformerlib.TransformerLib/]: Transforming net/minecraft/world/inventory/ResultContainer (target of net/minecraft/world/Container)
[31Mar2025 02:08:34.828] [main/DEBUG] [portb.transformerlib.TransformerLib/]: Transforming net/minecraft/world/inventory/CartographyTableMenu$2 (target of net/minecraft/world/Container)
[31Mar2025 02:08:34.829] [main/DEBUG] [portb.transformerlib.TransformerLib/]: Transforming net/minecraft/world/inventory/CartographyTableMenu$3 (target of net/minecraft/world/inventory/Slot)
[31Mar2025 02:08:34.830] [main/DEBUG] [portb.transformerlib.TransformerLib/]: Transforming net/minecraft/world/inventory/CartographyTableMenu$4 (target of net/minecraft/world/inventory/Slot)
[31Mar2025 02:08:34.830] [main/DEBUG] [portb.transformerlib.TransformerLib/]: Transforming net/minecraft/world/inventory/CartographyTableMenu$5 (target of net/minecraft/world/inventory/Slot)
[31Mar2025 02:08:34.831] [main/DEBUG] [portb.transformerlib.TransformerLib/]: Transforming net/minecraft/world/inventory/StonecutterMenu$2 (target of net/minecraft/world/inventory/Slot)
[31Mar2025 02:08:34.835] [main/DEBUG] [mixin/]: Mixing ArmorDyeRecipeMixin from ad_astra-common.mixins.json into net.minecraft.world.item.crafting.ArmorDyeRecipe
[31Mar2025 02:08:34.836] [main/DEBUG] [portb.transformerlib.TransformerLib/]: Transforming net/minecraft/world/inventory/CraftingContainer (target of net/minecraft/world/Container)
[31Mar2025 02:08:34.935] [main/DEBUG] [mixin/]: Mixing PFMItemEntryAccessor from pfm.mixins.json into net.minecraft.world.level.storage.loot.entries.LootItem
[31Mar2025 02:08:34.938] [main/DEBUG] [mixin/]: pfm.mixins.json:PFMItemEntryAccessor: Class version 60 required is higher than the class version supported by the current version of Mixin (JAVA_8 supports class version 52)
[31Mar2025 02:08:34.973] [main/DEBUG] [mixin/]: Mixing MixinApplyBonusCount from curios.mixins.json into net.minecraft.world.level.storage.loot.functions.ApplyBonusCount
[31Mar2025 02:08:35.037] [main/DEBUG] [mixin/]: Mixing common.DimensionTypeMixin from aether.mixins.json into net.minecraft.world.level.dimension.DimensionType
[31Mar2025 02:08:35.273] [main/DEBUG] [net.minecraftforge.coremod.transformer.CoreModBaseTransformer/COREMOD]: Transforming net/minecraft/world/level/levelgen/structure/Structure
[31Mar2025 02:08:35.283] [main/DEBUG] [mixin/]: Mixing structures.StructurePieceAccessor from mss-common.mixins.json into net.minecraft.world.level.levelgen.structure.StructurePiece
[31Mar2025 02:08:35.328] [main/DEBUG] [net.minecraftforge.coremod.transformer.CoreModBaseTransformer/COREMOD]: Transforming net/minecraft/world/level/levelgen/structure/structures/OceanRuinPieces$OceanRuinPiece
[31Mar2025 02:08:35.354] [main/DEBUG] [net.minecraftforge.coremod.transformer.CoreModBaseTransformer/COREMOD]: Transforming net/minecraft/world/level/levelgen/structure/structures/SwampHutPiece
[31Mar2025 02:08:35.373] [main/DEBUG] [net.minecraftforge.coremod.transformer.CoreModBaseTransformer/COREMOD]: Transforming net/minecraft/world/level/levelgen/structure/structures/OceanMonumentPieces$OceanMonumentPiece
[31Mar2025 02:08:35.401] [main/DEBUG] [net.minecraftforge.coremod.transformer.CoreModBaseTransformer/COREMOD]: Transforming net/minecraft/world/level/levelgen/structure/structures/WoodlandMansionPieces$WoodlandMansionPiece
[31Mar2025 02:08:35.414] [main/DEBUG] [mixin/]: Mixing structures.PoolElementStructurePieceAccessor from mss-common.mixins.json into net.minecraft.world.level.levelgen.structure.PoolElementStructurePiece
[31Mar2025 02:08:35.434] [main/DEBUG] [mixin/]: Mixing structures.StructurePoolAccessor from mss-common.mixins.json into net.minecraft.world.level.levelgen.structure.pools.StructureTemplatePool
[31Mar2025 02:08:35.434] [main/DEBUG] [mixin/]: Renaming @Accessor method getCODEC_REFERENCE()Lorg/apache/commons/lang3/mutable/MutableObject; to getCODEC_REFERENCE_$md$3e34bd$0 in mss-common.mixins.json:structures.StructurePoolAccessor
[31Mar2025 02:08:35.526] [main/DEBUG] [net.minecraftforge.coremod.transformer.CoreModBaseTransformer/COREMOD]: Transforming net/minecraft/world/level/biome/Biome
[31Mar2025 02:08:35.560] [main/DEBUG] [mixin/]: Mixing accessor.MobSpawnSettingsBuilderForgeAccessor from puzzleslib.forge.mixins.json into net.minecraft.world.level.biome.MobSpawnSettings$Builder
[31Mar2025 02:08:35.591] [main/DEBUG] [mixin/]: Mixing NoiseBasedChunkGeneratorMixin from citadel.mixins.json into net.minecraft.world.level.levelgen.NoiseBasedChunkGenerator
[31Mar2025 02:08:35.690] [main/DEBUG] [mixin/]: Mixing structures.SinglePoolElementAccessor from mss-common.mixins.json into net.minecraft.world.level.levelgen.structure.pools.SinglePoolElement
[31Mar2025 02:08:35.695] [main/DEBUG] [mixin/]: Mixing structures.ListPoolElementAccessor from mss-common.mixins.json into net.minecraft.world.level.levelgen.structure.pools.ListPoolElement
[31Mar2025 02:08:35.845] [main/DEBUG] [net.minecraftforge.common.ForgeI18n/CORE]: Loading I18N data entries: 6430
[31Mar2025 02:08:35.872] [main/DEBUG] [net.minecraftforge.fml.ModWorkManager/LOADING]: Using 4 threads for parallel mod-loading
[31Mar2025 02:08:35.880] [main/DEBUG] [net.minecraftforge.fml.javafmlmod.FMLJavaModLanguageProvider/LOADING]: Loading FMLModContainer from classloader cpw.mods.modlauncher.TransformingClassLoader@562919fe - got cpw.mods.cl.ModuleClassLoader@543e593
[31Mar2025 02:08:35.881] [main/DEBUG] [net.minecraftforge.fml.javafmlmod.FMLModContainer/LOADING]: Creating FMLModContainer instance for org.cyclops.cyclopscore.CyclopsCore
[31Mar2025 02:08:35.892] [main/DEBUG] [net.minecraftforge.fml.javafmlmod.FMLJavaModLanguageProvider/LOADING]: Loading FMLModContainer from classloader cpw.mods.modlauncher.TransformingClassLoader@562919fe - got cpw.mods.cl.ModuleClassLoader@543e593
[31Mar2025 02:08:35.892] [main/DEBUG] [net.minecraftforge.fml.javafmlmod.FMLModContainer/LOADING]: Creating FMLModContainer instance for elocindev.animation_overhaul.AnimationOverhaul
[31Mar2025 02:08:35.893] [main/DEBUG] [net.minecraftforge.fml.javafmlmod.FMLJavaModLanguageProvider/LOADING]: Loading FMLModContainer from classloader cpw.mods.modlauncher.TransformingClassLoader@562919fe - got cpw.mods.cl.ModuleClassLoader@543e593
[31Mar2025 02:08:35.893] [main/DEBUG] [net.minecraftforge.fml.javafmlmod.FMLModContainer/LOADING]: Creating FMLModContainer instance for fuzs.mutantmonsters.MutantMonstersForge
[31Mar2025 02:08:35.894] [main/DEBUG] [net.minecraftforge.fml.javafmlmod.FMLJavaModLanguageProvider/LOADING]: Loading FMLModContainer from classloader cpw.mods.modlauncher.TransformingClassLoader@562919fe - got cpw.mods.cl.ModuleClassLoader@543e593
[31Mar2025 02:08:35.894] [main/DEBUG] [net.minecraftforge.fml.javafmlmod.FMLModContainer/LOADING]: Creating FMLModContainer instance for software.bernie.example.GeckoLibMod
[31Mar2025 02:08:35.894] [main/DEBUG] [net.minecraftforge.fml.javafmlmod.FMLJavaModLanguageProvider/LOADING]: Loading FMLModContainer from classloader cpw.mods.modlauncher.TransformingClassLoader@562919fe - got cpw.mods.cl.ModuleClassLoader@543e593
[31Mar2025 02:08:35.894] [main/DEBUG] [net.minecraftforge.fml.javafmlmod.FMLModContainer/LOADING]: Creating FMLModContainer instance for com.communi.suggestu.scena.forge.Forge
[31Mar2025 02:08:35.895] [main/DEBUG] [net.minecraftforge.fml.javafmlmod.FMLJavaModLanguageProvider/LOADING]: Loading FMLModContainer from classloader cpw.mods.modlauncher.TransformingClassLoader@562919fe - got cpw.mods.cl.ModuleClassLoader@543e593
[31Mar2025 02:08:35.895] [main/DEBUG] [net.minecraftforge.fml.javafmlmod.FMLModContainer/LOADING]: Creating FMLModContainer instance for com.finndog.mss.forge.MSSForge
[31Mar2025 02:08:35.895] [main/DEBUG] [net.minecraftforge.fml.javafmlmod.FMLJavaModLanguageProvider/LOADING]: Loading FMLModContainer from classloader cpw.mods.modlauncher.TransformingClassLoader@562919fe - got cpw.mods.cl.ModuleClassLoader@543e593
[31Mar2025 02:08:35.896] [main/DEBUG] [net.minecraftforge.fml.javafmlmod.FMLModContainer/LOADING]: Creating FMLModContainer instance for earth.terrarium.botarium.forge.BotariumForge
[31Mar2025 02:08:35.896] [main/DEBUG] [net.minecraftforge.fml.javafmlmod.FMLJavaModLanguageProvider/LOADING]: Loading FMLModContainer from classloader cpw.mods.modlauncher.TransformingClassLoader@562919fe - got cpw.mods.cl.ModuleClassLoader@543e593
[31Mar2025 02:08:35.896] [main/DEBUG] [net.minecraftforge.fml.javafmlmod.FMLModContainer/LOADING]: Creating FMLModContainer instance for dev.kosmx.playerAnim.forge.ForgeModInterface
[31Mar2025 02:08:35.897] [main/DEBUG] [net.minecraftforge.fml.javafmlmod.FMLJavaModLanguageProvider/LOADING]: Loading FMLModContainer from classloader cpw.mods.modlauncher.TransformingClassLoader@562919fe - got cpw.mods.cl.ModuleClassLoader@543e593
[31Mar2025 02:08:35.897] [main/DEBUG] [net.minecraftforge.fml.javafmlmod.FMLModContainer/LOADING]: Creating FMLModContainer instance for com.aetherteam.aether.Aether
[31Mar2025 02:08:35.900] [main/DEBUG] [net.minecraftforge.fml.javafmlmod.FMLJavaModLanguageProvider/LOADING]: Loading FMLModContainer from classloader cpw.mods.modlauncher.TransformingClassLoader@562919fe - got cpw.mods.cl.ModuleClassLoader@543e593
[31Mar2025 02:08:35.900] [main/DEBUG] [net.minecraftforge.fml.javafmlmod.FMLModContainer/LOADING]: Creating FMLModContainer instance for mezz.jei.forge.JustEnoughItems
[31Mar2025 02:08:35.901] [main/DEBUG] [net.minecraftforge.fml.lowcodemod.LowCodeModLanguageProvider.LowCodeModTarget/LOADING]: Loading LowCodeModContainer from classloader cpw.mods.modlauncher.TransformingClassLoader@562919fe - got cpw.mods.cl.ModuleClassLoader@543e593
[31Mar2025 02:08:35.901] [main/DEBUG] [net.minecraftforge.fml.lowcodemod.LowCodeModContainer/LOADING]: Creating LowCodeModContainer for incendium
[31Mar2025 02:08:35.905] [main/DEBUG] [net.minecraftforge.fml.javafmlmod.FMLJavaModLanguageProvider/LOADING]: Loading FMLModContainer from classloader cpw.mods.modlauncher.TransformingClassLoader@562919fe - got cpw.mods.cl.ModuleClassLoader@543e593
[31Mar2025 02:08:35.905] [main/DEBUG] [net.minecraftforge.fml.javafmlmod.FMLModContainer/LOADING]: Creating FMLModContainer instance for net.mindoth.fabledweaponry.FabledWeaponry
[31Mar2025 02:08:35.906] [main/DEBUG] [net.minecraftforge.fml.javafmlmod.FMLJavaModLanguageProvider/LOADING]: Loading FMLModContainer from classloader cpw.mods.modlauncher.TransformingClassLoader@562919fe - got cpw.mods.cl.ModuleClassLoader@543e593
[31Mar2025 02:08:35.906] [main/DEBUG] [net.minecraftforge.fml.javafmlmod.FMLModContainer/LOADING]: Creating FMLModContainer instance for journeymap.common.Journeymap
[31Mar2025 02:08:35.907] [main/DEBUG] [net.minecraftforge.fml.javafmlmod.FMLJavaModLanguageProvider/LOADING]: Loading FMLModContainer from classloader cpw.mods.modlauncher.TransformingClassLoader@562919fe - got cpw.mods.cl.ModuleClassLoader@543e593
[31Mar2025 02:08:35.907] [main/DEBUG] [net.minecraftforge.fml.javafmlmod.FMLModContainer/LOADING]: Creating FMLModContainer instance for com.github.alexthe666.citadel.Citadel
[31Mar2025 02:08:35.909] [main/DEBUG] [net.minecraftforge.fml.javafmlmod.FMLJavaModLanguageProvider/LOADING]: Loading FMLModContainer from classloader cpw.mods.modlauncher.TransformingClassLoader@562919fe - got cpw.mods.cl.ModuleClassLoader@543e593
[31Mar2025 02:08:35.909] [main/DEBUG] [net.minecraftforge.fml.javafmlmod.FMLModContainer/LOADING]: Creating FMLModContainer instance for com.github.alexthe666.alexsmobs.AlexsMobs
[31Mar2025 02:08:35.911] [main/DEBUG] [net.minecraftforge.fml.javafmlmod.FMLJavaModLanguageProvider/LOADING]: Loading FMLModContainer from classloader cpw.mods.modlauncher.TransformingClassLoader@562919fe - got cpw.mods.cl.ModuleClassLoader@543e593
[31Mar2025 02:08:35.911] [main/DEBUG] [net.minecraftforge.fml.javafmlmod.FMLModContainer/LOADING]: Creating FMLModContainer instance for com.tiviacz.travelersbackpack.TravelersBackpack
[31Mar2025 02:08:35.912] [main/DEBUG] [net.minecraftforge.fml.javafmlmod.FMLJavaModLanguageProvider/LOADING]: Loading FMLModContainer from classloader cpw.mods.modlauncher.TransformingClassLoader@562919fe - got cpw.mods.cl.ModuleClassLoader@543e593
[31Mar2025 02:08:35.912] [main/DEBUG] [net.minecraftforge.fml.javafmlmod.FMLModContainer/LOADING]: Creating FMLModContainer instance for artifacts.forge.ArtifactsForge
[31Mar2025 02:08:35.913] [main/DEBUG] [net.minecraftforge.fml.javafmlmod.FMLJavaModLanguageProvider/LOADING]: Loading FMLModContainer from classloader cpw.mods.modlauncher.TransformingClassLoader@562919fe - got cpw.mods.cl.ModuleClassLoader@543e593
[31Mar2025 02:08:35.913] [main/DEBUG] [net.minecraftforge.fml.javafmlmod.FMLModContainer/LOADING]: Creating FMLModContainer instance for org.cyclops.evilcraft.EvilCraft
[31Mar2025 02:08:35.915] [main/DEBUG] [net.minecraftforge.fml.javafmlmod.FMLJavaModLanguageProvider/LOADING]: Loading FMLModContainer from classloader cpw.mods.modlauncher.TransformingClassLoader@562919fe - got cpw.mods.cl.ModuleClassLoader@543e593
[31Mar2025 02:08:35.915] [main/DEBUG] [net.minecraftforge.fml.javafmlmod.FMLModContainer/LOADING]: Creating FMLModContainer instance for org.cyclops.evilcraftcompat.EvilCraftCompat
[31Mar2025 02:08:35.916] [main/DEBUG] [net.minecraftforge.fml.javafmlmod.FMLJavaModLanguageProvider/LOADING]: Loading FMLModContainer from classloader cpw.mods.modlauncher.TransformingClassLoader@562919fe - got cpw.mods.cl.ModuleClassLoader@543e593
[31Mar2025 02:08:35.916] [main/DEBUG] [net.minecraftforge.fml.javafmlmod.FMLModContainer/LOADING]: Creating FMLModContainer instance for com.llamalad7.mixinextras.platform.forge.MixinExtrasMod
[31Mar2025 02:08:35.917] [main/DEBUG] [net.minecraftforge.fml.javafmlmod.FMLJavaModLanguageProvider/LOADING]: Loading FMLModContainer from classloader cpw.mods.modlauncher.TransformingClassLoader@562919fe - got cpw.mods.cl.ModuleClassLoader@543e593
[31Mar2025 02:08:35.917] [main/DEBUG] [net.minecraftforge.fml.javafmlmod.FMLModContainer/LOADING]: Creating FMLModContainer instance for com.natamus.oreharvester.ModForge
[31Mar2025 02:08:35.917] [main/DEBUG] [net.minecraftforge.fml.lowcodemod.LowCodeModLanguageProvider.LowCodeModTarget/LOADING]: Loading LowCodeModContainer from classloader cpw.mods.modlauncher.TransformingClassLoader@562919fe - got cpw.mods.cl.ModuleClassLoader@543e593
[31Mar2025 02:08:35.918] [main/DEBUG] [net.minecraftforge.fml.lowcodemod.LowCodeModContainer/LOADING]: Creating LowCodeModContainer for terralith
[31Mar2025 02:08:35.918] [main/DEBUG] [net.minecraftforge.fml.javafmlmod.FMLJavaModLanguageProvider/LOADING]: Loading FMLModContainer from classloader cpw.mods.modlauncher.TransformingClassLoader@562919fe - got cpw.mods.cl.ModuleClassLoader@543e593
[31Mar2025 02:08:35.918] [main/DEBUG] [net.minecraftforge.fml.javafmlmod.FMLModContainer/LOADING]: Creating FMLModContainer instance for portb.biggerstacks.BiggerStacks
[31Mar2025 02:08:35.918] [main/DEBUG] [net.minecraftforge.fml.javafmlmod.FMLJavaModLanguageProvider/LOADING]: Loading FMLModContainer from classloader cpw.mods.modlauncher.TransformingClassLoader@562919fe - got cpw.mods.cl.ModuleClassLoader@543e593
[31Mar2025 02:08:35.919] [main/DEBUG] [net.minecraftforge.fml.javafmlmod.FMLModContainer/LOADING]: Creating FMLModContainer instance for com.yahoo.chirpycricket.mythicmounts.MythicMounts
[31Mar2025 02:08:35.919] [main/DEBUG] [net.minecraftforge.fml.javafmlmod.FMLJavaModLanguageProvider/LOADING]: Loading FMLModContainer from classloader cpw.mods.modlauncher.TransformingClassLoader@562919fe - got cpw.mods.cl.ModuleClassLoader@543e593
[31Mar2025 02:08:35.919] [main/DEBUG] [net.minecraftforge.fml.javafmlmod.FMLModContainer/LOADING]: Creating FMLModContainer instance for fuzs.puzzlesaccessapi.forge.PuzzlesAccessApiForge
[31Mar2025 02:08:35.920] [main/DEBUG] [net.minecraftforge.fml.javafmlmod.FMLJavaModLanguageProvider/LOADING]: Loading FMLModContainer from classloader cpw.mods.modlauncher.TransformingClassLoader@562919fe - got cpw.mods.cl.ModuleClassLoader@543e593
[31Mar2025 02:08:35.920] [main/DEBUG] [net.minecraftforge.fml.javafmlmod.FMLModContainer/LOADING]: Creating FMLModContainer instance for me.shedaniel.clothconfig.ClothConfigForge
[31Mar2025 02:08:35.920] [main/DEBUG] [net.minecraftforge.fml.javafmlmod.FMLJavaModLanguageProvider/LOADING]: Loading FMLModContainer from classloader cpw.mods.modlauncher.TransformingClassLoader@562919fe - got cpw.mods.cl.ModuleClassLoader@543e593
[31Mar2025 02:08:35.921] [main/DEBUG] [net.minecraftforge.fml.javafmlmod.FMLModContainer/LOADING]: Creating FMLModContainer instance for net.minecraftforge.common.ForgeMod
[31Mar2025 02:08:35.923] [main/DEBUG] [net.minecraftforge.fml.javafmlmod.FMLJavaModLanguageProvider/LOADING]: Loading FMLModContainer from classloader cpw.mods.modlauncher.TransformingClassLoader@562919fe - got cpw.mods.cl.ModuleClassLoader@543e593
[31Mar2025 02:08:35.923] [main/DEBUG] [net.minecraftforge.fml.javafmlmod.FMLModContainer/LOADING]: Creating FMLModContainer instance for com.unlikepaladin.pfm.forge.PaladinFurnitureModForge
[31Mar2025 02:08:35.924] [main/DEBUG] [net.minecraftforge.fml.javafmlmod.FMLJavaModLanguageProvider/LOADING]: Loading FMLModContainer from classloader cpw.mods.modlauncher.TransformingClassLoader@562919fe - got cpw.mods.cl.ModuleClassLoader@543e593
[31Mar2025 02:08:35.924] [main/DEBUG] [net.minecraftforge.fml.javafmlmod.FMLModContainer/LOADING]: Creating FMLModContainer instance for twilightforest.TwilightForestMod
[31Mar2025 02:08:35.927] [main/DEBUG] [net.minecraftforge.fml.javafmlmod.FMLJavaModLanguageProvider/LOADING]: Loading FMLModContainer from classloader cpw.mods.modlauncher.TransformingClassLoader@562919fe - got cpw.mods.cl.ModuleClassLoader@543e593
[31Mar2025 02:08:35.927] [main/DEBUG] [net.minecraftforge.fml.javafmlmod.FMLModContainer/LOADING]: Creating FMLModContainer instance for de.keksuccino.konkrete.Konkrete
[31Mar2025 02:08:35.928] [main/DEBUG] [net.minecraftforge.fml.javafmlmod.FMLJavaModLanguageProvider/LOADING]: Loading FMLModContainer from classloader cpw.mods.modlauncher.TransformingClassLoader@562919fe - got cpw.mods.cl.ModuleClassLoader@543e593
[31Mar2025 02:08:35.928] [main/DEBUG] [net.minecraftforge.fml.javafmlmod.FMLModContainer/LOADING]: Creating FMLModContainer instance for io.github.kosmx.emotes.forge.ForgeWrapper
[31Mar2025 02:08:35.929] [main/DEBUG] [net.minecraftforge.fml.javafmlmod.FMLJavaModLanguageProvider/LOADING]: Loading FMLModContainer from classloader cpw.mods.modlauncher.TransformingClassLoader@562919fe - got cpw.mods.cl.ModuleClassLoader@543e593
[31Mar2025 02:08:35.929] [main/DEBUG] [net.minecraftforge.fml.javafmlmod.FMLModContainer/LOADING]: Creating FMLModContainer instance for net.mcreator.useless_sword.UselessSwordMod
[31Mar2025 02:08:35.930] [main/DEBUG] [net.minecraftforge.fml.javafmlmod.FMLJavaModLanguageProvider/LOADING]: Loading FMLModContainer from classloader cpw.mods.modlauncher.TransformingClassLoader@562919fe - got cpw.mods.cl.ModuleClassLoader@543e593
[31Mar2025 02:08:35.930] [main/DEBUG] [net.minecraftforge.fml.javafmlmod.FMLModContainer/LOADING]: Creating FMLModContainer instance for elocindev.necronomicon.CommonInitializer
[31Mar2025 02:08:35.930] [main/DEBUG] [net.minecraftforge.fml.javafmlmod.FMLJavaModLanguageProvider/LOADING]: Loading FMLModContainer from classloader cpw.mods.modlauncher.TransformingClassLoader@562919fe - got cpw.mods.cl.ModuleClassLoader@543e593
[31Mar2025 02:08:35.931] [main/DEBUG] [net.minecraftforge.fml.javafmlmod.FMLModContainer/LOADING]: Creating FMLModContainer instance for snownee.jade.util.CommonProxy
[31Mar2025 02:08:35.932] [main/DEBUG] [net.minecraftforge.fml.javafmlmod.FMLJavaModLanguageProvider/LOADING]: Loading FMLModContainer from classloader cpw.mods.modlauncher.TransformingClassLoader@562919fe - got cpw.mods.cl.ModuleClassLoader@543e593
[31Mar2025 02:08:35.932] [main/DEBUG] [net.minecraftforge.fml.javafmlmod.FMLModContainer/LOADING]: Creating FMLModContainer instance for ironfurnaces.IronFurnaces
[31Mar2025 02:08:35.933] [main/DEBUG] [net.minecraftforge.fml.javafmlmod.FMLJavaModLanguageProvider/LOADING]: Loading FMLModContainer from classloader cpw.mods.modlauncher.TransformingClassLoader@562919fe - got cpw.mods.cl.ModuleClassLoader@543e593
[31Mar2025 02:08:35.933] [main/DEBUG] [net.minecraftforge.fml.javafmlmod.FMLModContainer/LOADING]: Creating FMLModContainer instance for com.teamresourceful.resourcefulconfig.forge.ResourcefulconfigForge
[31Mar2025 02:08:35.933] [main/DEBUG] [net.minecraftforge.fml.javafmlmod.FMLJavaModLanguageProvider/LOADING]: Loading FMLModContainer from classloader cpw.mods.modlauncher.TransformingClassLoader@562919fe - got cpw.mods.cl.ModuleClassLoader@543e593
[31Mar2025 02:08:35.933] [main/DEBUG] [net.minecraftforge.fml.javafmlmod.FMLModContainer/LOADING]: Creating FMLModContainer instance for top.theillusivec4.curios.Curios
[31Mar2025 02:08:35.934] [main/DEBUG] [net.minecraftforge.fml.javafmlmod.FMLJavaModLanguageProvider/LOADING]: Loading FMLModContainer from classloader cpw.mods.modlauncher.TransformingClassLoader@562919fe - got cpw.mods.cl.ModuleClassLoader@543e593
[31Mar2025 02:08:35.934] [main/DEBUG] [net.minecraftforge.fml.javafmlmod.FMLModContainer/LOADING]: Creating FMLModContainer instance for vazkii.patchouli.forge.common.ForgeModInitializer
[31Mar2025 02:08:35.935] [main/DEBUG] [net.minecraftforge.fml.javafmlmod.FMLJavaModLanguageProvider/LOADING]: Loading FMLModContainer from classloader cpw.mods.modlauncher.TransformingClassLoader@562919fe - got cpw.mods.cl.ModuleClassLoader@543e593
[31Mar2025 02:08:35.935] [main/DEBUG] [net.minecraftforge.fml.javafmlmod.FMLModContainer/LOADING]: Creating FMLModContainer instance for de.maxhenkel.gravestone.Main
[31Mar2025 02:08:35.937] [main/DEBUG] [net.minecraftforge.fml.javafmlmod.FMLJavaModLanguageProvider/LOADING]: Loading FMLModContainer from classloader cpw.mods.modlauncher.TransformingClassLoader@562919fe - got cpw.mods.cl.ModuleClassLoader@543e593
[31Mar2025 02:08:35.937] [main/DEBUG] [net.minecraftforge.fml.javafmlmod.FMLModContainer/LOADING]: Creating FMLModContainer instance for com.natamus.collective.CollectiveForge
[31Mar2025 02:08:35.937] [main/DEBUG] [net.minecraftforge.fml.lowcodemod.LowCodeModLanguageProvider.LowCodeModTarget/LOADING]: Loading LowCodeModContainer from classloader cpw.mods.modlauncher.TransformingClassLoader@562919fe - got cpw.mods.cl.ModuleClassLoader@543e593
[31Mar2025 02:08:35.938] [main/DEBUG] [net.minecraftforge.fml.lowcodemod.LowCodeModContainer/LOADING]: Creating LowCodeModContainer for mr_dungeons_andtaverns
[31Mar2025 02:08:35.938] [main/DEBUG] [net.minecraftforge.fml.javafmlmod.FMLJavaModLanguageProvider/LOADING]: Loading FMLModContainer from classloader cpw.mods.modlauncher.TransformingClassLoader@562919fe - got cpw.mods.cl.ModuleClassLoader@543e593
[31Mar2025 02:08:35.938] [main/DEBUG] [net.minecraftforge.fml.javafmlmod.FMLModContainer/LOADING]: Creating FMLModContainer instance for dlovin.inventoryhud.InventoryHUD
[31Mar2025 02:08:35.939] [main/DEBUG] [net.minecraftforge.fml.javafmlmod.FMLJavaModLanguageProvider/LOADING]: Loading FMLModContainer from classloader cpw.mods.modlauncher.TransformingClassLoader@562919fe - got cpw.mods.cl.ModuleClassLoader@543e593
[31Mar2025 02:08:35.939] [main/DEBUG] [net.minecraftforge.fml.javafmlmod.FMLModContainer/LOADING]: Creating FMLModContainer instance for com.teamresourceful.resourcefullib.forge.ResourcefulLibForge
[31Mar2025 02:08:35.939] [main/DEBUG] [net.minecraftforge.fml.javafmlmod.FMLJavaModLanguageProvider/LOADING]: Loading FMLModContainer from classloader cpw.mods.modlauncher.TransformingClassLoader@562919fe - got cpw.mods.cl.ModuleClassLoader@543e593
[31Mar2025 02:08:35.939] [main/DEBUG] [net.minecraftforge.fml.javafmlmod.FMLModContainer/LOADING]: Creating FMLModContainer instance for com.aetherteam.cumulus.Cumulus
[31Mar2025 02:08:35.940] [main/DEBUG] [net.minecraftforge.fml.javafmlmod.FMLJavaModLanguageProvider/LOADING]: Loading FMLModContainer from classloader cpw.mods.modlauncher.TransformingClassLoader@562919fe - got cpw.mods.cl.ModuleClassLoader@543e593
[31Mar2025 02:08:35.940] [main/DEBUG] [net.minecraftforge.fml.javafmlmod.FMLModContainer/LOADING]: Creating FMLModContainer instance for dev.architectury.forge.ArchitecturyForge
[31Mar2025 02:08:35.941] [main/DEBUG] [net.minecraftforge.fml.javafmlmod.FMLJavaModLanguageProvider/LOADING]: Loading FMLModContainer from classloader cpw.mods.modlauncher.TransformingClassLoader@562919fe - got cpw.mods.cl.ModuleClassLoader@543e593
[31Mar2025 02:08:35.941] [main/DEBUG] [net.minecraftforge.fml.javafmlmod.FMLModContainer/LOADING]: Creating FMLModContainer instance for forge.net.mca.forge.MCAForge
[31Mar2025 02:08:35.941] [main/DEBUG] [net.minecraftforge.fml.javafmlmod.FMLJavaModLanguageProvider/LOADING]: Loading FMLModContainer from classloader cpw.mods.modlauncher.TransformingClassLoader@562919fe - got cpw.mods.cl.ModuleClassLoader@543e593
[31Mar2025 02:08:35.941] [main/DEBUG] [net.minecraftforge.fml.javafmlmod.FMLModContainer/LOADING]: Creating FMLModContainer instance for fuzs.puzzleslib.impl.PuzzlesLibForge
[31Mar2025 02:08:35.942] [main/DEBUG] [net.minecraftforge.fml.javafmlmod.FMLJavaModLanguageProvider/LOADING]: Loading FMLModContainer from classloader cpw.mods.modlauncher.TransformingClassLoader@562919fe - got cpw.mods.cl.ModuleClassLoader@543e593
[31Mar2025 02:08:35.942] [main/DEBUG] [net.minecraftforge.fml.javafmlmod.FMLModContainer/LOADING]: Creating FMLModContainer instance for de.keksuccino.justzoom.JustZoomForge
[31Mar2025 02:08:35.943] [main/DEBUG] [net.minecraftforge.fml.javafmlmod.FMLJavaModLanguageProvider/LOADING]: Loading FMLModContainer from classloader cpw.mods.modlauncher.TransformingClassLoader@562919fe - got cpw.mods.cl.ModuleClassLoader@543e593
[31Mar2025 02:08:35.943] [main/DEBUG] [net.minecraftforge.fml.javafmlmod.FMLModContainer/LOADING]: Creating FMLModContainer instance for com.aetherteam.nitrogen.Nitrogen
[31Mar2025 02:08:35.944] [main/DEBUG] [net.minecraftforge.fml.javafmlmod.FMLJavaModLanguageProvider/LOADING]: Loading FMLModContainer from classloader cpw.mods.modlauncher.TransformingClassLoader@562919fe - got cpw.mods.cl.ModuleClassLoader@543e593
[31Mar2025 02:08:35.944] [main/DEBUG] [net.minecraftforge.fml.javafmlmod.FMLModContainer/LOADING]: Creating FMLModContainer instance for com.aqutheseal.celestisynth.Celestisynth
[31Mar2025 02:08:35.944] [main/DEBUG] [net.minecraftforge.fml.javafmlmod.FMLJavaModLanguageProvider/LOADING]: Loading FMLModContainer from classloader cpw.mods.modlauncher.TransformingClassLoader@562919fe - got cpw.mods.cl.ModuleClassLoader@543e593
[31Mar2025 02:08:35.944] [main/DEBUG] [net.minecraftforge.fml.javafmlmod.FMLModContainer/LOADING]: Creating FMLModContainer instance for be.florens.expandability.forge.ExpandAbilityForge
[31Mar2025 02:08:35.945] [main/DEBUG] [net.minecraftforge.fml.javafmlmod.FMLJavaModLanguageProvider/LOADING]: Loading FMLModContainer from classloader cpw.mods.modlauncher.TransformingClassLoader@562919fe - got cpw.mods.cl.ModuleClassLoader@543e593
[31Mar2025 02:08:35.945] [main/DEBUG] [net.minecraftforge.fml.javafmlmod.FMLModContainer/LOADING]: Creating FMLModContainer instance for mod.chiselsandbits.forge.Forge
[31Mar2025 02:08:35.946] [main/DEBUG] [net.minecraftforge.fml.javafmlmod.FMLJavaModLanguageProvider/LOADING]: Loading FMLModContainer from classloader cpw.mods.modlauncher.TransformingClassLoader@562919fe - got cpw.mods.cl.ModuleClassLoader@543e593
[31Mar2025 02:08:35.946] [main/DEBUG] [net.minecraftforge.fml.javafmlmod.FMLModContainer/LOADING]: Creating FMLModContainer instance for earth.terrarium.ad_astra.forge.AdAstraForge
[31Mar2025 02:08:35.974] [modloading-worker-0/DEBUG] [net.minecraftforge.fml.javafmlmod.AutomaticEventSubscriber/LOADING]: Attempting to inject @EventBusSubscriber classes into the eventbus for mutantmonsters
[31Mar2025 02:08:35.977] [modloading-worker-0/DEBUG] [net.minecraftforge.fml.javafmlmod.AutomaticEventSubscriber/LOADING]: Auto-subscribing fuzs.mutantmonsters.MutantMonstersForge to MOD
[31Mar2025 02:08:35.982] [modloading-worker-0/INFO] [necronomicon/]: File exists, reading config for elocindev.animation_overhaul.config.AnimationsConfig.
[31Mar2025 02:08:35.984] [modloading-worker-0/INFO] [necronomicon/]: Config for elocindev.animation_overhaul.config.AnimationsConfig read successfully.
[31Mar2025 02:08:36.004] [modloading-worker-0/INFO] [necronomicon/]: File exists, reading config for elocindev.animation_overhaul.config.PlayerConfig.
[31Mar2025 02:08:36.005] [modloading-worker-0/INFO] [necronomicon/]: Config for elocindev.animation_overhaul.config.PlayerConfig read successfully.
[31Mar2025 02:08:36.020] [modloading-worker-0/INFO] [animation_overhaul/]: Animation Overhaul's Config initialized
[31Mar2025 02:08:36.020] [modloading-worker-0/DEBUG] [net.minecraftforge.fml.javafmlmod.AutomaticEventSubscriber/LOADING]: Attempting to inject @EventBusSubscriber classes into the eventbus for animation_overhaul
[31Mar2025 02:08:36.062] [modloading-worker-0/INFO] [scena-forge/]: Initialized scena-forge
[31Mar2025 02:08:36.066] [modloading-worker-0/DEBUG] [net.minecraftforge.fml.javafmlmod.AutomaticEventSubscriber/LOADING]: Attempting to inject @EventBusSubscriber classes into the eventbus for scena
[31Mar2025 02:08:36.066] [modloading-worker-0/DEBUG] [net.minecraftforge.fml.javafmlmod.AutomaticEventSubscriber/LOADING]: Auto-subscribing com.communi.suggestu.scena.forge.platform.creativetab.ForgeCreativeTabManager to MOD
[31Mar2025 02:08:36.084] [modloading-worker-0/DEBUG] [net.minecraftforge.fml.javafmlmod.AutomaticEventSubscriber/LOADING]: Attempting to inject @EventBusSubscriber classes into the eventbus for geckolib
[31Mar2025 02:08:36.084] [modloading-worker-0/DEBUG] [net.minecraftforge.fml.javafmlmod.AutomaticEventSubscriber/LOADING]: Auto-subscribing software.bernie.example.GeckoLibMod to FORGE
[31Mar2025 02:08:36.093] [modloading-worker-0/DEBUG] [net.minecraftforge.fml.javafmlmod.AutomaticEventSubscriber/LOADING]: Auto-subscribing software.bernie.example.CommonListener to MOD
[31Mar2025 02:08:36.130] [modloading-worker-0/DEBUG] [net.minecraftforge.fml.javafmlmod.AutomaticEventSubscriber/LOADING]: Attempting to inject @EventBusSubscriber classes into the eventbus for botarium
[31Mar2025 02:08:36.132] [modloading-worker-0/DEBUG] [net.minecraftforge.fml.javafmlmod.AutomaticEventSubscriber/LOADING]: Attempting to inject @EventBusSubscriber classes into the eventbus for playeranimator
[31Mar2025 02:08:36.138] [modloading-worker-0/INFO] [Puzzles Lib/]: Constructing common components for mutantmonsters:main
[31Mar2025 02:08:36.177] [modloading-worker-0/DEBUG] [net.minecraftforge.fml.javafmlmod.AutomaticEventSubscriber/LOADING]: Attempting to inject @EventBusSubscriber classes into the eventbus for mss
[31Mar2025 02:08:36.194] [modloading-worker-0/DEBUG] [net.minecraftforge.fml.config.ConfigTracker/CONFIG]: Config file jei-server.toml for jei tracking
[31Mar2025 02:08:36.197] [modloading-worker-0/DEBUG] [net.minecraftforge.fml.config.ConfigTracker/CONFIG]: Config file mutantmonsters-common.toml for mutantmonsters tracking
[31Mar2025 02:08:36.204] [modloading-worker-0/DEBUG] [net.minecraftforge.fml.javafmlmod.AutomaticEventSubscriber/LOADING]: Attempting to inject @EventBusSubscriber classes into the eventbus for jei
[31Mar2025 02:08:36.211] [modloading-worker-0/DEBUG] [net.minecraftforge.fml.config.ConfigTracker/CONFIG]: Config file mutantmonsters-server.toml for mutantmonsters tracking
[31Mar2025 02:08:36.242] [modloading-worker-0/DEBUG] [net.minecraftforge.fml.config.ConfigTracker/CONFIG]: Config file cyclopscore-common.toml for cyclopscore tracking
[31Mar2025 02:08:36.244] [modloading-worker-0/DEBUG] [net.minecraftforge.fml.ModLoadingContext/]: Attempted to register an empty config for type CLIENT on mod cyclopscore
[31Mar2025 02:08:36.254] [modloading-worker-0/DEBUG] [mixin/]: Mixing RecipeManagerAccessor from celestisynth.mixins.json into net.minecraft.world.item.crafting.RecipeManager
[31Mar2025 02:08:36.256] [modloading-worker-0/DEBUG] [net.minecraftforge.fml.javafmlmod.AutomaticEventSubscriber/LOADING]: Attempting to inject @EventBusSubscriber classes into the eventbus for fabledweaponry
[31Mar2025 02:08:36.256] [modloading-worker-0/DEBUG] [net.minecraftforge.fml.javafmlmod.AutomaticEventSubscriber/LOADING]: Auto-subscribing net.mindoth.fabledweaponry.item.ScimitarItem to FORGE
[31Mar2025 02:08:36.267] [modloading-worker-0/DEBUG] [net.minecraftforge.fml.javafmlmod.AutomaticEventSubscriber/LOADING]: Auto-subscribing net.mindoth.fabledweaponry.event.CommonEvents to FORGE
[31Mar2025 02:08:36.267] [modloading-worker-0/DEBUG] [net.minecraftforge.fml.javafmlmod.AutomaticEventSubscriber/LOADING]: Attempting to inject @EventBusSubscriber classes into the eventbus for cyclopscore
[31Mar2025 02:08:36.281] [modloading-worker-0/DEBUG] [net.minecraftforge.fml.config.ConfigTracker/CONFIG]: Config file journeymap-server.toml for journeymap tracking
[31Mar2025 02:08:36.285] [modloading-worker-0/DEBUG] [net.minecraftforge.fml.javafmlmod.AutomaticEventSubscriber/LOADING]: Attempting to inject @EventBusSubscriber classes into the eventbus for journeymap
[31Mar2025 02:08:36.286] [modloading-worker-0/DEBUG] [net.minecraftforge.fml.javafmlmod.AutomaticEventSubscriber/LOADING]: Auto-subscribing journeymap.common.config.forge.ForgeConfig to MOD
[31Mar2025 02:08:36.290] [modloading-worker-0/DEBUG] [net.minecraftforge.fml.javafmlmod.AutomaticEventSubscriber/LOADING]: Auto-subscribing journeymap.common.Journeymap to FORGE
[31Mar2025 02:08:36.316] [modloading-worker-0/DEBUG] [mixin/]: Mixing accessor.LootContextParamSetsAccessor from mutantmonsters.common.mixins.json into net.minecraft.world.level.storage.loot.parameters.LootContextParamSets
[31Mar2025 02:08:36.316] [modloading-worker-0/DEBUG] [mixin/]: Mixing common.accessor.LootContextParamSetsAccessor from aether.mixins.json into net.minecraft.world.level.storage.loot.parameters.LootContextParamSets
[31Mar2025 02:08:36.316] [modloading-worker-0/DEBUG] [mixin/]: Renaming @Invoker method callRegister(Ljava/lang/String;Ljava/util/function/Consumer;)Lnet/minecraft/world/level/storage/loot/parameters/LootContextParamSet; to callRegister_$md$3e34bd$1 in aether.mixins.json:common.accessor.LootContextParamSetsAccessor
[31Mar2025 02:08:36.337] [modloading-worker-0/DEBUG] [net.minecraftforge.fml.config.ConfigTracker/CONFIG]: Config file citadel-common.toml for citadel tracking
[31Mar2025 02:08:36.352] [modloading-worker-0/DEBUG] [net.minecraftforge.fml.javafmlmod.AutomaticEventSubscriber/LOADING]: Attempting to inject @EventBusSubscriber classes into the eventbus for citadel
[31Mar2025 02:08:36.352] [modloading-worker-0/DEBUG] [net.minecraftforge.fml.javafmlmod.AutomaticEventSubscriber/LOADING]: Auto-subscribing com.github.alexthe666.citadel.ServerProxy to MOD
[31Mar2025 02:08:36.406] [modloading-worker-0/DEBUG] [net.minecraftforge.fml.config.ConfigTracker/CONFIG]: Config file travelersbackpack-server.toml for travelersbackpack tracking
[31Mar2025 02:08:36.412] [modloading-worker-0/DEBUG] [net.minecraftforge.fml.config.ConfigTracker/CONFIG]: Config file travelersbackpack-common.toml for travelersbackpack tracking
[31Mar2025 02:08:36.412] [modloading-worker-0/DEBUG] [net.minecraftforge.fml.config.ConfigTracker/CONFIG]: Config file travelersbackpack-client.toml for travelersbackpack tracking
[31Mar2025 02:08:36.536] [modloading-worker-0/DEBUG] [portb.transformerlib.TransformerLib/]: Transforming net/minecraft/world/inventory/InventoryMenu$1 (target of net/minecraft/world/inventory/Slot)
[31Mar2025 02:08:36.538] [modloading-worker-0/DEBUG] [portb.transformerlib.TransformerLib/]: Transforming net/minecraft/world/inventory/InventoryMenu$2 (target of net/minecraft/world/inventory/Slot)
[31Mar2025 02:08:36.538] [modloading-worker-0/DEBUG] [portb.transformerlib.TransformerLib/]: Transforming com/aetherteam/aether/inventory/menu/AccessoriesMenu$1 (target of net/minecraft/world/inventory/Slot)
[31Mar2025 02:08:36.539] [modloading-worker-0/DEBUG] [portb.transformerlib.TransformerLib/]: Transforming com/aetherteam/aether/inventory/menu/AccessoriesMenu$2 (target of net/minecraft/world/inventory/Slot)
[31Mar2025 02:08:36.540] [modloading-worker-0/DEBUG] [portb.transformerlib.TransformerLib/]: Transforming net/minecraftforge/items/SlotItemHandler (target of net/minecraft/world/inventory/Slot)
[31Mar2025 02:08:36.555] [modloading-worker-0/DEBUG] [portb.transformerlib.TransformerLib/]: Transforming com/aetherteam/aether/inventory/menu/slot/AetherFurnaceFuelSlot (target of net/minecraft/world/inventory/Slot)
[31Mar2025 02:08:36.558] [modloading-worker-0/DEBUG] [portb.transformerlib.TransformerLib/]: Transforming com/aetherteam/aether/inventory/menu/slot/IncubatorItemSlot (target of net/minecraft/world/inventory/Slot)
[31Mar2025 02:08:36.558] [modloading-worker-0/DEBUG] [portb.transformerlib.TransformerLib/]: Transforming com/aetherteam/aether/inventory/menu/slot/IncubatorFuelSlot (target of net/minecraft/world/inventory/Slot)
[31Mar2025 02:08:36.570] [modloading-worker-0/INFO] [dev.architectury.networking.forge.NetworkManagerImpl/]: Registering C2S receiver with id architectury:sync_ids
[31Mar2025 02:08:36.571] [modloading-worker-0/INFO] [dev.architectury.networking.forge.NetworkManagerImpl/]: Registering C2S receiver with id artifacts:networking_channel/42a7ad70b1cc371599a0eff744096b8a
[31Mar2025 02:08:36.575] [modloading-worker-0/INFO] [dev.architectury.networking.forge.NetworkManagerImpl/]: Registering C2S receiver with id artifacts:networking_channel/74a5e841822a3a87854ae896a33430d6
[31Mar2025 02:08:36.579] [modloading-worker-0/INFO] [dev.architectury.networking.forge.NetworkManagerImpl/]: Registering C2S receiver with id artifacts:networking_channel/eb3d1e2748533430848cadf0f37c7e9c
[31Mar2025 02:08:36.581] [modloading-worker-0/INFO] [dev.architectury.networking.forge.NetworkManagerImpl/]: Registering C2S receiver with id artifacts:networking_channel/91c8520f19f93b3e8b6a727568e194ab
[31Mar2025 02:08:36.582] [modloading-worker-0/INFO] [dev.architectury.networking.forge.NetworkManagerImpl/]: Registering C2S receiver with id artifacts:networking_channel/8c2784d778293fd482ed84b8aa5fedb9
[31Mar2025 02:08:36.583] [modloading-worker-0/INFO] [dev.architectury.networking.forge.NetworkManagerImpl/]: Registering C2S receiver with id artifacts:networking_channel/ea038224ea783d40b2863f52239e2604
[31Mar2025 02:08:36.585] [modloading-worker-0/INFO] [dev.architectury.networking.forge.NetworkManagerImpl/]: Registering C2S receiver with id artifacts:networking_channel/97ad64b7ecaf33209991c4f031501a58
[31Mar2025 02:08:36.619] [modloading-worker-0/DEBUG] [mixin/]: Mixing item.wearable.WearableArtifactItemMixin from mixins.artifacts.forge.json into artifacts.item.wearable.WearableArtifactItem
[31Mar2025 02:08:36.625] [modloading-worker-0/DEBUG] [net.minecraftforge.fml.config.ConfigTracker/CONFIG]: Config file alexsmobs.toml for alexsmobs tracking
[31Mar2025 02:08:36.769] [modloading-worker-0/DEBUG] [mixin/]: Mixing item.umbrella.UmbrellaItemMixin from mixins.artifacts.forge.json into artifacts.item.UmbrellaItem
[31Mar2025 02:08:36.825] [modloading-worker-0/DEBUG] [net.minecraftforge.fml.config.ConfigTracker/CONFIG]: Config file aether-server.toml for aether tracking
[31Mar2025 02:08:36.825] [modloading-worker-0/DEBUG] [net.minecraftforge.fml.config.ConfigTracker/CONFIG]: Config file aether-common.toml for aether tracking
[31Mar2025 02:08:36.825] [modloading-worker-0/DEBUG] [net.minecraftforge.fml.config.ConfigTracker/CONFIG]: Config file aether-client.toml for aether tracking
[31Mar2025 02:08:36.826] [modloading-worker-0/DEBUG] [net.minecraftforge.fml.javafmlmod.AutomaticEventSubscriber/LOADING]: Attempting to inject @EventBusSubscriber classes into the eventbus for aether
[31Mar2025 02:08:36.826] [modloading-worker-0/DEBUG] [net.minecraftforge.fml.javafmlmod.AutomaticEventSubscriber/LOADING]: Auto-subscribing com.aetherteam.aether.item.combat.loot.PigSlayerItem to FORGE
[31Mar2025 02:08:36.826] [modloading-worker-0/DEBUG] [net.minecraftforge.fml.javafmlmod.AutomaticEventSubscriber/LOADING]: Auto-subscribing com.aetherteam.aether.item.combat.loot.FlamingSwordItem to FORGE
[31Mar2025 02:08:36.827] [modloading-worker-0/DEBUG] [net.minecraftforge.fml.javafmlmod.AutomaticEventSubscriber/LOADING]: Auto-subscribing com.aetherteam.aether.item.combat.SkyrootSwordItem to FORGE
[31Mar2025 02:08:36.827] [modloading-worker-0/DEBUG] [net.minecraftforge.fml.javafmlmod.AutomaticEventSubscriber/LOADING]: Auto-subscribing com.aetherteam.aether.item.AetherCreativeTabs to MOD
[31Mar2025 02:08:36.831] [modloading-worker-0/DEBUG] [net.minecraftforge.fml.javafmlmod.AutomaticEventSubscriber/LOADING]: Auto-subscribing com.aetherteam.aether.event.listeners.capability.AetherTimeListener to FORGE
[31Mar2025 02:08:36.837] [modloading-worker-0/DEBUG] [net.minecraftforge.fml.javafmlmod.AutomaticEventSubscriber/LOADING]: Auto-subscribing com.aetherteam.aether.event.listeners.capability.AetherPlayerListener to FORGE
[31Mar2025 02:08:36.851] [modloading-worker-0/DEBUG] [net.minecraftforge.fml.javafmlmod.AutomaticEventSubscriber/LOADING]: Auto-subscribing com.aetherteam.aether.event.listeners.abilities.WeaponAbilityListener to FORGE
[31Mar2025 02:08:36.853] [modloading-worker-0/DEBUG] [net.minecraftforge.fml.javafmlmod.AutomaticEventSubscriber/LOADING]: Attempting to inject @EventBusSubscriber classes into the eventbus for alexsmobs
[31Mar2025 02:08:36.853] [modloading-worker-0/DEBUG] [net.minecraftforge.fml.javafmlmod.AutomaticEventSubscriber/LOADING]: Auto-subscribing com.aetherteam.aether.event.listeners.abilities.ToolAbilityListener to FORGE
[31Mar2025 02:08:36.861] [modloading-worker-0/DEBUG] [net.minecraftforge.fml.javafmlmod.AutomaticEventSubscriber/LOADING]: Auto-subscribing com.github.alexthe666.alexsmobs.world.AMWorldRegistry to MOD
[31Mar2025 02:08:36.864] [modloading-worker-0/DEBUG] [net.minecraftforge.fml.javafmlmod.AutomaticEventSubscriber/LOADING]: Auto-subscribing com.github.alexthe666.alexsmobs.tileentity.AMTileEntityRegistry to MOD
[31Mar2025 02:08:36.864] [modloading-worker-0/DEBUG] [net.minecraftforge.fml.javafmlmod.AutomaticEventSubscriber/LOADING]: Auto-subscribing com.github.alexthe666.alexsmobs.event.ServerEvents to FORGE
[31Mar2025 02:08:36.868] [modloading-worker-0/DEBUG] [net.minecraftforge.fml.javafmlmod.AutomaticEventSubscriber/LOADING]: Auto-subscribing com.github.alexthe666.alexsmobs.entity.AMEntityRegistry to MOD
[31Mar2025 02:08:36.873] [modloading-worker-0/DEBUG] [net.minecraftforge.fml.javafmlmod.AutomaticEventSubscriber/LOADING]: Auto-subscribing com.github.alexthe666.alexsmobs.CommonProxy to MOD
[31Mar2025 02:08:36.874] [modloading-worker-0/DEBUG] [net.minecraftforge.fml.javafmlmod.AutomaticEventSubscriber/LOADING]: Auto-subscribing com.github.alexthe666.alexsmobs.AlexsMobs to FORGE
[31Mar2025 02:08:36.875] [modloading-worker-0/DEBUG] [net.minecraftforge.fml.javafmlmod.AutomaticEventSubscriber/LOADING]: Auto-subscribing com.aetherteam.aether.event.listeners.abilities.ArmorAbilityListener to FORGE
[31Mar2025 02:08:36.887] [modloading-worker-0/DEBUG] [net.minecraftforge.fml.javafmlmod.AutomaticEventSubscriber/LOADING]: Auto-subscribing com.aetherteam.aether.event.listeners.abilities.AccessoryAbilityListener to FORGE
[31Mar2025 02:08:36.894] [modloading-worker-0/DEBUG] [net.minecraftforge.fml.javafmlmod.AutomaticEventSubscriber/LOADING]: Auto-subscribing com.aetherteam.aether.event.listeners.RecipeListener to FORGE
[31Mar2025 02:08:36.907] [modloading-worker-0/DEBUG] [net.minecraftforge.fml.javafmlmod.AutomaticEventSubscriber/LOADING]: Auto-subscribing com.aetherteam.aether.event.listeners.PerkListener to FORGE
[31Mar2025 02:08:36.911] [modloading-worker-0/DEBUG] [net.minecraftforge.fml.javafmlmod.AutomaticEventSubscriber/LOADING]: Auto-subscribing com.aetherteam.aether.event.listeners.ItemListener to FORGE
[31Mar2025 02:08:36.913] [modloading-worker-0/DEBUG] [net.minecraftforge.fml.javafmlmod.AutomaticEventSubscriber/LOADING]: Auto-subscribing com.aetherteam.aether.event.listeners.EntityListener to FORGE
[31Mar2025 02:08:36.925] [modloading-worker-0/DEBUG] [net.minecraftforge.fml.javafmlmod.AutomaticEventSubscriber/LOADING]: Auto-subscribing com.aetherteam.aether.event.listeners.DimensionListener to FORGE
[31Mar2025 02:08:36.929] [modloading-worker-0/DEBUG] [mixin/]: Mixing MixinLevelEvent from architectury.mixins.json into net.minecraftforge.event.level.LevelEvent
[31Mar2025 02:08:36.943] [modloading-worker-0/DEBUG] [net.minecraftforge.fml.javafmlmod.AutomaticEventSubscriber/LOADING]: Attempting to inject @EventBusSubscriber classes into the eventbus for artifacts
[31Mar2025 02:08:36.949] [modloading-worker-0/DEBUG] [net.minecraftforge.fml.javafmlmod.AutomaticEventSubscriber/LOADING]: Auto-subscribing com.aetherteam.aether.entity.AetherEntityTypes to MOD
[31Mar2025 02:08:36.950] [modloading-worker-0/DEBUG] [net.minecraftforge.fml.javafmlmod.AutomaticEventSubscriber/LOADING]: Auto-subscribing com.aetherteam.aether.data.ReloadListeners to FORGE
[31Mar2025 02:08:36.952] [modloading-worker-0/DEBUG] [net.minecraftforge.fml.javafmlmod.AutomaticEventSubscriber/LOADING]: Auto-subscribing com.aetherteam.aether.command.AetherCommands to FORGE
[31Mar2025 02:08:36.959] [modloading-worker-0/DEBUG] [net.minecraftforge.fml.javafmlmod.AutomaticEventSubscriber/LOADING]: Auto-subscribing com.aetherteam.aether.capability.AetherCapabilities to MOD
[31Mar2025 02:08:36.966] [modloading-worker-0/DEBUG] [net.minecraftforge.fml.javafmlmod.AutomaticEventSubscriber/LOADING]: Auto-subscribing com.aetherteam.aether.capability.AetherCapabilities$Registration to FORGE
[31Mar2025 02:08:36.972] [modloading-worker-0/DEBUG] [net.minecraftforge.fml.javafmlmod.AutomaticEventSubscriber/LOADING]: Attempting to inject @EventBusSubscriber classes into the eventbus for mixinextras
[31Mar2025 02:08:36.997] [modloading-worker-0/DEBUG] [net.minecraftforge.fml.javafmlmod.AutomaticEventSubscriber/LOADING]: Attempting to inject @EventBusSubscriber classes into the eventbus for evilcraftcompat
[31Mar2025 02:08:37.022] [modloading-worker-0/DEBUG] [net.minecraftforge.fml.javafmlmod.AutomaticEventSubscriber/LOADING]: Attempting to inject @EventBusSubscriber classes into the eventbus for oreharvester
[31Mar2025 02:08:37.061] [modloading-worker-0/DEBUG] [net.minecraftforge.fml.config.ConfigTracker/CONFIG]: Config file biggerstacks-server.toml for biggerstacks tracking
[31Mar2025 02:08:37.063] [modloading-worker-0/DEBUG] [net.minecraftforge.fml.javafmlmod.AutomaticEventSubscriber/LOADING]: Attempting to inject @EventBusSubscriber classes into the eventbus for biggerstacks
[31Mar2025 02:08:37.063] [modloading-worker-0/DEBUG] [net.minecraftforge.fml.javafmlmod.AutomaticEventSubscriber/LOADING]: Auto-subscribing portb.biggerstacks.event.CommonModEvents to MOD
[31Mar2025 02:08:37.064] [modloading-worker-0/DEBUG] [net.minecraftforge.fml.javafmlmod.AutomaticEventSubscriber/LOADING]: Auto-subscribing portb.biggerstacks.event.ServerEvents to FORGE
[31Mar2025 02:08:37.064] [modloading-worker-0/DEBUG] [net.minecraftforge.fml.javafmlmod.AutomaticEventSubscriber/LOADING]: Auto-subscribing portb.biggerstacks.event.CommonForgeEvents to FORGE
[31Mar2025 02:08:37.077] [modloading-worker-0/DEBUG] [net.minecraftforge.fml.javafmlmod.AutomaticEventSubscriber/LOADING]: Attempting to inject @EventBusSubscriber classes into the eventbus for puzzlesaccessapi
[31Mar2025 02:08:37.078] [modloading-worker-0/DEBUG] [net.minecraftforge.fml.javafmlmod.AutomaticEventSubscriber/LOADING]: Attempting to inject @EventBusSubscriber classes into the eventbus for cloth_config
[31Mar2025 02:08:37.085] [modloading-worker-0/DEBUG] [net.minecraftforge.versions.forge.ForgeVersion/CORE]: Forge Version package package net.minecraftforge.versions.forge, Forge, version 47.3 from cpw.mods.modlauncher.TransformingClassLoader@562919fe
[31Mar2025 02:08:37.085] [modloading-worker-0/DEBUG] [net.minecraftforge.versions.forge.ForgeVersion/CORE]: Found Forge version 47.3.7
[31Mar2025 02:08:37.086] [modloading-worker-0/DEBUG] [net.minecraftforge.versions.forge.ForgeVersion/CORE]: Found Forge spec 47.3
[31Mar2025 02:08:37.086] [modloading-worker-0/DEBUG] [net.minecraftforge.versions.forge.ForgeVersion/CORE]: Found Forge group net.minecraftforge
[31Mar2025 02:08:37.086] [modloading-worker-0/DEBUG] [net.minecraftforge.versions.mcp.MCPVersion/CORE]: MCP Version package package net.minecraftforge.versions.mcp, Minecraft, version 1.20.1 from cpw.mods.modlauncher.TransformingClassLoader@562919fe
[31Mar2025 02:08:37.087] [modloading-worker-0/DEBUG] [net.minecraftforge.versions.mcp.MCPVersion/CORE]: Found MC version information 1.20.1
[31Mar2025 02:08:37.087] [modloading-worker-0/DEBUG] [net.minecraftforge.versions.mcp.MCPVersion/CORE]: Found MCP version information 20230612.114412
[31Mar2025 02:08:37.087] [modloading-worker-0/INFO] [net.minecraftforge.common.ForgeMod/FORGEMOD]: Forge mod loading, version 47.3.7, for MC 1.20.1 with MCP 20230612.114412
[31Mar2025 02:08:37.087] [modloading-worker-0/INFO] [net.minecraftforge.common.MinecraftForge/FORGE]: MinecraftForge v47.3.7 Initialized
[31Mar2025 02:08:37.164] [modloading-worker-0/DEBUG] [net.minecraftforge.fml.javafmlmod.AutomaticEventSubscriber/LOADING]: Attempting to inject @EventBusSubscriber classes into the eventbus for mythicmounts
[31Mar2025 02:08:37.165] [modloading-worker-0/DEBUG] [net.minecraftforge.fml.javafmlmod.AutomaticEventSubscriber/LOADING]: Auto-subscribing com.yahoo.chirpycricket.mythicmounts.CommonListener to MOD
[31Mar2025 02:08:37.208] [ForkJoinPool.commonPool-worker-1/INFO] [com.unlikepaladin.pfm.PaladinFurnitureMod/]: [Paladin's Furniture Update Check] Cached update file detected, using that!
[31Mar2025 02:08:37.234] [modloading-worker-0/DEBUG] [io.netty.util.internal.PlatformDependent0/]: -Dio.netty.noUnsafe: false
[31Mar2025 02:08:37.234] [modloading-worker-0/DEBUG] [io.netty.util.internal.PlatformDependent0/]: Java version: 17
[31Mar2025 02:08:37.235] [modloading-worker-0/DEBUG] [io.netty.util.internal.PlatformDependent0/]: sun.misc.Unsafe.theUnsafe: available
[31Mar2025 02:08:37.235] [modloading-worker-0/DEBUG] [io.netty.util.internal.PlatformDependent0/]: sun.misc.Unsafe.copyMemory: available
[31Mar2025 02:08:37.243] [modloading-worker-0/DEBUG] [io.netty.util.internal.PlatformDependent0/]: sun.misc.Unsafe.storeFence: available
[31Mar2025 02:08:37.244] [modloading-worker-0/DEBUG] [io.netty.util.internal.PlatformDependent0/]: java.nio.Buffer.address: available
[31Mar2025 02:08:37.245] [modloading-worker-0/DEBUG] [io.netty.util.internal.PlatformDependent0/]: direct buffer constructor: unavailable
java.lang.UnsupportedOperationException: Reflective setAccessible(true) disabled
	at io.netty.util.internal.ReflectionUtil.trySetAccessible(ReflectionUtil.java:31) ~[netty-common-4.1.82.Final.jar%2382!/:4.1.82.Final]
	at io.netty.util.internal.PlatformDependent0$5.run(PlatformDependent0.java:288) ~[netty-common-4.1.82.Final.jar%2382!/:4.1.82.Final]
	at java.security.AccessController.doPrivileged(AccessController.java:318) ~[?:?]
	at io.netty.util.internal.PlatformDependent0.<clinit>(PlatformDependent0.java:282) ~[netty-common-4.1.82.Final.jar%2382!/:4.1.82.Final]
	at io.netty.util.internal.PlatformDependent.isAndroid(PlatformDependent.java:333) ~[netty-common-4.1.82.Final.jar%2382!/:4.1.82.Final]
	at io.netty.util.internal.PlatformDependent.<clinit>(PlatformDependent.java:88) ~[netty-common-4.1.82.Final.jar%2382!/:4.1.82.Final]
	at io.netty.util.ConstantPool.<init>(ConstantPool.java:34) ~[netty-common-4.1.82.Final.jar%2382!/:4.1.82.Final]
	at io.netty.util.AttributeKey$1.<init>(AttributeKey.java:27) ~[netty-common-4.1.82.Final.jar%2382!/:4.1.82.Final]
	at io.netty.util.AttributeKey.<clinit>(AttributeKey.java:27) ~[netty-common-4.1.82.Final.jar%2382!/:4.1.82.Final]
	at net.minecraftforge.network.NetworkConstants.<clinit>(NetworkConstants.java:34) ~[forge-1.20.1-47.3.7-universal.jar%23194!/:?]
	at net.minecraftforge.common.ForgeMod.<init>(ForgeMod.java:429) ~[forge-1.20.1-47.3.7-universal.jar%23194!/:?]
	at jdk.internal.reflect.NativeConstructorAccessorImpl.newInstance0(Native Method) ~[?:?]
	at jdk.internal.reflect.NativeConstructorAccessorImpl.newInstance(NativeConstructorAccessorImpl.java:77) ~[?:?]
	at jdk.internal.reflect.DelegatingConstructorAccessorImpl.newInstance(DelegatingConstructorAccessorImpl.java:45) ~[?:?]
	at java.lang.reflect.Constructor.newInstanceWithCaller(Constructor.java:500) ~[?:?]
	at java.lang.reflect.Constructor.newInstance(Constructor.java:481) ~[?:?]
	at net.minecraftforge.fml.javafmlmod.FMLModContainer.constructMod(FMLModContainer.java:70) ~[javafmllanguage-1.20.1-47.3.7.jar%23191!/:?]
	at net.minecraftforge.fml.ModContainer.lambda$buildTransitionHandler$4(ModContainer.java:124) ~[fmlcore-1.20.1-47.3.7.jar%23190!/:?]
	at java.util.concurrent.CompletableFuture$AsyncRun.run(CompletableFuture.java:1804) ~[?:?]
	at java.util.concurrent.CompletableFuture$AsyncRun.exec(CompletableFuture.java:1796) ~[?:?]
	at java.util.concurrent.ForkJoinTask.doExec(ForkJoinTask.java:373) ~[?:?]
	at java.util.concurrent.ForkJoinPool$WorkQueue.topLevelExec(ForkJoinPool.java:1182) ~[?:?]
	at java.util.concurrent.ForkJoinPool.scan(ForkJoinPool.java:1655) ~[?:?]
	at java.util.concurrent.ForkJoinPool.runWorker(ForkJoinPool.java:1622) ~[?:?]
	at java.util.concurrent.ForkJoinWorkerThread.run(ForkJoinWorkerThread.java:165) ~[?:?]
[31Mar2025 02:08:37.247] [modloading-worker-0/DEBUG] [io.netty.util.internal.PlatformDependent0/]: java.nio.Bits.unaligned: available, true
[31Mar2025 02:08:37.248] [modloading-worker-0/DEBUG] [io.netty.util.internal.PlatformDependent0/]: jdk.internal.misc.Unsafe.allocateUninitializedArray(int): unavailable
java.lang.IllegalAccessException: class io.netty.util.internal.PlatformDependent0$7 (in module io.netty.common) cannot access class jdk.internal.misc.Unsafe (in module java.base) because module java.base does not export jdk.internal.misc to module io.netty.common
	at jdk.internal.reflect.Reflection.newIllegalAccessException(Reflection.java:392) ~[?:?]
	at java.lang.reflect.AccessibleObject.checkAccess(AccessibleObject.java:674) ~[?:?]
	at java.lang.reflect.Method.invoke(Method.java:561) ~[?:?]
	at io.netty.util.internal.PlatformDependent0$7.run(PlatformDependent0.java:410) ~[netty-common-4.1.82.Final.jar%2382!/:4.1.82.Final]
	at java.security.AccessController.doPrivileged(AccessController.java:318) ~[?:?]
	at io.netty.util.internal.PlatformDependent0.<clinit>(PlatformDependent0.java:401) ~[netty-common-4.1.82.Final.jar%2382!/:4.1.82.Final]
	at io.netty.util.internal.PlatformDependent.isAndroid(PlatformDependent.java:333) ~[netty-common-4.1.82.Final.jar%2382!/:4.1.82.Final]
	at io.netty.util.internal.PlatformDependent.<clinit>(PlatformDependent.java:88) ~[netty-common-4.1.82.Final.jar%2382!/:4.1.82.Final]
	at io.netty.util.ConstantPool.<init>(ConstantPool.java:34) ~[netty-common-4.1.82.Final.jar%2382!/:4.1.82.Final]
	at io.netty.util.AttributeKey$1.<init>(AttributeKey.java:27) ~[netty-common-4.1.82.Final.jar%2382!/:4.1.82.Final]
	at io.netty.util.AttributeKey.<clinit>(AttributeKey.java:27) ~[netty-common-4.1.82.Final.jar%2382!/:4.1.82.Final]
	at net.minecraftforge.network.NetworkConstants.<clinit>(NetworkConstants.java:34) ~[forge-1.20.1-47.3.7-universal.jar%23194!/:?]
	at net.minecraftforge.common.ForgeMod.<init>(ForgeMod.java:429) ~[forge-1.20.1-47.3.7-universal.jar%23194!/:?]
	at jdk.internal.reflect.NativeConstructorAccessorImpl.newInstance0(Native Method) ~[?:?]
	at jdk.internal.reflect.NativeConstructorAccessorImpl.newInstance(NativeConstructorAccessorImpl.java:77) ~[?:?]
	at jdk.internal.reflect.DelegatingConstructorAccessorImpl.newInstance(DelegatingConstructorAccessorImpl.java:45) ~[?:?]
	at java.lang.reflect.Constructor.newInstanceWithCaller(Constructor.java:500) ~[?:?]
	at java.lang.reflect.Constructor.newInstance(Constructor.java:481) ~[?:?]
	at net.minecraftforge.fml.javafmlmod.FMLModContainer.constructMod(FMLModContainer.java:70) ~[javafmllanguage-1.20.1-47.3.7.jar%23191!/:?]
	at net.minecraftforge.fml.ModContainer.lambda$buildTransitionHandler$4(ModContainer.java:124) ~[fmlcore-1.20.1-47.3.7.jar%23190!/:?]
	at java.util.concurrent.CompletableFuture$AsyncRun.run(CompletableFuture.java:1804) ~[?:?]
	at java.util.concurrent.CompletableFuture$AsyncRun.exec(CompletableFuture.java:1796) ~[?:?]
	at java.util.concurrent.ForkJoinTask.doExec(ForkJoinTask.java:373) ~[?:?]
	at java.util.concurrent.ForkJoinPool$WorkQueue.topLevelExec(ForkJoinPool.java:1182) ~[?:?]
	at java.util.concurrent.ForkJoinPool.scan(ForkJoinPool.java:1655) ~[?:?]
	at java.util.concurrent.ForkJoinPool.runWorker(ForkJoinPool.java:1622) ~[?:?]
	at java.util.concurrent.ForkJoinWorkerThread.run(ForkJoinWorkerThread.java:165) ~[?:?]
[31Mar2025 02:08:37.249] [modloading-worker-0/DEBUG] [io.netty.util.internal.PlatformDependent0/]: java.nio.DirectByteBuffer.<init>(long, int): unavailable
[31Mar2025 02:08:37.249] [modloading-worker-0/DEBUG] [io.netty.util.internal.PlatformDependent/]: sun.misc.Unsafe: available
[31Mar2025 02:08:37.250] [modloading-worker-0/DEBUG] [io.netty.util.internal.PlatformDependent/]: maxDirectMemory: 12884901888 bytes (maybe)
[31Mar2025 02:08:37.250] [modloading-worker-0/DEBUG] [io.netty.util.internal.PlatformDependent/]: -Dio.netty.tmpdir: /tmp (java.io.tmpdir)
[31Mar2025 02:08:37.250] [modloading-worker-0/DEBUG] [io.netty.util.internal.PlatformDependent/]: -Dio.netty.bitMode: 64 (sun.arch.data.model)
[31Mar2025 02:08:37.251] [modloading-worker-0/DEBUG] [io.netty.util.internal.PlatformDependent/]: -Dio.netty.maxDirectMemory: -1 bytes
[31Mar2025 02:08:37.251] [modloading-worker-0/DEBUG] [io.netty.util.internal.PlatformDependent/]: -Dio.netty.uninitializedArrayAllocationThreshold: -1
[31Mar2025 02:08:37.254] [modloading-worker-0/DEBUG] [io.netty.util.internal.CleanerJava9/]: java.nio.ByteBuffer.cleaner(): available
[31Mar2025 02:08:37.254] [modloading-worker-0/DEBUG] [io.netty.util.internal.PlatformDependent/]: -Dio.netty.noPreferDirect: false
[31Mar2025 02:08:37.256] [modloading-worker-0/DEBUG] [net.minecraftforge.fml.javafmlmod.AutomaticEventSubscriber/LOADING]: Attempting to inject @EventBusSubscriber classes into the eventbus for pfm
[31Mar2025 02:08:37.257] [modloading-worker-0/DEBUG] [net.minecraftforge.fml.javafmlmod.AutomaticEventSubscriber/LOADING]: Auto-subscribing com.unlikepaladin.pfm.registry.forge.StatisticsRegistryForge to MOD
[31Mar2025 02:08:37.257] [modloading-worker-0/DEBUG] [net.minecraftforge.fml.javafmlmod.AutomaticEventSubscriber/LOADING]: Auto-subscribing com.unlikepaladin.pfm.registry.forge.SoundRegistryForge to MOD
[31Mar2025 02:08:37.257] [modloading-worker-0/DEBUG] [net.minecraftforge.fml.javafmlmod.AutomaticEventSubscriber/LOADING]: Auto-subscribing com.unlikepaladin.pfm.registry.forge.ScreenHandlerRegistryForge to MOD
[31Mar2025 02:08:37.257] [modloading-worker-0/DEBUG] [net.minecraftforge.fml.javafmlmod.AutomaticEventSubscriber/LOADING]: Auto-subscribing com.unlikepaladin.pfm.registry.forge.RecipeRegistryForge to MOD
[31Mar2025 02:08:37.258] [modloading-worker-0/DEBUG] [net.minecraftforge.fml.javafmlmod.AutomaticEventSubscriber/LOADING]: Auto-subscribing com.unlikepaladin.pfm.registry.forge.ParticleTypeRegistryForge to MOD
[31Mar2025 02:08:37.259] [modloading-worker-0/DEBUG] [net.minecraftforge.fml.javafmlmod.AutomaticEventSubscriber/LOADING]: Auto-subscribing com.unlikepaladin.pfm.registry.forge.NetworkRegistryForge to FORGE
[31Mar2025 02:08:37.259] [modloading-worker-0/DEBUG] [net.minecraftforge.fml.javafmlmod.AutomaticEventSubscriber/LOADING]: Auto-subscribing com.unlikepaladin.pfm.registry.forge.EntityRegistryForge to MOD
[31Mar2025 02:08:37.259] [modloading-worker-0/DEBUG] [net.minecraftforge.fml.javafmlmod.AutomaticEventSubscriber/LOADING]: Auto-subscribing com.unlikepaladin.pfm.registry.forge.BlockItemRegistryForge to MOD
[31Mar2025 02:08:37.260] [modloading-worker-0/DEBUG] [net.minecraftforge.fml.javafmlmod.AutomaticEventSubscriber/LOADING]: Auto-subscribing com.unlikepaladin.pfm.registry.forge.BlockEntityRegistryForge to MOD
[31Mar2025 02:08:37.263] [modloading-worker-0/DEBUG] [net.minecraftforge.fml.javafmlmod.AutomaticEventSubscriber/LOADING]: Auto-subscribing com.unlikepaladin.pfm.registry.dynamic.forge.LateBlockRegistryImpl to MOD
[31Mar2025 02:08:37.265] [modloading-worker-0/DEBUG] [net.minecraftforge.fml.javafmlmod.AutomaticEventSubscriber/LOADING]: Auto-subscribing com.unlikepaladin.pfm.advancements.forge.CriteriaRegistryForge to MOD
[31Mar2025 02:08:37.269] [modloading-worker-0/DEBUG] [mixin/]: Mixing gamerule.BooleanValueInvoker from mixins.artifacts.common.json into net.minecraft.world.level.GameRules$BooleanValue
[31Mar2025 02:08:37.270] [modloading-worker-0/DEBUG] [mixin/]: Renaming @Invoker method invokeCreate(ZLjava/util/function/BiConsumer;)Lnet/minecraft/world/level/GameRules$Type; to invokeCreate_$md$3e34bd$0 in mixins.artifacts.common.json:gamerule.BooleanValueInvoker
[31Mar2025 02:08:37.291] [modloading-worker-0/DEBUG] [mixin/]: Mixing gamerule.IntegerValueInvoker from mixins.artifacts.common.json into net.minecraft.world.level.GameRules$IntegerValue
[31Mar2025 02:08:37.291] [modloading-worker-0/DEBUG] [mixin/]: Renaming @Invoker method invokeCreate(ILjava/util/function/BiConsumer;)Lnet/minecraft/world/level/GameRules$Type; to invokeCreate_$md$3e34bd$0 in mixins.artifacts.common.json:gamerule.IntegerValueInvoker
[31Mar2025 02:08:37.308] [modloading-worker-0/DEBUG] [net.minecraftforge.fml.javafmlmod.AutomaticEventSubscriber/LOADING]: Attempting to inject @EventBusSubscriber classes into the eventbus for travelersbackpack
[31Mar2025 02:08:37.308] [modloading-worker-0/DEBUG] [net.minecraftforge.fml.javafmlmod.AutomaticEventSubscriber/LOADING]: Auto-subscribing com.tiviacz.travelersbackpack.handlers.NeoForgeEventHandler to FORGE
[31Mar2025 02:08:37.308] [modloading-worker-0/DEBUG] [net.minecraftforge.common.ForgeMod/FORGEMOD]: Loading Network data for FML net version: FML3
[31Mar2025 02:08:37.310] [modloading-worker-0/DEBUG] [net.minecraftforge.fml.config.ConfigTracker/CONFIG]: Config file twilightforest-common.toml for twilightforest tracking
[31Mar2025 02:08:37.318] [modloading-worker-0/DEBUG] [net.minecraftforge.fml.config.ConfigTracker/CONFIG]: Config file twilightforest-client.toml for twilightforest tracking
[31Mar2025 02:08:37.335] [modloading-worker-0/DEBUG] [net.minecraftforge.fml.config.ConfigTracker/CONFIG]: Config file forge-client.toml for forge tracking
[31Mar2025 02:08:37.335] [modloading-worker-0/DEBUG] [net.minecraftforge.fml.config.ConfigTracker/CONFIG]: Config file forge-server.toml for forge tracking
[31Mar2025 02:08:37.335] [modloading-worker-0/DEBUG] [net.minecraftforge.fml.ModLoadingContext/]: Attempted to register an empty config for type COMMON on mod forge
[31Mar2025 02:08:37.342] [modloading-worker-0/DEBUG] [net.minecraftforge.fml.javafmlmod.AutomaticEventSubscriber/LOADING]: Auto-subscribing com.tiviacz.travelersbackpack.handlers.ModEventHandler to MOD
[31Mar2025 02:08:37.349] [modloading-worker-0/INFO] [de.keksuccino.konkrete.Konkrete/]: [KONKRETE] Successfully initialized!
[31Mar2025 02:08:37.350] [modloading-worker-0/INFO] [de.keksuccino.konkrete.Konkrete/]: [KONKRETE] Server-side libs ready to use!
[31Mar2025 02:08:37.350] [modloading-worker-0/DEBUG] [net.minecraftforge.fml.javafmlmod.AutomaticEventSubscriber/LOADING]: Attempting to inject @EventBusSubscriber classes into the eventbus for konkrete
[31Mar2025 02:08:37.359] [modloading-worker-0/DEBUG] [net.minecraftforge.fml.javafmlmod.AutomaticEventSubscriber/LOADING]: Attempting to inject @EventBusSubscriber classes into the eventbus for emotecraft
[31Mar2025 02:08:37.366] [modloading-worker-0/DEBUG] [net.minecraftforge.fml.javafmlmod.AutomaticEventSubscriber/LOADING]: Attempting to inject @EventBusSubscriber classes into the eventbus for forge
[31Mar2025 02:08:37.368] [modloading-worker-0/DEBUG] [net.minecraftforge.fml.javafmlmod.AutomaticEventSubscriber/LOADING]: Auto-subscribing net.minecraftforge.common.ForgeSpawnEggItem$CommonHandler to MOD
[31Mar2025 02:08:37.371] [modloading-worker-0/INFO] [necronomicon/]: Necronomicon Initialized
[31Mar2025 02:08:37.373] [modloading-worker-0/INFO] [necronomicon/]: File exists, reading config for elocindev.necronomicon.NecronomiconConfig.
[31Mar2025 02:08:37.375] [modloading-worker-0/INFO] [necronomicon/]: Config for elocindev.necronomicon.NecronomiconConfig read successfully.
[31Mar2025 02:08:37.379] [modloading-worker-0/DEBUG] [net.minecraftforge.fml.javafmlmod.AutomaticEventSubscriber/LOADING]: Attempting to inject @EventBusSubscriber classes into the eventbus for necronomicon
[31Mar2025 02:08:37.388] [modloading-worker-0/DEBUG] [net.minecraftforge.fml.javafmlmod.AutomaticEventSubscriber/LOADING]: Attempting to inject @EventBusSubscriber classes into the eventbus for jade
[31Mar2025 02:08:37.402] [modloading-worker-0/DEBUG] [portb.transformerlib.TransformerLib/]: Transforming ironfurnaces/Config (target of ironfurnaces/Config)
[31Mar2025 02:08:37.409] [modloading-worker-0/DEBUG] [net.minecraftforge.fml.config.ConfigTracker/CONFIG]: Config file ironfurnaces-client.toml for ironfurnaces tracking
[31Mar2025 02:08:37.409] [modloading-worker-0/DEBUG] [net.minecraftforge.fml.ModLoadingContext/]: Attempted to register an empty config for type SERVER on mod ironfurnaces
[31Mar2025 02:08:37.448] [modloading-worker-0/DEBUG] [net.minecraftforge.fml.javafmlmod.AutomaticEventSubscriber/LOADING]: Attempting to inject @EventBusSubscriber classes into the eventbus for useless_sword
[31Mar2025 02:08:37.448] [modloading-worker-0/DEBUG] [net.minecraftforge.fml.javafmlmod.AutomaticEventSubscriber/LOADING]: Auto-subscribing net.mcreator.useless_sword.procedures.TurtleShieldPrProcedure to FORGE
[31Mar2025 02:08:37.458] [modloading-worker-0/DEBUG] [net.minecraftforge.fml.javafmlmod.AutomaticEventSubscriber/LOADING]: Auto-subscribing net.mcreator.useless_sword.procedures.RavagerLeatherLootProcedure to FORGE
[31Mar2025 02:08:37.460] [modloading-worker-0/DEBUG] [net.minecraftforge.fml.javafmlmod.AutomaticEventSubscriber/LOADING]: Auto-subscribing net.mcreator.useless_sword.procedures.GuardianSpikesLootProcedure to FORGE
[31Mar2025 02:08:37.463] [modloading-worker-0/DEBUG] [net.minecraftforge.fml.javafmlmod.AutomaticEventSubscriber/LOADING]: Auto-subscribing net.mcreator.useless_sword.procedures.GoldIronAlloySwordProcedureProcedure to FORGE
[31Mar2025 02:08:37.464] [modloading-worker-0/DEBUG] [net.minecraftforge.fml.javafmlmod.AutomaticEventSubscriber/LOADING]: Auto-subscribing net.mcreator.useless_sword.init.UselessSwordModTabs to MOD
[31Mar2025 02:08:37.467] [modloading-worker-0/DEBUG] [net.minecraftforge.fml.javafmlmod.AutomaticEventSubscriber/LOADING]: Auto-subscribing net.mcreator.useless_sword.init.UselessSwordModEntities to MOD
[31Mar2025 02:08:37.518] [modloading-worker-0/DEBUG] [net.minecraftforge.fml.javafmlmod.AutomaticEventSubscriber/LOADING]: Attempting to inject @EventBusSubscriber classes into the eventbus for resourcefulconfig
[31Mar2025 02:08:37.526] [modloading-worker-0/DEBUG] [ironfurnaces.IronFurnaces/]: Loading config file /workspaces/Minecraft_Server/servidor_minecraft/config/ironfurnaces-client.toml
[31Mar2025 02:08:37.532] [modloading-worker-0/DEBUG] [net.minecraftforge.fml.config.ConfigTracker/CONFIG]: Config file evilcraft-common.toml for evilcraft tracking
[31Mar2025 02:08:37.527] [modloading-worker-0/DEBUG] [ironfurnaces.IronFurnaces/]: Built TOML config for /workspaces/Minecraft_Server/servidor_minecraft/config/ironfurnaces-client.toml
[31Mar2025 02:08:37.533] [modloading-worker-0/DEBUG] [net.minecraftforge.fml.ModLoadingContext/]: Attempted to register an empty config for type CLIENT on mod evilcraft
[31Mar2025 02:08:37.536] [modloading-worker-0/DEBUG] [net.minecraftforge.fml.ModLoadingContext/]: Attempted to register an empty config for type SERVER on mod evilcraft
[31Mar2025 02:08:37.536] [modloading-worker-0/DEBUG] [ironfurnaces.IronFurnaces/]: Loaded TOML config file /workspaces/Minecraft_Server/servidor_minecraft/config/ironfurnaces-client.toml
[31Mar2025 02:08:37.541] [modloading-worker-0/DEBUG] [ironfurnaces.IronFurnaces/]: Loading config file /workspaces/Minecraft_Server/servidor_minecraft/config/ironfurnaces.toml
[31Mar2025 02:08:37.543] [modloading-worker-0/DEBUG] [ironfurnaces.IronFurnaces/]: Built TOML config for /workspaces/Minecraft_Server/servidor_minecraft/config/ironfurnaces.toml
[31Mar2025 02:08:37.543] [modloading-worker-0/DEBUG] [net.minecraftforge.fml.config.ConfigTracker/CONFIG]: Config file curios-client.toml for curios tracking
[31Mar2025 02:08:37.543] [modloading-worker-0/DEBUG] [ironfurnaces.IronFurnaces/]: Loaded TOML config file /workspaces/Minecraft_Server/servidor_minecraft/config/ironfurnaces.toml
[31Mar2025 02:08:37.545] [modloading-worker-0/INFO] [ironfurnaces.IronFurnaces/]: Initializing Update Checker...
[31Mar2025 02:08:37.557] [modloading-worker-0/DEBUG] [net.minecraftforge.fml.config.ConfigTracker/CONFIG]: Config file curios-common.toml for curios tracking
[31Mar2025 02:08:37.557] [modloading-worker-0/DEBUG] [net.minecraftforge.fml.config.ConfigTracker/CONFIG]: Config file curios-server.toml for curios tracking
[31Mar2025 02:08:37.558] [modloading-worker-0/DEBUG] [net.minecraftforge.fml.javafmlmod.AutomaticEventSubscriber/LOADING]: Attempting to inject @EventBusSubscriber classes into the eventbus for curios
[31Mar2025 02:08:37.559] [modloading-worker-0/DEBUG] [net.minecraftforge.fml.javafmlmod.AutomaticEventSubscriber/LOADING]: Attempting to inject @EventBusSubscriber classes into the eventbus for ironfurnaces
[31Mar2025 02:08:37.559] [modloading-worker-0/DEBUG] [net.minecraftforge.fml.javafmlmod.AutomaticEventSubscriber/LOADING]: Auto-subscribing ironfurnaces.util.EventHandler to FORGE
[31Mar2025 02:08:37.562] [ Iron Furnaces Update Checker/INFO] [ironfurnaces.IronFurnaces/]: Starting Update Check...
[31Mar2025 02:08:37.568] [modloading-worker-0/DEBUG] [net.minecraftforge.fml.javafmlmod.AutomaticEventSubscriber/LOADING]: Auto-subscribing ironfurnaces.update.UpdateChecker to FORGE
[31Mar2025 02:08:37.569] [modloading-worker-0/DEBUG] [net.minecraftforge.fml.javafmlmod.AutomaticEventSubscriber/LOADING]: Auto-subscribing ironfurnaces.init.Registration to MOD
[31Mar2025 02:08:37.571] [modloading-worker-0/DEBUG] [net.minecraftforge.fml.javafmlmod.AutomaticEventSubscriber/LOADING]: Auto-subscribing ironfurnaces.init.ModSetup to MOD
[31Mar2025 02:08:37.571] [modloading-worker-0/DEBUG] [net.minecraftforge.fml.javafmlmod.AutomaticEventSubscriber/LOADING]: Auto-subscribing ironfurnaces.IronFurnaces to MOD
[31Mar2025 02:08:37.571] [modloading-worker-0/DEBUG] [net.minecraftforge.fml.javafmlmod.AutomaticEventSubscriber/LOADING]: Auto-subscribing ironfurnaces.Config to FORGE
[31Mar2025 02:08:37.579] [modloading-worker-0/DEBUG] [net.minecraftforge.fml.config.ConfigTracker/CONFIG]: Config file patchouli-client.toml for patchouli tracking
[31Mar2025 02:08:37.588] [modloading-worker-0/DEBUG] [net.minecraftforge.fml.javafmlmod.AutomaticEventSubscriber/LOADING]: Attempting to inject @EventBusSubscriber classes into the eventbus for patchouli
[31Mar2025 02:08:37.589] [modloading-worker-0/DEBUG] [net.minecraftforge.fml.javafmlmod.AutomaticEventSubscriber/LOADING]: Auto-subscribing vazkii.patchouli.forge.common.ForgeModInitializer to MOD
[31Mar2025 02:08:37.600] [modloading-worker-0/INFO] [Collective/]: Loading Collective version 7.94.
[31Mar2025 02:08:37.608] [modloading-worker-0/DEBUG] [net.minecraftforge.fml.config.ConfigTracker/CONFIG]: Config file gravestone-server.toml for gravestone tracking
[31Mar2025 02:08:37.610] [modloading-worker-0/DEBUG] [net.minecraftforge.fml.config.ConfigTracker/CONFIG]: Config file gravestone-client.toml for gravestone tracking
[31Mar2025 02:08:37.611] [modloading-worker-0/DEBUG] [net.minecraftforge.fml.javafmlmod.AutomaticEventSubscriber/LOADING]: Attempting to inject @EventBusSubscriber classes into the eventbus for gravestone
[31Mar2025 02:08:37.611] [modloading-worker-0/DEBUG] [net.minecraftforge.fml.javafmlmod.AutomaticEventSubscriber/LOADING]: Auto-subscribing de.maxhenkel.gravestone.Main to FORGE
[31Mar2025 02:08:37.612] [modloading-worker-0/DEBUG] [net.minecraftforge.fml.javafmlmod.AutomaticEventSubscriber/LOADING]: Attempting to inject @EventBusSubscriber classes into the eventbus for inventoryhud
[31Mar2025 02:08:37.616] [modloading-worker-0/DEBUG] [mixin/]: Mixing item.wearable.charmofsinking.EnchantmentHelperMixin from mixins.artifacts.common.json into net.minecraft.world.item.enchantment.EnchantmentHelper
[31Mar2025 02:08:37.616] [modloading-worker-0/DEBUG] [mixin/]: Mixing item.wearable.pendant.EnchantmentHelperMixin from mixins.artifacts.common.json into net.minecraft.world.item.enchantment.EnchantmentHelper
[31Mar2025 02:08:37.626] [modloading-worker-0/DEBUG] [net.minecraftforge.fml.javafmlmod.AutomaticEventSubscriber/LOADING]: Attempting to inject @EventBusSubscriber classes into the eventbus for resourcefullib
[31Mar2025 02:08:37.628] [modloading-worker-0/DEBUG] [net.minecraftforge.fml.javafmlmod.AutomaticEventSubscriber/LOADING]: Attempting to inject @EventBusSubscriber classes into the eventbus for evilcraft
[31Mar2025 02:08:37.630] [modloading-worker-0/INFO] [com.aetherteam.cumulus.Cumulus/]: Disabling Cumulus as it is on server.
[31Mar2025 02:08:37.633] [modloading-worker-0/DEBUG] [net.minecraftforge.fml.javafmlmod.AutomaticEventSubscriber/LOADING]: Attempting to inject @EventBusSubscriber classes into the eventbus for cumulus_menus
[31Mar2025 02:08:37.680] [modloading-worker-0/DEBUG] [net.minecraftforge.fml.javafmlmod.AutomaticEventSubscriber/LOADING]: Attempting to inject @EventBusSubscriber classes into the eventbus for collective
[31Mar2025 02:08:37.680] [modloading-worker-0/DEBUG] [net.minecraftforge.fml.javafmlmod.AutomaticEventSubscriber/LOADING]: Auto-subscribing com.natamus.collective.forge.events.RegisterCollectiveForgeEvents to FORGE
[31Mar2025 02:08:37.681] [modloading-worker-0/DEBUG] [net.minecraftforge.fml.javafmlmod.AutomaticEventSubscriber/LOADING]: Attempting to inject @EventBusSubscriber classes into the eventbus for puzzleslib
[31Mar2025 02:08:37.681] [modloading-worker-0/DEBUG] [net.minecraftforge.fml.javafmlmod.AutomaticEventSubscriber/LOADING]: Auto-subscribing fuzs.puzzleslib.impl.PuzzlesLibForge to MOD
[31Mar2025 02:08:37.714] [modloading-worker-0/DEBUG] [mixin/]: Mixing accessor.LootTableForgeAccessor from puzzleslib.forge.mixins.json into net.minecraft.world.level.storage.loot.LootTable
[31Mar2025 02:08:37.759] [modloading-worker-0/INFO] [Puzzles Lib/]: Constructing common components for puzzleslib:main
[31Mar2025 02:08:37.765] [modloading-worker-0/DEBUG] [net.minecraftforge.fml.javafmlmod.AutomaticEventSubscriber/LOADING]: Attempting to inject @EventBusSubscriber classes into the eventbus for architectury
[31Mar2025 02:08:37.765] [modloading-worker-0/DEBUG] [net.minecraftforge.fml.javafmlmod.AutomaticEventSubscriber/LOADING]: Auto-subscribing dev.architectury.registry.level.entity.trade.forge.TradeRegistryImpl to FORGE
[31Mar2025 02:08:37.769] [modloading-worker-0/DEBUG] [net.minecraftforge.fml.javafmlmod.AutomaticEventSubscriber/LOADING]: Auto-subscribing dev.architectury.registry.forge.ReloadListenerRegistryImpl to FORGE
[31Mar2025 02:08:37.772] [modloading-worker-0/DEBUG] [net.minecraftforge.fml.javafmlmod.AutomaticEventSubscriber/LOADING]: Auto-subscribing dev.architectury.networking.forge.NetworkManagerImpl to FORGE
[31Mar2025 02:08:37.783] [modloading-worker-0/WARN] [de.keksuccino.justzoom.JustZoom/]: [JUST ZOOM] Disabling 'Just Zoom' since it's a client-side mod and current environment is server!
[31Mar2025 02:08:37.783] [modloading-worker-0/DEBUG] [net.minecraftforge.fml.javafmlmod.AutomaticEventSubscriber/LOADING]: Attempting to inject @EventBusSubscriber classes into the eventbus for justzoom
[31Mar2025 02:08:37.787] [modloading-worker-0/DEBUG] [net.minecraftforge.fml.javafmlmod.AutomaticEventSubscriber/LOADING]: Attempting to inject @EventBusSubscriber classes into the eventbus for nitrogen_internals
[31Mar2025 02:08:37.787] [modloading-worker-0/DEBUG] [net.minecraftforge.fml.javafmlmod.AutomaticEventSubscriber/LOADING]: Auto-subscribing com.aetherteam.nitrogen.Nitrogen to FORGE
[31Mar2025 02:08:37.796] [modloading-worker-0/DEBUG] [portb.transformerlib.TransformerLib/]: Transforming forge/net/mca/entity/UpdatableInventory (target of net/minecraft/world/Container)
[31Mar2025 02:08:37.801] [modloading-worker-0/DEBUG] [net.minecraftforge.fml.config.ConfigTracker/CONFIG]: Config file celestisynth/celestisynth-client.toml for celestisynth tracking
[31Mar2025 02:08:37.808] [modloading-worker-0/INFO] [be.florens.expandability.ExpandAbility/]: ExpandAbility here, who dis?
[31Mar2025 02:08:37.811] [modloading-worker-0/DEBUG] [net.minecraftforge.fml.javafmlmod.AutomaticEventSubscriber/LOADING]: Attempting to inject @EventBusSubscriber classes into the eventbus for expandability
[31Mar2025 02:08:37.816] [modloading-worker-0/INFO] [mod.chiselsandbits.forge.Forge/]: Initialized Chisels&Bits - Forge
[31Mar2025 02:08:38.097] [modloading-worker-0/DEBUG] [net.minecraftforge.fml.config.ConfigTracker/CONFIG]: Config file chiselsandbits-client.toml for chiselsandbits tracking
[31Mar2025 02:08:38.101] [modloading-worker-0/DEBUG] [net.minecraftforge.fml.config.ConfigTracker/CONFIG]: Config file chiselsandbits-common.toml for chiselsandbits tracking
[31Mar2025 02:08:38.102] [modloading-worker-0/DEBUG] [net.minecraftforge.fml.config.ConfigTracker/CONFIG]: Config file chiselsandbits-server.toml for chiselsandbits tracking
[31Mar2025 02:08:38.156] [modloading-worker-0/DEBUG] [mixin/]: Mixing MixinCriteria from forge-mca.mixin.json into net.minecraft.advancements.CriteriaTriggers
[31Mar2025 02:08:38.157] [ Iron Furnaces Update Checker/INFO] [ironfurnaces.IronFurnaces/]: Update Check done!
[31Mar2025 02:08:38.158] [ Iron Furnaces Update Checker/INFO] [ironfurnaces.IronFurnaces/]: Iron Furnaces is up to date!
[31Mar2025 02:08:38.174] [modloading-worker-0/INFO] [mod.chiselsandbits.registrars.ModBlockEntityTypes/]: Loaded block entity configuration.
[31Mar2025 02:08:38.189] [modloading-worker-0/INFO] [mod.chiselsandbits.registrars.ModBlocks/]: Loaded block configuration.
[31Mar2025 02:08:38.199] [modloading-worker-0/INFO] [mod.chiselsandbits.registrars.ModChiselModeGroups/]: Loaded chisel mode group configuration.
[31Mar2025 02:08:38.354] [modloading-worker-0/DEBUG] [net.minecraftforge.fml.javafmlmod.AutomaticEventSubscriber/LOADING]: Attempting to inject @EventBusSubscriber classes into the eventbus for celestisynth
[31Mar2025 02:08:38.373] [modloading-worker-0/DEBUG] [net.minecraftforge.fml.javafmlmod.AutomaticEventSubscriber/LOADING]: Attempting to inject @EventBusSubscriber classes into the eventbus for mca
[31Mar2025 02:08:38.375] [modloading-worker-0/DEBUG] [net.minecraftforge.fml.javafmlmod.AutomaticEventSubscriber/LOADING]: Auto-subscribing forge.net.mca.forge.MCAForge to MOD
[31Mar2025 02:08:38.376] [modloading-worker-0/DEBUG] [net.minecraftforge.fml.javafmlmod.AutomaticEventSubscriber/LOADING]: Auto-subscribing forge.net.mca.forge.ForgeBusEvents to FORGE
[31Mar2025 02:08:38.423] [modloading-worker-0/DEBUG] [portb.transformerlib.TransformerLib/]: Transforming twilightforest/entity/TwilightChestBoat (target of net/minecraft/world/Container)
[31Mar2025 02:08:39.012] [modloading-worker-0/DEBUG] [net.minecraftforge.fml.javafmlmod.AutomaticEventSubscriber/LOADING]: Attempting to inject @EventBusSubscriber classes into the eventbus for ad_astra
[31Mar2025 02:08:39.012] [modloading-worker-0/DEBUG] [net.minecraftforge.fml.javafmlmod.AutomaticEventSubscriber/LOADING]: Auto-subscribing earth.terrarium.ad_astra.datagen.AdAstraDataGenerator to MOD
[31Mar2025 02:08:39.158] [modloading-worker-0/DEBUG] [net.minecraftforge.fml.javafmlmod.AutomaticEventSubscriber/LOADING]: Attempting to inject @EventBusSubscriber classes into the eventbus for twilightforest
[31Mar2025 02:08:39.162] [modloading-worker-0/DEBUG] [net.minecraftforge.fml.javafmlmod.AutomaticEventSubscriber/LOADING]: Auto-subscribing twilightforest.util.TFRemapper to FORGE
[31Mar2025 02:08:39.164] [modloading-worker-0/DEBUG] [net.minecraftforge.fml.javafmlmod.AutomaticEventSubscriber/LOADING]: Auto-subscribing twilightforest.loot.modifiers.GiantToolGroupingModifier to FORGE
[31Mar2025 02:08:39.170] [modloading-worker-0/DEBUG] [net.minecraftforge.fml.javafmlmod.AutomaticEventSubscriber/LOADING]: Auto-subscribing twilightforest.item.OreMagnetItem to FORGE
[31Mar2025 02:08:39.171] [modloading-worker-0/DEBUG] [net.minecraftforge.fml.javafmlmod.AutomaticEventSubscriber/LOADING]: Auto-subscribing twilightforest.item.FierySwordItem to FORGE
[31Mar2025 02:08:39.171] [modloading-worker-0/DEBUG] [net.minecraftforge.fml.javafmlmod.AutomaticEventSubscriber/LOADING]: Auto-subscribing twilightforest.init.TFEntities to MOD
[31Mar2025 02:08:39.172] [modloading-worker-0/DEBUG] [net.minecraftforge.fml.javafmlmod.AutomaticEventSubscriber/LOADING]: Auto-subscribing twilightforest.init.TFCaveCarvers to MOD
[31Mar2025 02:08:39.175] [modloading-worker-0/DEBUG] [net.minecraftforge.fml.javafmlmod.AutomaticEventSubscriber/LOADING]: Auto-subscribing twilightforest.events.ToolEvents to FORGE
[31Mar2025 02:08:39.181] [modloading-worker-0/DEBUG] [net.minecraftforge.fml.javafmlmod.AutomaticEventSubscriber/LOADING]: Auto-subscribing twilightforest.events.ProgressionEvents to FORGE
[31Mar2025 02:08:39.184] [modloading-worker-0/DEBUG] [net.minecraftforge.fml.javafmlmod.AutomaticEventSubscriber/LOADING]: Auto-subscribing twilightforest.events.MiscEvents to FORGE
[31Mar2025 02:08:39.187] [modloading-worker-0/DEBUG] [net.minecraftforge.fml.javafmlmod.AutomaticEventSubscriber/LOADING]: Auto-subscribing twilightforest.events.HostileMountEvents to FORGE
[31Mar2025 02:08:39.191] [modloading-worker-0/DEBUG] [net.minecraftforge.fml.javafmlmod.AutomaticEventSubscriber/LOADING]: Auto-subscribing twilightforest.events.EntityEvents to FORGE
[31Mar2025 02:08:39.197] [modloading-worker-0/DEBUG] [net.minecraftforge.fml.javafmlmod.AutomaticEventSubscriber/LOADING]: Auto-subscribing twilightforest.events.CharmEvents to FORGE
[31Mar2025 02:08:39.201] [modloading-worker-0/DEBUG] [net.minecraftforge.fml.javafmlmod.AutomaticEventSubscriber/LOADING]: Auto-subscribing twilightforest.events.CapabilityEvents to FORGE
[31Mar2025 02:08:39.203] [modloading-worker-0/DEBUG] [net.minecraftforge.fml.javafmlmod.AutomaticEventSubscriber/LOADING]: Auto-subscribing twilightforest.data.DataGenerators to MOD
[31Mar2025 02:08:39.207] [modloading-worker-0/DEBUG] [net.minecraftforge.fml.javafmlmod.AutomaticEventSubscriber/LOADING]: Auto-subscribing twilightforest.TFTickHandler to FORGE
[31Mar2025 02:08:39.208] [modloading-worker-0/DEBUG] [net.minecraftforge.fml.javafmlmod.AutomaticEventSubscriber/LOADING]: Auto-subscribing twilightforest.TFConfig to MOD
[31Mar2025 02:08:39.209] [modloading-worker-0/DEBUG] [net.minecraftforge.fml.javafmlmod.AutomaticEventSubscriber/LOADING]: Auto-subscribing twilightforest.TFConfig$ConfigSync to FORGE
[31Mar2025 02:08:39.384] [modloading-worker-0/INFO] [mod.chiselsandbits.registrars.ModChiselModes/]: Loaded chisel mode configuration.
[31Mar2025 02:08:39.386] [modloading-worker-0/INFO] [mod.chiselsandbits.registrars.ModContainerTypes/]: Loaded container type configuration.
[31Mar2025 02:08:39.389] [modloading-worker-0/INFO] [mod.chiselsandbits.registrars.ModCreativeTabs/]: Loaded item group configuration.
[31Mar2025 02:08:39.416] [modloading-worker-0/INFO] [mod.chiselsandbits.registrars.ModItems/]: Loaded item configuration.
[31Mar2025 02:08:39.420] [modloading-worker-0/INFO] [mod.chiselsandbits.registrars.ModMetadataKeys/]: Loaded metadata key configuration.
[31Mar2025 02:08:39.432] [modloading-worker-0/INFO] [mod.chiselsandbits.registrars.ModModelProperties/]: Loaded model property configuration.
[31Mar2025 02:08:39.436] [modloading-worker-0/INFO] [mod.chiselsandbits.registrars.ModModificationOperation/]: Loaded modification operation configuration.
[31Mar2025 02:08:39.437] [modloading-worker-0/INFO] [mod.chiselsandbits.registrars.ModModificationOperationGroups/]: Loaded modification operation group configuration.
[31Mar2025 02:08:39.446] [modloading-worker-0/INFO] [mod.chiselsandbits.registrars.ModPatternPlacementTypes/]: Loaded pattern placement type configuration.
[31Mar2025 02:08:39.448] [modloading-worker-0/INFO] [mod.chiselsandbits.registrars.ModRecipeSerializers/]: Loaded recipe serializer configuration.
[31Mar2025 02:08:39.450] [modloading-worker-0/INFO] [mod.chiselsandbits.registrars.ModTags/]: Loaded tag configuration.
[31Mar2025 02:08:39.451] [modloading-worker-0/INFO] [mod.chiselsandbits.registrars.ModRecipeTypes/]: Registering recipe types.
[31Mar2025 02:08:39.452] [modloading-worker-0/INFO] [mod.chiselsandbits.registrars.ModEventHandler/]: Registering event handlers
[31Mar2025 02:08:39.482] [modloading-worker-0/DEBUG] [net.minecraftforge.fml.javafmlmod.AutomaticEventSubscriber/LOADING]: Attempting to inject @EventBusSubscriber classes into the eventbus for chiselsandbits
[31Mar2025 02:08:39.483] [modloading-worker-0/DEBUG] [net.minecraftforge.fml.javafmlmod.AutomaticEventSubscriber/LOADING]: Auto-subscribing mod.chiselsandbits.forge.data.tag.TagGeneratorEventHandler to MOD
[31Mar2025 02:08:39.484] [modloading-worker-0/DEBUG] [net.minecraftforge.fml.javafmlmod.AutomaticEventSubscriber/LOADING]: Auto-subscribing mod.chiselsandbits.forge.data.recipe.SpecialCraftingRecipeGenerator to MOD
[31Mar2025 02:08:39.486] [modloading-worker-0/DEBUG] [net.minecraftforge.fml.javafmlmod.AutomaticEventSubscriber/LOADING]: Auto-subscribing mod.chiselsandbits.forge.data.recipe.SimpleItemsRecipeGenerator to MOD
[31Mar2025 02:08:39.505] [modloading-worker-0/DEBUG] [net.minecraftforge.fml.javafmlmod.AutomaticEventSubscriber/LOADING]: Auto-subscribing mod.chiselsandbits.forge.data.recipe.ModificationOperationRecipeProvider to MOD
[31Mar2025 02:08:39.506] [modloading-worker-0/DEBUG] [net.minecraftforge.fml.javafmlmod.AutomaticEventSubscriber/LOADING]: Auto-subscribing mod.chiselsandbits.forge.data.recipe.MachineBlocksRecipeGenerator to MOD
[31Mar2025 02:08:39.507] [modloading-worker-0/DEBUG] [net.minecraftforge.fml.javafmlmod.AutomaticEventSubscriber/LOADING]: Auto-subscribing mod.chiselsandbits.forge.data.recipe.ChiselRecipeGenerator to MOD
[31Mar2025 02:08:39.508] [modloading-worker-0/DEBUG] [net.minecraftforge.fml.javafmlmod.AutomaticEventSubscriber/LOADING]: Auto-subscribing mod.chiselsandbits.forge.data.model.UnsealItemModelGenerator to MOD
[31Mar2025 02:08:39.514] [modloading-worker-0/DEBUG] [mixin/]: Mixing common.ModelBuilderMixin from aether.mixins.json into net.minecraftforge.client.model.generators.ModelBuilder
[31Mar2025 02:08:39.520] [modloading-worker-0/DEBUG] [net.minecraftforge.fml.javafmlmod.AutomaticEventSubscriber/LOADING]: Auto-subscribing mod.chiselsandbits.forge.data.model.SealantItemModelGenerator to MOD
[31Mar2025 02:08:39.520] [modloading-worker-0/DEBUG] [net.minecraftforge.fml.javafmlmod.AutomaticEventSubscriber/LOADING]: Auto-subscribing mod.chiselsandbits.forge.data.model.QuillItemModelGenerator to MOD
[31Mar2025 02:08:39.521] [modloading-worker-0/DEBUG] [net.minecraftforge.fml.javafmlmod.AutomaticEventSubscriber/LOADING]: Auto-subscribing mod.chiselsandbits.forge.data.model.MeasuringTapeModelGenerator to MOD
[31Mar2025 02:08:39.522] [modloading-worker-0/DEBUG] [net.minecraftforge.fml.javafmlmod.AutomaticEventSubscriber/LOADING]: Auto-subscribing mod.chiselsandbits.forge.data.model.ChiselBlockItemModelGenerator to MOD
[31Mar2025 02:08:39.525] [modloading-worker-0/DEBUG] [net.minecraftforge.fml.javafmlmod.AutomaticEventSubscriber/LOADING]: Auto-subscribing mod.chiselsandbits.forge.data.model.BlockBitItemModelGenerator to MOD
[31Mar2025 02:08:39.526] [modloading-worker-0/DEBUG] [net.minecraftforge.fml.javafmlmod.AutomaticEventSubscriber/LOADING]: Auto-subscribing mod.chiselsandbits.forge.data.loottable.DropBlockLootTableGenerator to MOD
[31Mar2025 02:08:39.529] [modloading-worker-0/DEBUG] [net.minecraftforge.fml.javafmlmod.AutomaticEventSubscriber/LOADING]: Auto-subscribing mod.chiselsandbits.forge.data.lang.LangEntryLangGenerator to MOD
[31Mar2025 02:08:39.530] [modloading-worker-0/DEBUG] [net.minecraftforge.fml.javafmlmod.AutomaticEventSubscriber/LOADING]: Auto-subscribing mod.chiselsandbits.forge.data.lang.ConfigLangGenerator to MOD
[31Mar2025 02:08:39.531] [modloading-worker-0/DEBUG] [net.minecraftforge.fml.javafmlmod.AutomaticEventSubscriber/LOADING]: Auto-subscribing mod.chiselsandbits.forge.data.blockstate.ReflectionHelperBlockStateGenerator to MOD
[31Mar2025 02:08:39.540] [modloading-worker-0/DEBUG] [net.minecraftforge.fml.javafmlmod.AutomaticEventSubscriber/LOADING]: Auto-subscribing mod.chiselsandbits.forge.data.blockstate.PatternScannerBlockStateGenerator to MOD
[31Mar2025 02:08:39.541] [modloading-worker-0/DEBUG] [net.minecraftforge.fml.javafmlmod.AutomaticEventSubscriber/LOADING]: Auto-subscribing mod.chiselsandbits.forge.data.blockstate.ModificationTableBlockStateGenerator to MOD
[31Mar2025 02:08:39.542] [modloading-worker-0/DEBUG] [net.minecraftforge.fml.javafmlmod.AutomaticEventSubscriber/LOADING]: Auto-subscribing mod.chiselsandbits.forge.data.blockstate.ChiseledPrinterBlockStateGenerator to MOD
[31Mar2025 02:08:39.543] [modloading-worker-0/DEBUG] [net.minecraftforge.fml.javafmlmod.AutomaticEventSubscriber/LOADING]: Auto-subscribing mod.chiselsandbits.forge.data.blockstate.ChiseledBlockBlockStateGenerator to MOD
[31Mar2025 02:08:39.544] [modloading-worker-0/DEBUG] [net.minecraftforge.fml.javafmlmod.AutomaticEventSubscriber/LOADING]: Auto-subscribing mod.chiselsandbits.forge.data.advancement.ChiselsAndBitsAdvancementGenerator to MOD
[31Mar2025 02:08:39.616] [main/DEBUG] [net.minecraftforge.common.capabilities.CapabilityManager/CAPABILITIES]: Attempting to automatically register: Lcom/tiviacz/travelersbackpack/capability/ITravelersBackpack;
[31Mar2025 02:08:39.616] [main/DEBUG] [net.minecraftforge.common.capabilities.CapabilityManager/CAPABILITIES]: Attempting to automatically register: Lnet/minecraftforge/energy/IEnergyStorage;
[31Mar2025 02:08:39.617] [main/DEBUG] [net.minecraftforge.common.capabilities.CapabilityManager/CAPABILITIES]: Attempting to automatically register: Lnet/minecraftforge/fluids/capability/IFluidHandler;
[31Mar2025 02:08:39.617] [main/DEBUG] [net.minecraftforge.common.capabilities.CapabilityManager/CAPABILITIES]: Attempting to automatically register: Lnet/minecraftforge/fluids/capability/IFluidHandlerItem;
[31Mar2025 02:08:39.617] [main/DEBUG] [net.minecraftforge.common.capabilities.CapabilityManager/CAPABILITIES]: Attempting to automatically register: Lnet/minecraftforge/items/IItemHandler;
[31Mar2025 02:08:39.686] [main/DEBUG] [portb.transformerlib.TransformerLib/]: Transforming com/aetherteam/aether/blockentity/AbstractAetherFurnaceBlockEntity (target of net/minecraft/world/Container)
[31Mar2025 02:08:39.688] [main/DEBUG] [portb.transformerlib.TransformerLib/]: Transforming com/aetherteam/aether/blockentity/FreezerBlockEntity (target of net/minecraft/world/Container)
[31Mar2025 02:08:39.689] [main/DEBUG] [portb.transformerlib.TransformerLib/]: Transforming com/aetherteam/aether/blockentity/IncubatorBlockEntity (target of net/minecraft/world/Container)
[31Mar2025 02:08:39.706] [main/DEBUG] [portb.transformerlib.TransformerLib/]: Transforming com/aetherteam/aether/blockentity/TreasureChestBlockEntity (target of net/minecraft/world/Container)
[31Mar2025 02:08:39.858] [main/DEBUG] [portb.transformerlib.TransformerLib/]: Transforming com/github/alexthe666/alexsmobs/tileentity/TileEntityCapsid (target of net/minecraft/world/Container)
[31Mar2025 02:08:39.972] [main/DEBUG] [portb.transformerlib.TransformerLib/]: Transforming org/cyclops/cyclopscore/inventory/SimpleInventory (target of net/minecraft/world/Container)
[31Mar2025 02:08:39.973] [main/DEBUG] [portb.transformerlib.TransformerLib/]: Transforming org/cyclops/cyclopscore/inventory/INBTInventory (target of net/minecraft/world/Container)
[31Mar2025 02:08:39.974] [main/DEBUG] [portb.transformerlib.TransformerLib/]: Transforming org/cyclops/evilcraft/core/blockentity/BlockEntityWorking$Inventory (target of net/minecraft/world/Container)
[31Mar2025 02:08:39.974] [main/DEBUG] [portb.transformerlib.TransformerLib/]: Transforming org/cyclops/evilcraft/blockentity/BlockEntityBloodInfuser$Inventory (target of net/minecraft/world/Container)
[31Mar2025 02:08:39.985] [main/DEBUG] [portb.transformerlib.TransformerLib/]: Transforming org/cyclops/evilcraft/blockentity/BlockEntityBloodChest$2 (target of net/minecraft/world/Container)
[31Mar2025 02:08:39.987] [main/DEBUG] [portb.transformerlib.TransformerLib/]: Transforming org/cyclops/evilcraft/core/recipe/type/RecipeEnvironmentalAccumulator$Inventory (target of net/minecraft/world/Container)
[31Mar2025 02:08:39.995] [main/DEBUG] [portb.transformerlib.TransformerLib/]: Transforming org/cyclops/evilcraft/blockentity/BlockEntityPurifier$1 (target of net/minecraft/world/Container)
[31Mar2025 02:08:39.998] [main/DEBUG] [portb.transformerlib.TransformerLib/]: Transforming org/cyclops/evilcraft/blockentity/BlockEntitySpiritFurnace$4 (target of net/minecraft/world/Container)
[31Mar2025 02:08:40.016] [main/DEBUG] [portb.transformerlib.TransformerLib/]: Transforming org/cyclops/evilcraft/blockentity/BlockEntitySpiritReanimator$3 (target of net/minecraft/world/Container)
[31Mar2025 02:08:40.046] [main/DEBUG] [portb.transformerlib.TransformerLib/]: Transforming org/cyclops/evilcraft/blockentity/BlockEntityColossalBloodChest$4 (target of net/minecraft/world/Container)
[31Mar2025 02:08:40.051] [main/DEBUG] [portb.transformerlib.TransformerLib/]: Transforming org/cyclops/evilcraft/blockentity/BlockEntitySanguinaryEnvironmentalAccumulator$Inventory (target of net/minecraft/world/Container)
[31Mar2025 02:08:40.476] [main/DEBUG] [portb.transformerlib.TransformerLib/]: Transforming ironfurnaces/tileentity/furnaces/BlockIronFurnaceTile (target of ironfurnaces/tileentity/furnaces/BlockIronFurnaceTileBase)
[31Mar2025 02:08:40.478] [main/DEBUG] [portb.transformerlib.TransformerLib/]: Transforming ironfurnaces/tileentity/furnaces/BlockIronFurnaceTileBase (target of ironfurnaces/tileentity/furnaces/BlockIronFurnaceTileBase)
[31Mar2025 02:08:40.479] [main/DEBUG] [portb.transformerlib.TransformerLib/]: Transforming ironfurnaces/tileentity/TileEntityInventory (target of net/minecraft/world/Container)
[31Mar2025 02:08:40.487] [main/DEBUG] [portb.transformerlib.TransformerLib/]: Transforming ironfurnaces/tileentity/furnaces/BlockGoldFurnaceTile (target of ironfurnaces/tileentity/furnaces/BlockIronFurnaceTileBase)
[31Mar2025 02:08:40.489] [main/DEBUG] [portb.transformerlib.TransformerLib/]: Transforming ironfurnaces/tileentity/furnaces/BlockDiamondFurnaceTile (target of ironfurnaces/tileentity/furnaces/BlockIronFurnaceTileBase)
[31Mar2025 02:08:40.491] [main/DEBUG] [portb.transformerlib.TransformerLib/]: Transforming ironfurnaces/tileentity/furnaces/BlockEmeraldFurnaceTile (target of ironfurnaces/tileentity/furnaces/BlockIronFurnaceTileBase)
[31Mar2025 02:08:40.492] [main/DEBUG] [portb.transformerlib.TransformerLib/]: Transforming ironfurnaces/tileentity/furnaces/BlockObsidianFurnaceTile (target of ironfurnaces/tileentity/furnaces/BlockIronFurnaceTileBase)
[31Mar2025 02:08:40.494] [main/DEBUG] [portb.transformerlib.TransformerLib/]: Transforming ironfurnaces/tileentity/furnaces/BlockCrystalFurnaceTile (target of ironfurnaces/tileentity/furnaces/BlockIronFurnaceTileBase)
[31Mar2025 02:08:40.497] [main/DEBUG] [portb.transformerlib.TransformerLib/]: Transforming ironfurnaces/tileentity/furnaces/BlockNetheriteFurnaceTile (target of ironfurnaces/tileentity/furnaces/BlockIronFurnaceTileBase)
[31Mar2025 02:08:40.499] [main/DEBUG] [portb.transformerlib.TransformerLib/]: Transforming ironfurnaces/tileentity/furnaces/BlockCopperFurnaceTile (target of ironfurnaces/tileentity/furnaces/BlockIronFurnaceTileBase)
[31Mar2025 02:08:40.501] [main/DEBUG] [portb.transformerlib.TransformerLib/]: Transforming ironfurnaces/tileentity/furnaces/BlockSilverFurnaceTile (target of ironfurnaces/tileentity/furnaces/BlockIronFurnaceTileBase)
[31Mar2025 02:08:40.502] [main/DEBUG] [portb.transformerlib.TransformerLib/]: Transforming ironfurnaces/tileentity/furnaces/other/BlockAllthemodiumFurnaceTile (target of ironfurnaces/tileentity/furnaces/BlockIronFurnaceTileBase)
[31Mar2025 02:08:40.504] [main/DEBUG] [portb.transformerlib.TransformerLib/]: Transforming ironfurnaces/tileentity/furnaces/other/BlockVibraniumFurnaceTile (target of ironfurnaces/tileentity/furnaces/BlockIronFurnaceTileBase)
[31Mar2025 02:08:40.506] [main/DEBUG] [portb.transformerlib.TransformerLib/]: Transforming ironfurnaces/tileentity/furnaces/other/BlockUnobtainiumFurnaceTile (target of ironfurnaces/tileentity/furnaces/BlockIronFurnaceTileBase)
[31Mar2025 02:08:40.508] [main/DEBUG] [portb.transformerlib.TransformerLib/]: Transforming ironfurnaces/tileentity/BlockWirelessEnergyHeaterTile (target of net/minecraft/world/Container)
[31Mar2025 02:08:40.509] [main/DEBUG] [portb.transformerlib.TransformerLib/]: Transforming ironfurnaces/tileentity/furnaces/BlockMillionFurnaceTile (target of ironfurnaces/tileentity/furnaces/BlockIronFurnaceTileBase)
[31Mar2025 02:08:40.526] [main/DEBUG] [portb.transformerlib.TransformerLib/]: Transforming com/aqutheseal/celestisynth/common/block/StarlitFactoryBlockEntity (target of net/minecraft/world/Container)
[31Mar2025 02:08:40.530] [main/DEBUG] [portb.transformerlib.TransformerLib/]: Transforming mod/chiselsandbits/block/entities/BitStorageBlockEntity (target of net/minecraft/world/Container)
[31Mar2025 02:08:40.657] [main/DEBUG] [portb.transformerlib.TransformerLib/]: Transforming mod/chiselsandbits/block/entities/ChiseledPrinterBlockEntity (target of net/minecraft/world/Container)
[31Mar2025 02:08:42.164] [main/DEBUG] [portb.transformerlib.TransformerLib/]: Transforming earth/terrarium/ad_astra/common/block/machine/entity/AbstractMachineBlockEntity (target of net/minecraft/world/Container)
[31Mar2025 02:08:42.166] [main/DEBUG] [portb.transformerlib.TransformerLib/]: Transforming earth/terrarium/ad_astra/common/util/ModInventory (target of net/minecraft/world/Container)
[31Mar2025 02:08:42.877] [main/DEBUG] [io.netty.util.internal.InternalThreadLocalMap/]: -Dio.netty.threadLocalMap.stringBuilder.initialSize: 1024
[31Mar2025 02:08:42.877] [main/DEBUG] [io.netty.util.internal.InternalThreadLocalMap/]: -Dio.netty.threadLocalMap.stringBuilder.maxSize: 4096
[31Mar2025 02:08:42.878] [main/DEBUG] [io.netty.util.internal.ThreadLocalRandom/]: -Dio.netty.initialSeedUniquifier: 0xe9e7c00ee3bd380f
[31Mar2025 02:08:42.918] [main/WARN] [com.unlikepaladin.pfm.PaladinFurnitureMod/]: Found block type with duplicate id (minecraft:oak), skipping
[31Mar2025 02:08:43.439] [main/DEBUG] [mixin/]: Mixing TagsProviderForgeMixin from puzzleslib.forge.mixins.json into net.minecraft.data.tags.TagsProvider
[31Mar2025 02:08:43.490] [main/DEBUG] [software.bernie.geckolib.GeckoLib/]: Registered SyncedAnimatable for class com.aqutheseal.celestisynth.common.item.weapons.SolarisItem
[31Mar2025 02:08:43.490] [main/DEBUG] [software.bernie.geckolib.GeckoLib/]: Registered SyncedAnimatable for class com.aqutheseal.celestisynth.common.item.weapons.CrescentiaItem
[31Mar2025 02:08:43.491] [main/DEBUG] [software.bernie.geckolib.GeckoLib/]: Registered SyncedAnimatable for class com.aqutheseal.celestisynth.common.item.weapons.BreezebreakerItem
[31Mar2025 02:08:43.492] [main/DEBUG] [software.bernie.geckolib.GeckoLib/]: Registered SyncedAnimatable for class com.aqutheseal.celestisynth.common.item.weapons.PoltergeistItem
[31Mar2025 02:08:43.492] [main/DEBUG] [software.bernie.geckolib.GeckoLib/]: Registered SyncedAnimatable for class com.aqutheseal.celestisynth.common.item.weapons.AquafloraItem
[31Mar2025 02:08:43.492] [main/DEBUG] [software.bernie.geckolib.GeckoLib/]: Registered SyncedAnimatable for class com.aqutheseal.celestisynth.common.item.weapons.RainfallSerenityItem
[31Mar2025 02:08:43.492] [main/DEBUG] [software.bernie.geckolib.GeckoLib/]: Registered SyncedAnimatable for class com.aqutheseal.celestisynth.common.item.weapons.FrostboundItem
[31Mar2025 02:08:43.493] [main/DEBUG] [software.bernie.geckolib.GeckoLib/]: Registered SyncedAnimatable for class com.aqutheseal.celestisynth.common.item.weapons.KeresItem
[31Mar2025 02:08:43.493] [main/DEBUG] [software.bernie.geckolib.GeckoLib/]: Registered SyncedAnimatable for class com.aqutheseal.celestisynth.common.item.misc.StarlitFactoryBlockItem
[31Mar2025 02:08:43.498] [main/DEBUG] [portb.transformerlib.TransformerLib/]: Transforming mod/chiselsandbits/api/inventory/bit/IBitInventoryItemStack (target of net/minecraft/world/Container)
[31Mar2025 02:08:43.897] [main/DEBUG] [portb.transformerlib.TransformerLib/]: Transforming com/github/alexthe666/alexsmobs/entity/EntityElephant$1 (target of net/minecraft/world/Container)
[31Mar2025 02:08:43.957] [main/DEBUG] [portb.transformerlib.TransformerLib/]: Transforming com/github/alexthe666/alexsmobs/entity/EntityKangaroo$1 (target of net/minecraft/world/Container)
[31Mar2025 02:08:44.084] [main/DEBUG] [portb.transformerlib.TransformerLib/]: Transforming com/github/alexthe666/alexsmobs/entity/EntityCatfish$1 (target of net/minecraft/world/Container)
[31Mar2025 02:08:44.158] [main/DEBUG] [dev.architectury.core.item.ArchitecturySpawnEggItem/]: Registering spawn egg mimic_spawn_egg for artifacts:mimic
[31Mar2025 02:08:44.158] [main/WARN] [dev.architectury.registry.registries.forge.RegistrarManagerImpl/]: Registry entry listened Registry Entry [minecraft:entity_type / mca:female_villager] was not realized!
[31Mar2025 02:08:44.158] [main/WARN] [dev.architectury.registry.registries.forge.RegistrarManagerImpl/]: Registry entry listened Registry Entry [minecraft:entity_type / mca:male_zombie_villager] was not realized!
[31Mar2025 02:08:44.159] [main/WARN] [dev.architectury.registry.registries.forge.RegistrarManagerImpl/]: Registry entry listened Registry Entry [minecraft:entity_type / mca:grim_reaper] was not realized!
[31Mar2025 02:08:44.159] [main/WARN] [dev.architectury.registry.registries.forge.RegistrarManagerImpl/]: Registry entry listened Registry Entry [minecraft:entity_type / mca:female_zombie_villager] was not realized!
[31Mar2025 02:08:44.159] [main/WARN] [dev.architectury.registry.registries.forge.RegistrarManagerImpl/]: Registry entry listened Registry Entry [minecraft:entity_type / mca:male_villager] was not realized!
[31Mar2025 02:08:44.179] [main/DEBUG] [dev.architectury.core.item.ArchitecturySpawnEggItem/]: Registering spawn egg male_villager_spawn_egg for mca:male_villager
[31Mar2025 02:08:44.179] [main/DEBUG] [dev.architectury.core.item.ArchitecturySpawnEggItem/]: Registering spawn egg female_villager_spawn_egg for mca:female_villager
[31Mar2025 02:08:44.179] [main/DEBUG] [dev.architectury.core.item.ArchitecturySpawnEggItem/]: Registering spawn egg male_zombie_villager_spawn_egg for mca:male_zombie_villager
[31Mar2025 02:08:44.179] [main/DEBUG] [dev.architectury.core.item.ArchitecturySpawnEggItem/]: Registering spawn egg female_zombie_villager_spawn_egg for mca:female_zombie_villager
[31Mar2025 02:08:44.180] [main/DEBUG] [dev.architectury.core.item.ArchitecturySpawnEggItem/]: Registering spawn egg grim_reaper_spawn_egg for mca:grim_reaper
[31Mar2025 02:08:44.217] [main/DEBUG] [mixin/]: Mixing GlacianRamMixin from ad_astra.mixins.json into earth.terrarium.ad_astra.common.entity.mob.GlacianRam
[31Mar2025 02:08:44.236] [main/INFO] [evilcraft/]: 2205 possible Broom base combinations are ready for flying!
[31Mar2025 02:08:44.283] [main/DEBUG] [portb.transformerlib.TransformerLib/]: Transforming com/unlikepaladin/pfm/blocks/blockentities/FreezerBlockEntity (target of net/minecraft/world/Container)
[31Mar2025 02:08:44.287] [main/DEBUG] [portb.transformerlib.TransformerLib/]: Transforming com/unlikepaladin/pfm/blocks/blockentities/forge/FreezerBlockEntityImpl (target of net/minecraft/world/Container)
[31Mar2025 02:08:44.290] [main/DEBUG] [portb.transformerlib.TransformerLib/]: Transforming com/unlikepaladin/pfm/blocks/blockentities/CounterOvenBlockEntity (target of net/minecraft/world/Container)
[31Mar2025 02:08:44.292] [main/DEBUG] [portb.transformerlib.TransformerLib/]: Transforming com/unlikepaladin/pfm/blocks/blockentities/StoveBlockEntity (target of net/minecraft/world/Container)
[31Mar2025 02:08:44.293] [main/DEBUG] [portb.transformerlib.TransformerLib/]: Transforming com/unlikepaladin/pfm/blocks/blockentities/forge/StoveBlockEntityImpl (target of net/minecraft/world/Container)
[31Mar2025 02:08:44.295] [main/DEBUG] [portb.transformerlib.TransformerLib/]: Transforming com/unlikepaladin/pfm/blocks/blockentities/MicrowaveBlockEntity (target of net/minecraft/world/Container)
[31Mar2025 02:08:44.298] [main/DEBUG] [portb.transformerlib.TransformerLib/]: Transforming com/unlikepaladin/pfm/blocks/blockentities/forge/MicrowaveBlockEntityImpl (target of net/minecraft/world/Container)
[31Mar2025 02:08:44.307] [main/DEBUG] [portb.transformerlib.TransformerLib/]: Transforming com/unlikepaladin/pfm/blocks/blockentities/PFMToasterBlockEntity (target of net/minecraft/world/Container)
[31Mar2025 02:08:44.309] [main/DEBUG] [portb.transformerlib.TransformerLib/]: Transforming com/unlikepaladin/pfm/blocks/blockentities/forge/PFMToasterBlockEntityImpl (target of net/minecraft/world/Container)
[31Mar2025 02:08:44.341] [main/DEBUG] [portb.transformerlib.TransformerLib/]: Transforming earth/terrarium/ad_astra/common/block/machine/entity/FluidMachineBlockEntity (target of net/minecraft/world/Container)
[31Mar2025 02:08:44.344] [main/DEBUG] [portb.transformerlib.TransformerLib/]: Transforming earth/terrarium/ad_astra/common/block/machine/entity/ProcessingMachineBlockEntity (target of net/minecraft/world/Container)
[31Mar2025 02:08:44.347] [main/DEBUG] [portb.transformerlib.TransformerLib/]: Transforming earth/terrarium/ad_astra/common/block/machine/entity/CoalGeneratorBlockEntity (target of net/minecraft/world/Container)
[31Mar2025 02:08:44.348] [main/DEBUG] [portb.transformerlib.TransformerLib/]: Transforming earth/terrarium/ad_astra/common/block/machine/entity/OxygenLoaderBlockEntity (target of net/minecraft/world/Container)
[31Mar2025 02:08:44.350] [main/DEBUG] [portb.transformerlib.TransformerLib/]: Transforming earth/terrarium/ad_astra/common/block/machine/entity/SolarPanelBlockEntity (target of net/minecraft/world/Container)
[31Mar2025 02:08:44.351] [main/DEBUG] [portb.transformerlib.TransformerLib/]: Transforming earth/terrarium/ad_astra/common/block/machine/entity/NasaWorkbenchBlockEntity (target of net/minecraft/world/Container)
[31Mar2025 02:08:44.352] [main/DEBUG] [portb.transformerlib.TransformerLib/]: Transforming earth/terrarium/ad_astra/common/block/machine/entity/OxygenDistributorBlockEntity (target of net/minecraft/world/Container)
[31Mar2025 02:08:44.354] [main/DEBUG] [portb.transformerlib.TransformerLib/]: Transforming earth/terrarium/ad_astra/common/block/machine/entity/WaterPumpBlockEntity (target of net/minecraft/world/Container)
[31Mar2025 02:08:44.355] [main/DEBUG] [portb.transformerlib.TransformerLib/]: Transforming earth/terrarium/ad_astra/common/block/machine/entity/EnergizerBlockEntity (target of net/minecraft/world/Container)
[31Mar2025 02:08:44.357] [main/DEBUG] [portb.transformerlib.TransformerLib/]: Transforming earth/terrarium/ad_astra/common/block/machine/entity/CryoFreezerBlockEntity (target of net/minecraft/world/Container)
[31Mar2025 02:08:44.358] [main/DEBUG] [portb.transformerlib.TransformerLib/]: Transforming earth/terrarium/ad_astra/common/block/machine/entity/OxygenSensorBlockEntity (target of net/minecraft/world/Container)
[31Mar2025 02:08:44.373] [main/DEBUG] [portb.transformerlib.TransformerLib/]: Transforming org/cyclops/cyclopscore/inventory/slot/SlotArmor (target of net/minecraft/world/inventory/Slot)
[31Mar2025 02:08:44.373] [main/DEBUG] [portb.transformerlib.TransformerLib/]: Transforming com/github/alexthe666/alexsmobs/inventory/MenuTransmutationTable$2 (target of net/minecraft/world/inventory/Slot)
[31Mar2025 02:08:44.375] [main/DEBUG] [portb.transformerlib.TransformerLib/]: Transforming com/tiviacz/travelersbackpack/inventory/menu/slot/BackpackSlotItemHandler (target of net/minecraft/world/inventory/Slot)
[31Mar2025 02:08:44.375] [main/DEBUG] [portb.transformerlib.TransformerLib/]: Transforming com/tiviacz/travelersbackpack/inventory/menu/slot/ToolSlotItemHandler (target of net/minecraft/world/inventory/Slot)
[31Mar2025 02:08:44.376] [main/DEBUG] [portb.transformerlib.TransformerLib/]: Transforming com/tiviacz/travelersbackpack/inventory/menu/slot/UpgradeSlotItemHandler (target of net/minecraft/world/inventory/Slot)
[31Mar2025 02:08:44.376] [main/DEBUG] [portb.transformerlib.TransformerLib/]: Transforming com/tiviacz/travelersbackpack/inventory/menu/slot/DisabledSlot (target of net/minecraft/world/inventory/Slot)
[31Mar2025 02:08:44.378] [main/DEBUG] [portb.transformerlib.TransformerLib/]: Transforming org/cyclops/cyclopscore/inventory/slot/SlotFluidContainer (target of net/minecraft/world/inventory/Slot)
[31Mar2025 02:08:44.378] [main/DEBUG] [portb.transformerlib.TransformerLib/]: Transforming org/cyclops/evilcraft/inventory/slot/SlotRepairable (target of net/minecraft/world/inventory/Slot)
[31Mar2025 02:08:44.379] [main/DEBUG] [portb.transformerlib.TransformerLib/]: Transforming org/cyclops/cyclopscore/inventory/slot/SlotExtended (target of net/minecraft/world/inventory/Slot)
[31Mar2025 02:08:44.380] [main/DEBUG] [portb.transformerlib.TransformerLib/]: Transforming org/cyclops/evilcraft/core/inventory/slot/SlotWorking (target of net/minecraft/world/inventory/Slot)
[31Mar2025 02:08:44.380] [main/DEBUG] [portb.transformerlib.TransformerLib/]: Transforming org/cyclops/cyclopscore/inventory/slot/SlotRemoveOnly (target of net/minecraft/world/inventory/Slot)
[31Mar2025 02:08:44.382] [main/DEBUG] [portb.transformerlib.TransformerLib/]: Transforming org/cyclops/cyclopscore/inventory/container/ItemInventoryContainer$1 (target of net/minecraft/world/inventory/Slot)
[31Mar2025 02:08:44.384] [main/DEBUG] [portb.transformerlib.TransformerLib/]: Transforming org/cyclops/cyclopscore/inventory/slot/SlotSingleItem (target of net/minecraft/world/inventory/Slot)
[31Mar2025 02:08:44.385] [main/DEBUG] [portb.transformerlib.TransformerLib/]: Transforming org/cyclops/evilcraft/core/inventory/slot/SlotWorkingRemoveOnly (target of net/minecraft/world/inventory/Slot)
[31Mar2025 02:08:44.387] [main/DEBUG] [portb.transformerlib.TransformerLib/]: Transforming com/unlikepaladin/pfm/menus/slots/FreezerFuelSlot (target of net/minecraft/world/inventory/Slot)
[31Mar2025 02:08:44.388] [main/DEBUG] [portb.transformerlib.TransformerLib/]: Transforming com/unlikepaladin/pfm/fabric/menus/slots/GenericOutputSlot (target of net/minecraft/world/inventory/Slot)
[31Mar2025 02:08:44.389] [main/DEBUG] [portb.transformerlib.TransformerLib/]: Transforming com/unlikepaladin/pfm/menus/WorkbenchScreenHandler$1 (target of net/minecraft/world/inventory/Slot)
[31Mar2025 02:08:44.391] [main/DEBUG] [portb.transformerlib.TransformerLib/]: Transforming com/unlikepaladin/pfm/fabric/menus/slots/SizeableSlot (target of net/minecraft/world/inventory/Slot)
[31Mar2025 02:08:44.392] [main/DEBUG] [portb.transformerlib.TransformerLib/]: Transforming twilightforest/inventory/slot/UncraftingResultSlot (target of net/minecraft/world/inventory/Slot)
[31Mar2025 02:08:44.393] [main/DEBUG] [portb.transformerlib.TransformerLib/]: Transforming twilightforest/inventory/slot/UncraftingSlot (target of net/minecraft/world/inventory/Slot)
[31Mar2025 02:08:44.393] [main/DEBUG] [portb.transformerlib.TransformerLib/]: Transforming twilightforest/inventory/slot/AssemblySlot (target of net/minecraft/world/inventory/Slot)
[31Mar2025 02:08:44.400] [main/DEBUG] [portb.transformerlib.TransformerLib/]: Transforming top/theillusivec4/curios/common/inventory/container/CuriosContainer$1 (target of net/minecraft/world/inventory/Slot)
[31Mar2025 02:08:44.401] [main/DEBUG] [portb.transformerlib.TransformerLib/]: Transforming top/theillusivec4/curios/common/inventory/container/CuriosContainer$2 (target of net/minecraft/world/inventory/Slot)
[31Mar2025 02:08:44.403] [main/DEBUG] [portb.transformerlib.TransformerLib/]: Transforming top/theillusivec4/curios/common/inventory/container/CuriosContainerV2$1 (target of net/minecraft/world/inventory/Slot)
[31Mar2025 02:08:44.404] [main/DEBUG] [portb.transformerlib.TransformerLib/]: Transforming top/theillusivec4/curios/common/inventory/container/CuriosContainerV2$2 (target of net/minecraft/world/inventory/Slot)
[31Mar2025 02:08:44.405] [main/DEBUG] [portb.transformerlib.TransformerLib/]: Transforming com/aqutheseal/celestisynth/client/gui/starlitfactory/StarlitFactoryMenu$1 (target of net/minecraft/world/inventory/Slot)
[31Mar2025 02:08:44.405] [main/DEBUG] [portb.transformerlib.TransformerLib/]: Transforming com/aqutheseal/celestisynth/client/gui/starlitfactory/StarlitFactoryMenu$2 (target of net/minecraft/world/inventory/Slot)
[31Mar2025 02:08:44.406] [main/DEBUG] [portb.transformerlib.TransformerLib/]: Transforming mod/chiselsandbits/slots/ReadonlySlot (target of net/minecraft/world/inventory/Slot)
[31Mar2025 02:08:44.406] [main/DEBUG] [portb.transformerlib.TransformerLib/]: Transforming mod/chiselsandbits/container/ModificationTableContainer$2 (target of net/minecraft/world/inventory/Slot)
[31Mar2025 02:08:44.407] [main/DEBUG] [portb.transformerlib.TransformerLib/]: Transforming mod/chiselsandbits/container/ChiseledPrinterContainer$1 (target of net/minecraft/world/inventory/Slot)
[31Mar2025 02:08:44.408] [main/DEBUG] [portb.transformerlib.TransformerLib/]: Transforming mod/chiselsandbits/container/ChiseledPrinterContainer$2 (target of net/minecraft/world/inventory/Slot)
[31Mar2025 02:08:44.408] [main/DEBUG] [portb.transformerlib.TransformerLib/]: Transforming mod/chiselsandbits/container/ChiseledPrinterContainer$3 (target of net/minecraft/world/inventory/Slot)
[31Mar2025 02:08:44.481] [main/DEBUG] [net.minecraftforge.registries.GameData/]: Mod `pfm` attempting to register `home` to the namespace `minecraft`. This could be intended, but likely means an EventBusSubscriber without a modid.
[31Mar2025 02:08:44.746] [main/WARN] [net.minecraft.network.syncher.SynchedEntityData/]: defineId called for: class forge.net.mca.entity.GrimReaperEntity from class forge.net.mca.util.network.datasync.CEnumParameter
[31Mar2025 02:08:44.763] [main/WARN] [net.minecraft.network.syncher.SynchedEntityData/]: defineId called for: class forge.net.mca.entity.VillagerEntityMCA from class forge.net.mca.util.network.datasync.CDataParameter
[31Mar2025 02:08:44.763] [main/WARN] [net.minecraft.network.syncher.SynchedEntityData/]: defineId called for: class forge.net.mca.entity.VillagerEntityMCA from class forge.net.mca.util.network.datasync.CDataParameter
[31Mar2025 02:08:44.763] [main/WARN] [net.minecraft.network.syncher.SynchedEntityData/]: defineId called for: class forge.net.mca.entity.VillagerEntityMCA from class forge.net.mca.util.network.datasync.CDataParameter
[31Mar2025 02:08:44.763] [main/WARN] [net.minecraft.network.syncher.SynchedEntityData/]: defineId called for: class forge.net.mca.entity.VillagerEntityMCA from class forge.net.mca.util.network.datasync.CDataParameter
[31Mar2025 02:08:44.763] [main/WARN] [net.minecraft.network.syncher.SynchedEntityData/]: defineId called for: class forge.net.mca.entity.VillagerEntityMCA from class forge.net.mca.util.network.datasync.CDataParameter
[31Mar2025 02:08:44.764] [main/WARN] [net.minecraft.network.syncher.SynchedEntityData/]: defineId called for: class forge.net.mca.entity.VillagerEntityMCA from class forge.net.mca.util.network.datasync.CDataParameter
[31Mar2025 02:08:44.764] [main/WARN] [net.minecraft.network.syncher.SynchedEntityData/]: defineId called for: class forge.net.mca.entity.VillagerEntityMCA from class forge.net.mca.util.network.datasync.CDataParameter
[31Mar2025 02:08:44.764] [main/WARN] [net.minecraft.network.syncher.SynchedEntityData/]: defineId called for: class forge.net.mca.entity.VillagerEntityMCA from class forge.net.mca.util.network.datasync.CEnumParameter
[31Mar2025 02:08:44.766] [main/WARN] [net.minecraft.network.syncher.SynchedEntityData/]: defineId called for: class forge.net.mca.entity.VillagerEntityMCA from class forge.net.mca.util.network.datasync.CDataParameter
[31Mar2025 02:08:44.766] [main/WARN] [net.minecraft.network.syncher.SynchedEntityData/]: defineId called for: class forge.net.mca.entity.VillagerEntityMCA from class forge.net.mca.util.network.datasync.CDataParameter
[31Mar2025 02:08:44.766] [main/WARN] [net.minecraft.network.syncher.SynchedEntityData/]: defineId called for: class forge.net.mca.entity.VillagerEntityMCA from class forge.net.mca.util.network.datasync.CDataParameter
[31Mar2025 02:08:44.766] [main/WARN] [net.minecraft.network.syncher.SynchedEntityData/]: defineId called for: class forge.net.mca.entity.VillagerEntityMCA from class forge.net.mca.util.network.datasync.CDataParameter
[31Mar2025 02:08:44.766] [main/WARN] [net.minecraft.network.syncher.SynchedEntityData/]: defineId called for: class forge.net.mca.entity.VillagerEntityMCA from class forge.net.mca.util.network.datasync.CDataParameter
[31Mar2025 02:08:44.767] [main/WARN] [net.minecraft.network.syncher.SynchedEntityData/]: defineId called for: class forge.net.mca.entity.VillagerEntityMCA from class forge.net.mca.util.network.datasync.CDataParameter
[31Mar2025 02:08:44.767] [main/WARN] [net.minecraft.network.syncher.SynchedEntityData/]: defineId called for: class forge.net.mca.entity.VillagerEntityMCA from class forge.net.mca.util.network.datasync.CDataParameter
[31Mar2025 02:08:44.767] [main/WARN] [net.minecraft.network.syncher.SynchedEntityData/]: defineId called for: class forge.net.mca.entity.VillagerEntityMCA from class forge.net.mca.util.network.datasync.CDataParameter
[31Mar2025 02:08:44.767] [main/WARN] [net.minecraft.network.syncher.SynchedEntityData/]: defineId called for: class forge.net.mca.entity.VillagerEntityMCA from class forge.net.mca.util.network.datasync.CDataParameter
[31Mar2025 02:08:44.767] [main/WARN] [net.minecraft.network.syncher.SynchedEntityData/]: defineId called for: class forge.net.mca.entity.VillagerEntityMCA from class forge.net.mca.util.network.datasync.CDataParameter
[31Mar2025 02:08:44.768] [main/WARN] [net.minecraft.network.syncher.SynchedEntityData/]: defineId called for: class forge.net.mca.entity.VillagerEntityMCA from class forge.net.mca.util.network.datasync.CDataParameter
[31Mar2025 02:08:44.768] [main/WARN] [net.minecraft.network.syncher.SynchedEntityData/]: defineId called for: class forge.net.mca.entity.VillagerEntityMCA from class forge.net.mca.util.network.datasync.CEnumParameter
[31Mar2025 02:08:44.768] [main/WARN] [net.minecraft.network.syncher.SynchedEntityData/]: defineId called for: class forge.net.mca.entity.VillagerEntityMCA from class forge.net.mca.util.network.datasync.CDataParameter
[31Mar2025 02:08:44.772] [main/WARN] [net.minecraft.network.syncher.SynchedEntityData/]: defineId called for: class forge.net.mca.entity.VillagerEntityMCA from class forge.net.mca.util.network.datasync.CDataParameter
[31Mar2025 02:08:44.772] [main/WARN] [net.minecraft.network.syncher.SynchedEntityData/]: defineId called for: class forge.net.mca.entity.VillagerEntityMCA from class forge.net.mca.util.network.datasync.CEnumParameter
[31Mar2025 02:08:44.772] [main/WARN] [net.minecraft.network.syncher.SynchedEntityData/]: defineId called for: class forge.net.mca.entity.VillagerEntityMCA from class forge.net.mca.util.network.datasync.CDataParameter
[31Mar2025 02:08:44.773] [main/WARN] [net.minecraft.network.syncher.SynchedEntityData/]: defineId called for: class forge.net.mca.entity.VillagerEntityMCA from class forge.net.mca.util.network.datasync.CEnumParameter
[31Mar2025 02:08:44.773] [main/WARN] [net.minecraft.network.syncher.SynchedEntityData/]: defineId called for: class forge.net.mca.entity.VillagerEntityMCA from class forge.net.mca.util.network.datasync.CEnumParameter
[31Mar2025 02:08:44.773] [main/WARN] [net.minecraft.network.syncher.SynchedEntityData/]: defineId called for: class forge.net.mca.entity.VillagerEntityMCA from class forge.net.mca.util.network.datasync.CDataParameter
[31Mar2025 02:08:44.773] [main/WARN] [net.minecraft.network.syncher.SynchedEntityData/]: defineId called for: class forge.net.mca.entity.VillagerEntityMCA from class forge.net.mca.util.network.datasync.CDataParameter
[31Mar2025 02:08:44.773] [main/WARN] [net.minecraft.network.syncher.SynchedEntityData/]: defineId called for: class forge.net.mca.entity.VillagerEntityMCA from class forge.net.mca.util.network.datasync.CDataParameter
[31Mar2025 02:08:44.774] [main/WARN] [net.minecraft.network.syncher.SynchedEntityData/]: defineId called for: class forge.net.mca.entity.VillagerEntityMCA from class forge.net.mca.util.network.datasync.CDataParameter
[31Mar2025 02:08:44.774] [main/WARN] [net.minecraft.network.syncher.SynchedEntityData/]: defineId called for: class forge.net.mca.entity.VillagerEntityMCA from class forge.net.mca.util.network.datasync.CDataParameter
[31Mar2025 02:08:44.776] [main/WARN] [net.minecraft.network.syncher.SynchedEntityData/]: defineId called for: class forge.net.mca.entity.VillagerEntityMCA from class forge.net.mca.util.network.datasync.CDataParameter
[31Mar2025 02:08:44.780] [main/WARN] [net.minecraft.network.syncher.SynchedEntityData/]: defineId called for: class forge.net.mca.entity.VillagerEntityMCA from class forge.net.mca.util.network.datasync.CDataParameter
[31Mar2025 02:08:44.780] [main/WARN] [net.minecraft.network.syncher.SynchedEntityData/]: defineId called for: class forge.net.mca.entity.VillagerEntityMCA from class forge.net.mca.util.network.datasync.CDataParameter
[31Mar2025 02:08:44.781] [main/WARN] [net.minecraft.network.syncher.SynchedEntityData/]: defineId called for: class forge.net.mca.entity.VillagerEntityMCA from class forge.net.mca.util.network.datasync.CDataParameter
[31Mar2025 02:08:44.781] [main/WARN] [net.minecraft.network.syncher.SynchedEntityData/]: defineId called for: class forge.net.mca.entity.VillagerEntityMCA from class forge.net.mca.util.network.datasync.CDataParameter
[31Mar2025 02:08:44.781] [main/WARN] [net.minecraft.network.syncher.SynchedEntityData/]: defineId called for: class forge.net.mca.entity.VillagerEntityMCA from class forge.net.mca.util.network.datasync.CDataParameter
[31Mar2025 02:08:44.809] [main/DEBUG] [net.minecraftforge.fml.config.ConfigTracker/CONFIG]: Loading configs type COMMON
[31Mar2025 02:08:44.811] [main/DEBUG] [fuzs.puzzleslib.impl.config.core.ForgeConfigFileTypeHandler/CONFIG]: Built TOML config for /workspaces/Minecraft_Server/servidor_minecraft/config/mutantmonsters-common.toml
[31Mar2025 02:08:44.811] [main/DEBUG] [fuzs.puzzleslib.impl.config.core.ForgeConfigFileTypeHandler/CONFIG]: Loaded TOML config file /workspaces/Minecraft_Server/servidor_minecraft/config/mutantmonsters-common.toml
[31Mar2025 02:08:44.817] [main/DEBUG] [fuzs.puzzleslib.impl.config.core.ForgeConfigFileTypeHandler/CONFIG]: Watching TOML config file /workspaces/Minecraft_Server/servidor_minecraft/config/mutantmonsters-common.toml for changes
[31Mar2025 02:08:44.818] [main/INFO] [Puzzles Lib/]: Loading common config for mutantmonsters
[31Mar2025 02:08:44.819] [Thread-2/DEBUG] [fuzs.puzzleslib.impl.config.core.ForgeConfigFileTypeHandler/CONFIG]: Config file mutantmonsters-common.toml changed, sending notifies
[31Mar2025 02:08:44.819] [Thread-2/INFO] [Puzzles Lib/]: Reloading common config for mutantmonsters
[31Mar2025 02:08:44.821] [Thread-2/DEBUG] [fuzs.puzzleslib.impl.config.core.ForgeConfigFileTypeHandler/CONFIG]: Config file mutantmonsters-common.toml changed, sending notifies
[31Mar2025 02:08:44.821] [Thread-2/INFO] [Puzzles Lib/]: Reloading common config for mutantmonsters
[31Mar2025 02:08:44.822] [main/DEBUG] [net.minecraftforge.fml.config.ConfigFileTypeHandler/CONFIG]: Built TOML config for /workspaces/Minecraft_Server/servidor_minecraft/config/cyclopscore-common.toml
[31Mar2025 02:08:44.822] [main/DEBUG] [net.minecraftforge.fml.config.ConfigFileTypeHandler/CONFIG]: Loaded TOML config file /workspaces/Minecraft_Server/servidor_minecraft/config/cyclopscore-common.toml
[31Mar2025 02:08:44.824] [main/DEBUG] [net.minecraftforge.fml.config.ConfigFileTypeHandler/CONFIG]: Watching TOML config file /workspaces/Minecraft_Server/servidor_minecraft/config/cyclopscore-common.toml for changes
[31Mar2025 02:08:44.825] [Thread-2/DEBUG] [net.minecraftforge.fml.config.ConfigFileTypeHandler/CONFIG]: Config file cyclopscore-common.toml changed, sending notifies
[31Mar2025 02:08:44.826] [main/DEBUG] [net.minecraftforge.fml.config.ConfigFileTypeHandler/CONFIG]: Built TOML config for /workspaces/Minecraft_Server/servidor_minecraft/config/citadel-common.toml
[31Mar2025 02:08:44.827] [main/DEBUG] [net.minecraftforge.fml.config.ConfigFileTypeHandler/CONFIG]: Loaded TOML config file /workspaces/Minecraft_Server/servidor_minecraft/config/citadel-common.toml
[31Mar2025 02:08:44.827] [Thread-2/DEBUG] [net.minecraftforge.fml.config.ConfigFileTypeHandler/CONFIG]: Config file cyclopscore-common.toml changed, sending notifies
[31Mar2025 02:08:44.827] [main/DEBUG] [net.minecraftforge.fml.config.ConfigFileTypeHandler/CONFIG]: Watching TOML config file /workspaces/Minecraft_Server/servidor_minecraft/config/citadel-common.toml for changes
[31Mar2025 02:08:44.828] [Thread-2/DEBUG] [net.minecraftforge.fml.config.ConfigFileTypeHandler/CONFIG]: Config file citadel-common.toml changed, sending notifies
[31Mar2025 02:08:44.829] [main/DEBUG] [net.minecraftforge.fml.config.ConfigFileTypeHandler/CONFIG]: Built TOML config for /workspaces/Minecraft_Server/servidor_minecraft/config/travelersbackpack-common.toml
[31Mar2025 02:08:44.829] [main/DEBUG] [net.minecraftforge.fml.config.ConfigFileTypeHandler/CONFIG]: Loaded TOML config file /workspaces/Minecraft_Server/servidor_minecraft/config/travelersbackpack-common.toml
[31Mar2025 02:08:44.829] [Thread-2/DEBUG] [net.minecraftforge.fml.config.ConfigFileTypeHandler/CONFIG]: Config file citadel-common.toml changed, sending notifies
[31Mar2025 02:08:44.829] [main/DEBUG] [net.minecraftforge.fml.config.ConfigFileTypeHandler/CONFIG]: Watching TOML config file /workspaces/Minecraft_Server/servidor_minecraft/config/travelersbackpack-common.toml for changes
[31Mar2025 02:08:44.830] [main/DEBUG] [net.minecraftforge.fml.config.ConfigFileTypeHandler/CONFIG]: Built TOML config for /workspaces/Minecraft_Server/servidor_minecraft/config/alexsmobs.toml
[31Mar2025 02:08:44.833] [main/DEBUG] [net.minecraftforge.fml.config.ConfigFileTypeHandler/CONFIG]: Loaded TOML config file /workspaces/Minecraft_Server/servidor_minecraft/config/alexsmobs.toml
[31Mar2025 02:08:44.834] [main/DEBUG] [net.minecraftforge.fml.config.ConfigFileTypeHandler/CONFIG]: Watching TOML config file /workspaces/Minecraft_Server/servidor_minecraft/config/alexsmobs.toml for changes
[31Mar2025 02:08:44.909] [Thread-2/DEBUG] [net.minecraftforge.fml.config.ConfigFileTypeHandler/CONFIG]: Config file alexsmobs.toml changed, sending notifies
[31Mar2025 02:08:44.921] [main/DEBUG] [net.minecraftforge.fml.config.ConfigFileTypeHandler/CONFIG]: Built TOML config for /workspaces/Minecraft_Server/servidor_minecraft/config/aether-common.toml
[31Mar2025 02:08:44.922] [main/DEBUG] [net.minecraftforge.fml.config.ConfigFileTypeHandler/CONFIG]: Loaded TOML config file /workspaces/Minecraft_Server/servidor_minecraft/config/aether-common.toml
[31Mar2025 02:08:44.922] [main/DEBUG] [net.minecraftforge.fml.config.ConfigFileTypeHandler/CONFIG]: Watching TOML config file /workspaces/Minecraft_Server/servidor_minecraft/config/aether-common.toml for changes
[31Mar2025 02:08:44.923] [main/DEBUG] [net.minecraftforge.fml.config.ConfigFileTypeHandler/CONFIG]: Built TOML config for /workspaces/Minecraft_Server/servidor_minecraft/config/twilightforest-common.toml
[31Mar2025 02:08:44.923] [main/DEBUG] [net.minecraftforge.fml.config.ConfigFileTypeHandler/CONFIG]: Loaded TOML config file /workspaces/Minecraft_Server/servidor_minecraft/config/twilightforest-common.toml
[31Mar2025 02:08:44.924] [main/DEBUG] [net.minecraftforge.fml.config.ConfigFileTypeHandler/CONFIG]: Watching TOML config file /workspaces/Minecraft_Server/servidor_minecraft/config/twilightforest-common.toml for changes
[31Mar2025 02:08:44.925] [main/DEBUG] [net.minecraftforge.fml.config.ConfigFileTypeHandler/CONFIG]: Built TOML config for /workspaces/Minecraft_Server/servidor_minecraft/config/evilcraft-common.toml
[31Mar2025 02:08:44.927] [main/DEBUG] [net.minecraftforge.fml.config.ConfigFileTypeHandler/CONFIG]: Loaded TOML config file /workspaces/Minecraft_Server/servidor_minecraft/config/evilcraft-common.toml
[31Mar2025 02:08:44.927] [main/DEBUG] [net.minecraftforge.fml.config.ConfigFileTypeHandler/CONFIG]: Watching TOML config file /workspaces/Minecraft_Server/servidor_minecraft/config/evilcraft-common.toml for changes
[31Mar2025 02:08:44.930] [main/DEBUG] [net.minecraftforge.fml.config.ConfigFileTypeHandler/CONFIG]: Built TOML config for /workspaces/Minecraft_Server/servidor_minecraft/config/curios-common.toml
[31Mar2025 02:08:44.930] [main/DEBUG] [net.minecraftforge.fml.config.ConfigFileTypeHandler/CONFIG]: Loaded TOML config file /workspaces/Minecraft_Server/servidor_minecraft/config/curios-common.toml
[31Mar2025 02:08:44.930] [main/DEBUG] [net.minecraftforge.fml.config.ConfigFileTypeHandler/CONFIG]: Watching TOML config file /workspaces/Minecraft_Server/servidor_minecraft/config/curios-common.toml for changes
[31Mar2025 02:08:44.931] [main/DEBUG] [net.minecraftforge.fml.config.ConfigFileTypeHandler/CONFIG]: Built TOML config for /workspaces/Minecraft_Server/servidor_minecraft/config/chiselsandbits-common.toml
[31Mar2025 02:08:44.932] [main/DEBUG] [net.minecraftforge.fml.config.ConfigFileTypeHandler/CONFIG]: Loaded TOML config file /workspaces/Minecraft_Server/servidor_minecraft/config/chiselsandbits-common.toml
[31Mar2025 02:08:44.932] [main/DEBUG] [net.minecraftforge.fml.config.ConfigFileTypeHandler/CONFIG]: Watching TOML config file /workspaces/Minecraft_Server/servidor_minecraft/config/chiselsandbits-common.toml for changes
[31Mar2025 02:08:45.012] [modloading-worker-0/DEBUG] [mixin/]: Mixing common.ForgeEventFactoryMixin from aether.mixins.json into net.minecraftforge.event.ForgeEventFactory
[31Mar2025 02:08:45.051] [modloading-worker-0/DEBUG] [mixin/]: Mixing common.accessor.StoredUserListAccessor from aether.mixins.json into net.minecraft.server.players.StoredUserList
[31Mar2025 02:08:45.052] [Forge Version Check/INFO] [net.minecraftforge.fml.VersionChecker/]: [cyclopscore] Starting version check at https://raw.githubusercontent.com/CyclopsMC/Versions/master/forge_update/cyclops-core.json
[31Mar2025 02:08:45.116] [Forge Version Check/DEBUG] [net.minecraftforge.fml.VersionChecker/]: [cyclopscore] Received version check data:
{
  "homepage": "https://www.curseforge.com/minecraft/mc-mods/cyclops-core",
  "promos": {
    "1.21.1-recommended": "1.25.8",
    "1.20.1-recommended": "1.19.9",
    "1.19.2-recommended": "1.19.9",
    "1.18.2-recommended": "1.17.10",
    "1.19.4-recommended": "1.18.4",
    "1.19.3-recommended": "1.18.2",
    "1.19-recommended": "1.17.0",
    "1.16.5-recommended": "1.13.0",
    "1.18.1-recommended": "1.13.4",
    "1.16.4-recommended": "1.11.0",
    "1.12.2-recommended": "1.6.7",
    "1.15.2-recommended": "1.9.0",
    "1.14.4-recommended": "1.6.1",
    "1.21.1-latest": "1.25.8",
    "1.20.1-latest": "1.19.9",
    "1.19.2-latest": "1.19.9",
    "1.18.2-latest": "1.17.10",
    "1.19.4-latest": "1.18.4",
    "1.19.3-latest": "1.18.2",
    "1.19-latest": "1.17.0",
    "1.16.5-latest": "1.13.0",
    "1.18.1-latest": "1.13.4",
    "1.16.4-latest": "1.11.0",
    "1.12.2-latest": "1.6.7",
    "1.15.2-latest": "1.9.0",
    "1.14.4-latest": "1.6.1"
  },
  "1.21.1": {
    "1.25.8": "Download and changelog available at https://www.curseforge.com/minecraft/mc-mods/cyclops-core/files/6340386",
    "1.25.7": "Download and changelog available at https://www.curseforge.com/minecraft/mc-mods/cyclops-core/files/6230087",
    "1.25.6": "Download and changelog available at https://www.curseforge.com/minecraft/mc-mods/cyclops-core/files/6154646",
    "1.25.5": "Download and changelog available at https://www.curseforge.com/minecraft/mc-mods/cyclops-core/files/5968182",
    "1.25.4": "Download and changelog available at https://www.curseforge.com/minecraft/mc-mods/cyclops-core/files/5936369",
    "1.25.3": "Download and changelog available at https://www.curseforge.com/minecraft/mc-mods/cyclops-core/files/5918951",
    "1.25.2": "Download and changelog available at https://www.curseforge.com/minecraft/mc-mods/cyclops-core/files/5838031",
    "1.25.1": "Download and changelog available at https://www.curseforge.com/minecraft/mc-mods/cyclops-core/files/5797841",
    "1.25.0": "Download and changelog available at https://www.curseforge.com/minecraft/mc-mods/cyclops-core/files/5797458",
    "1.24.0": "Download and changelog available at https://www.curseforge.com/minecraft/mc-mods/cyclops-core/files/5770880",
    "1.23.0": "Download and changelog available at https://www.curseforge.com/minecraft/mc-mods/cyclops-core/files/5728674",
    "1.22.0": "Download and changelog available at https://www.curseforge.com/minecraft/mc-mods/cyclops-core/files/5692551",
    "1.21.1": "Download and changelog available at https://www.curseforge.com/minecraft/mc-mods/cyclops-core/files/5683763",
    "1.21.0": "Download and changelog available at https://www.curseforge.com/minecraft/mc-mods/cyclops-core/files/5683327",
    "1.20.5": "Download and changelog available at https://www.curseforge.com/minecraft/mc-mods/cyclops-core/files/5662888",
    "1.20.4": "Download and changelog available at https://www.curseforge.com/minecraft/mc-mods/cyclops-core/files/5658015",
    "1.20.3": "Download and changelog available at https://www.curseforge.com/minecraft/mc-mods/cyclops-core/files/5655396",
    "1.20.2": "Download and changelog available at https://www.curseforge.com/minecraft/mc-mods/cyclops-core/files/5653258",
    "1.20.1": "Download and changelog available at https://www.curseforge.com/minecraft/mc-mods/cyclops-core/files/5647403",
    "1.20.0": "Download and changelog available at https://www.curseforge.com/minecraft/mc-mods/cyclops-core/files/5640110"
  },
  "1.20.1": {
    "1.19.9": "Download and changelog available at https://www.curseforge.com/minecraft/mc-mods/cyclops-core/files/6340190",
    "1.19.8": "Download and changelog available at https://www.curseforge.com/minecraft/mc-mods/cyclops-core/files/6291131",
    "1.19.7": "Download and changelog available at https://www.curseforge.com/minecraft/mc-mods/cyclops-core/files/6199446",
    "1.19.6": "Download and changelog available at https://www.curseforge.com/minecraft/mc-mods/cyclops-core/files/6154520",
    "1.19.5": "Download and changelog available at https://www.curseforge.com/minecraft/mc-mods/cyclops-core/files/5583765",
    "1.19.4": "Download and changelog available at https://www.curseforge.com/minecraft/mc-mods/cyclops-core/files/5557176",
    "1.19.3": "Download and changelog available at https://www.curseforge.com/minecraft/mc-mods/cyclops-core/files/5550871",
    "1.19.2": "Download and changelog available at https://www.curseforge.com/minecraft/mc-mods/cyclops-core/files/5467217",
    "1.19.1": "Download and changelog available at https://www.curseforge.com/minecraft/mc-mods/cyclops-core/files/5262063",
    "1.19.0": "Download and changelog available at https://www.curseforge.com/minecraft/mc-mods/cyclops-core/files/5080553",
    "1.18.14": "Download and changelog available at https://www.curseforge.com/minecraft/mc-mods/cyclops-core/files/4905983",
    "1.18.13": "Download and changelog available at https://www.curseforge.com/minecraft/mc-mods/cyclops-core/files/4808715",
    "1.18.12": "Download and changelog available at https://www.curseforge.com/minecraft/mc-mods/cyclops-core/files/4806275",
    "1.18.11": "Download and changelog available at https://www.curseforge.com/minecraft/mc-mods/cyclops-core/files/4796675",
    "1.18.10": "Download and changelog available at https://www.curseforge.com/minecraft/mc-mods/cyclops-core/files/4724211",
    "1.18.9": "Download and changelog available at https://www.curseforge.com/minecraft/mc-mods/cyclops-core/files/4681655",
    "1.18.8": "Download and changelog available at https://www.curseforge.com/minecraft/mc-mods/cyclops-core/files/4674315",
    "1.18.7": "Download and changelog available at https://www.curseforge.com/minecraft/mc-mods/cyclops-core/files/4646983",
    "1.18.6": "Download and changelog available at https://www.curseforge.com/minecraft/mc-mods/cyclops-core/files/4631544",
    "1.18.5": "Download and changelog available at https://www.curseforge.com/minecraft/mc-mods/cyclops-core/files/4624723",
    "1.18.4": "Download and changelog available at https://www.curseforge.com/minecraft/mc-mods/cyclops-core/files/4620477"
  },
  "1.19.2": {
    "1.19.9": "Download and changelog available at https://www.curseforge.com/minecraft/mc-mods/cyclops-core/files/6340181",
    "1.19.8": "Download and changelog available at https://www.curseforge.com/minecraft/mc-mods/cyclops-core/files/6291127",
    "1.19.7": "Download and changelog available at https://www.curseforge.com/minecraft/mc-mods/cyclops-core/files/6199442",
    "1.19.6": "Download and changelog available at https://www.curseforge.com/minecraft/mc-mods/cyclops-core/files/6154519",
    "1.19.5": "Download and changelog available at https://www.curseforge.com/minecraft/mc-mods/cyclops-core/files/5583714",
    "1.19.4": "Download and changelog available at https://www.curseforge.com/minecraft/mc-mods/cyclops-core/files/5557159",
    "1.19.3": "Download and changelog available at https://www.curseforge.com/minecraft/mc-mods/cyclops-core/files/5550859",
    "1.19.2": "Download and changelog available at https://www.curseforge.com/minecraft/mc-mods/cyclops-core/files/5467203",
    "1.19.1": "Download and changelog available at https://www.curseforge.com/minecraft/mc-mods/cyclops-core/files/5262031",
    "1.19.0": "Download and changelog available at https://www.curseforge.com/minecraft/mc-mods/cyclops-core/files/5080403",
    "1.18.11": "Download and changelog available at https://www.curseforge.com/minecraft/mc-mods/cyclops-core/files/4905969",
    "1.18.10": "Download and changelog available at https://www.curseforge.com/minecraft/mc-mods/cyclops-core/files/4808713",
    "1.18.9": "Download and changelog available at https://www.curseforge.com/minecraft/mc-mods/cyclops-core/files/4806269",
    "1.18.8": "Download and changelog available at https://www.curseforge.com/minecraft/mc-mods/cyclops-core/files/4724186",
    "1.18.7": "Download and changelog available at https://www.curseforge.com/minecraft/mc-mods/cyclops-core/files/4681659",
    "1.18.6": "Download and changelog available at https://www.curseforge.com/minecraft/mc-mods/cyclops-core/files/4578156",
    "1.18.5": "Download and changelog available at https://www.curseforge.com/minecraft/mc-mods/cyclops-core/files/4566201",
    "1.18.4": "Download and changelog available at https://www.curseforge.com/minecraft/mc-mods/cyclops-core/files/4515669",
    "1.18.3": "Download and changelog available at https://www.curseforge.com/minecraft/mc-mods/cyclops-core/files/4493161",
    "1.18.2": "Download and changelog available at https://www.curseforge.com/minecraft/mc-mods/cyclops-core/files/4438232",
    "1.18.1": "Download and changelog available at https://www.curseforge.com/minecraft/mc-mods/cyclops-core/files/4422924",
    "1.18.0": "Download and changelog available at https://www.curseforge.com/minecraft/mc-mods/cyclops-core/files/4422776",
    "1.17.5": "Download and changelog available at https://www.curseforge.com/minecraft/mc-mods/cyclops-core/files/4392595",
    "1.17.4": "Download and changelog available at https://www.curseforge.com/minecraft/mc-mods/cyclops-core/files/4357249",
    "1.17.3": "Download and changelog available at https://www.curseforge.com/minecraft/mc-mods/cyclops-core/files/4279134",
    "1.17.2": "Download and changelog available at https://www.curseforge.com/minecraft/mc-mods/cyclops-core/files/4162688",
    "1.17.1": "Download and changelog available at https://www.curseforge.com/minecraft/mc-mods/cyclops-core/files/4159790",
    "1.17.0": "Download and changelog available at https://www.curseforge.com/minecraft/mc-mods/cyclops-core/files/3929867"
  },
  "1.18.2": {
    "1.17.10": "Download and changelog available at https://www.curseforge.com/minecraft/mc-mods/cyclops-core/files/5262021",
    "1.17.9": "Download and changelog available at https://www.curseforge.com/minecraft/mc-mods/cyclops-core/files/4905958",
    "1.17.8": "Download and changelog available at https://www.curseforge.com/minecraft/mc-mods/cyclops-core/files/4808709",
    "1.17.7": "Download and changelog available at https://www.curseforge.com/minecraft/mc-mods/cyclops-core/files/4806262",
    "1.17.6": "Download and changelog available at https://www.curseforge.com/minecraft/mc-mods/cyclops-core/files/4724147",
    "1.17.5": "Download and changelog available at https://www.curseforge.com/minecraft/mc-mods/cyclops-core/files/4578150",
    "1.17.4": "Download and changelog available at https://www.curseforge.com/minecraft/mc-mods/cyclops-core/files/4566184",
    "1.17.3": "Download and changelog available at https://www.curseforge.com/minecraft/mc-mods/cyclops-core/files/4515662",
    "1.17.2": "Download and changelog available at https://www.curseforge.com/minecraft/mc-mods/cyclops-core/files/4493154",
    "1.17.1": "Download and changelog available at https://www.curseforge.com/minecraft/mc-mods/cyclops-core/files/4422919",
    "1.17.0": "Download and changelog available at https://www.curseforge.com/minecraft/mc-mods/cyclops-core/files/4422741",
    "1.16.2": "Download and changelog available at https://www.curseforge.com/minecraft/mc-mods/cyclops-core/files/4357243",
    "1.16.1": "Download and changelog available at https://www.curseforge.com/minecraft/mc-mods/cyclops-core/files/4162660",
    "1.16.0": "Download and changelog available at https://www.curseforge.com/minecraft/mc-mods/cyclops-core/files/3900719",
    "1.15.1": "Download and changelog available at https://www.curseforge.com/minecraft/mc-mods/cyclops-core/files/3832119",
    "1.15.0": "Download and changelog available at https://www.curseforge.com/minecraft/mc-mods/cyclops-core/files/3824461",
    "1.14.0": "Download and changelog available at https://www.curseforge.com/minecraft/mc-mods/cyclops-core/files/3818256",
    "1.13.7": "Download and changelog available at https://www.curseforge.com/minecraft/mc-mods/cyclops-core/files/3809427",
    "1.13.6": "Download and changelog available at https://www.curseforge.com/minecraft/mc-mods/cyclops-core/files/3778682",
    "1.13.5": "Download and changelog available at https://www.curseforge.com/minecraft/mc-mods/cyclops-core/files/3776253",
    "1.13.4": "Download and changelog available at https://www.curseforge.com/minecraft/mc-mods/cyclops-core/files/3768458"
  },
  "1.19.4": {
    "1.18.4": "Download and changelog available at https://www.curseforge.com/minecraft/mc-mods/cyclops-core/files/4578164",
    "1.18.3": "Download and changelog available at https://www.curseforge.com/minecraft/mc-mods/cyclops-core/files/4566212",
    "1.18.2": "Download and changelog available at https://www.curseforge.com/minecraft/mc-mods/cyclops-core/files/4517659"
  },
  "1.19.3": {
    "1.18.2": "Download and changelog available at https://www.curseforge.com/minecraft/mc-mods/cyclops-core/files/4438259",
    "1.18.1": "Download and changelog available at https://www.curseforge.com/minecraft/mc-mods/cyclops-core/files/4422915",
    "1.18.0": "Download and changelog available at https://www.curseforge.com/minecraft/mc-mods/cyclops-core/files/4422853",
    "1.17.6": "Download and changelog available at https://www.curseforge.com/minecraft/mc-mods/cyclops-core/files/4392602",
    "1.17.5": "Download and changelog available at https://www.curseforge.com/minecraft/mc-mods/cyclops-core/files/4357257",
    "1.17.4": "Download and changelog available at https://www.curseforge.com/minecraft/mc-mods/cyclops-core/files/4352072",
    "1.17.3": "Download and changelog available at https://www.curseforge.com/minecraft/mc-mods/cyclops-core/files/4344601"
  },
  "1.19": {
    "1.17.0": "Download and changelog available at https://www.curseforge.com/minecraft/mc-mods/cyclops-core/files/3900755",
    "1.16.1": "Download and changelog available at https://www.curseforge.com/minecraft/mc-mods/cyclops-core/files/3884804",
    "1.16.0": "Download and changelog available at https://www.curseforge.com/minecraft/mc-mods/cyclops-core/files/3848759",
    "1.15.0": "Download and changelog available at https://www.curseforge.com/minecraft/mc-mods/cyclops-core/files/3830667"
  },
  "1.16.5": {
    "1.13.0": "Download and changelog available at https://www.curseforge.com/minecraft/mc-mods/cyclops-core/files/3900678",
    "1.12.4": "Download and changelog available at https://www.curseforge.com/minecraft/mc-mods/cyclops-core/files/3796009",
    "1.12.3": "Download and changelog available at https://www.curseforge.com/minecraft/mc-mods/cyclops-core/files/3756546",
    "1.12.2": "Download and changelog available at https://www.curseforge.com/minecraft/mc-mods/cyclops-core/files/3694450",
    "1.12.1": "Download and changelog available at https://www.curseforge.com/minecraft/mc-mods/cyclops-core/files/3517568",
    "1.12.0": "Download and changelog available at https://www.curseforge.com/minecraft/mc-mods/cyclops-core/files/3498270",
    "1.11.10": "Download and changelog available at https://www.curseforge.com/minecraft/mc-mods/cyclops-core/files/3474910",
    "1.11.9": "Download and changelog available at https://www.curseforge.com/minecraft/mc-mods/cyclops-core/files/3443983",
    "1.11.8": "Download and changelog available at https://www.curseforge.com/minecraft/mc-mods/cyclops-core/files/3409904",
    "1.11.7": "Download and changelog available at https://www.curseforge.com/minecraft/mc-mods/cyclops-core/files/3336467",
    "1.11.6": "Download and changelog available at https://www.curseforge.com/minecraft/mc-mods/cyclops-core/files/3292066",
    "1.11.5": "Download and changelog available at https://www.curseforge.com/minecraft/mc-mods/cyclops-core/files/3261776",
    "1.11.4": "Download and changelog available at https://www.curseforge.com/minecraft/mc-mods/cyclops-core/files/3225366",
    "1.11.3": "Download and changelog available at https://www.curseforge.com/minecraft/mc-mods/cyclops-core/files/3207425",
    "1.11.2": "Download and changelog available at https://www.curseforge.com/minecraft/mc-mods/cyclops-core/files/3206349",
    "1.11.1": "Download and changelog available at https://www.curseforge.com/minecraft/mc-mods/cyclops-core/files/3184812"
  },
  "1.18.1": {
    "1.13.4": "Download and changelog available at https://www.curseforge.com/minecraft/mc-mods/cyclops-core/files/3756561",
    "1.13.3": "Download and changelog available at https://www.curseforge.com/minecraft/mc-mods/cyclops-core/files/3736284",
    "1.13.2": "Download and changelog available at https://www.curseforge.com/minecraft/mc-mods/cyclops-core/files/3694468",
    "1.13.1": "Download and changelog available at https://www.curseforge.com/minecraft/mc-mods/cyclops-core/files/3683831",
    "1.13.0": "Download and changelog available at https://www.curseforge.com/minecraft/mc-mods/cyclops-core/files/3614847",
    "1.12.1": "Download and changelog available at https://www.curseforge.com/minecraft/mc-mods/cyclops-core/files/3576779"
  },
  "1.16.4": {
    "1.11.0": "Download and changelog available at https://www.curseforge.com/minecraft/mc-mods/cyclops-core/files/3179470",
    "1.10.1": "Download and changelog available at https://www.curseforge.com/minecraft/mc-mods/cyclops-core/files/3176295",
    "1.10.0": "Download and changelog available at https://www.curseforge.com/minecraft/mc-mods/cyclops-core/files/3174000",
    "1.9.5": "Download and changelog available at https://www.curseforge.com/minecraft/mc-mods/cyclops-core/files/3163284",
    "1.9.4": "Download and changelog available at https://www.curseforge.com/minecraft/mc-mods/cyclops-core/files/3156214",
    "1.9.3": "Download and changelog available at https://www.curseforge.com/minecraft/mc-mods/cyclops-core/files/3154202",
    "1.9.2": "Download and changelog available at https://www.curseforge.com/minecraft/mc-mods/cyclops-core/files/3153156",
    "1.9.1": "Download and changelog available at https://www.curseforge.com/minecraft/mc-mods/cyclops-core/files/3152504",
    "1.9.0": "Download and changelog available at https://www.curseforge.com/minecraft/mc-mods/cyclops-core/files/3151300"
  },
  "1.12.2": {
    "1.6.7": "Download and changelog available at https://www.curseforge.com/minecraft/mc-mods/cyclops-core/files/3159497",
    "1.6.6": "Download and changelog available at https://www.curseforge.com/minecraft/mc-mods/cyclops-core/files/3010617",
    "1.6.5": "Download and changelog available at https://www.curseforge.com/minecraft/mc-mods/cyclops-core/files/3005725",
    "1.6.4": "Download and changelog available at https://www.curseforge.com/minecraft/mc-mods/cyclops-core/files/2953029",
    "1.6.3": "Download and changelog available at https://www.curseforge.com/minecraft/mc-mods/cyclops-core/files/2929967",
    "1.6.2": "Download and changelog available at https://www.curseforge.com/minecraft/mc-mods/cyclops-core/files/2920796",
    "1.6.1": "Download and changelog available at https://www.curseforge.com/minecraft/mc-mods/cyclops-core/files/2880441",
    "1.6.0": "Download and changelog available at https://www.curseforge.com/minecraft/mc-mods/cyclops-core/files/2831241",
    "1.5.1": "Download and changelog available at https://www.curseforge.com/minecraft/mc-mods/cyclops-core/files/2811241",
    "1.5.0": "Download and changelog available at https://www.curseforge.com/minecraft/mc-mods/cyclops-core/files/2753297"
  },
  "1.15.2": {
    "1.9.0": "Download and changelog available at https://www.curseforge.com/minecraft/mc-mods/cyclops-core/files/3143029",
    "1.8.6": "Download and changelog available at https://www.curseforge.com/minecraft/mc-mods/cyclops-core/files/3080728",
    "1.8.5": "Download and changelog available at https://www.curseforge.com/minecraft/mc-mods/cyclops-core/files/3075508",
    "1.8.4": "Download and changelog available at https://www.curseforge.com/minecraft/mc-mods/cyclops-core/files/3053835",
    "1.8.3": "Download and changelog available at https://www.curseforge.com/minecraft/mc-mods/cyclops-core/files/3033133",
    "1.8.2": "Download and changelog available at https://www.curseforge.com/minecraft/mc-mods/cyclops-core/files/3031397",
    "1.8.1": "Download and changelog available at https://www.curseforge.com/minecraft/mc-mods/cyclops-core/files/3025868",
    "1.8.0": "Download and changelog available at https://www.curseforge.com/minecraft/mc-mods/cyclops-core/files/3014375",
    "1.7.1": "Download and changelog available at https://www.curseforge.com/minecraft/mc-mods/cyclops-core/files/2994087",
    "1.7.0": "Download and changelog available at https://www.curseforge.com/minecraft/mc-mods/cyclops-core/files/2987659",
    "1.6.2": "Download and changelog available at https://www.curseforge.com/minecraft/mc-mods/cyclops-core/files/2930009",
    "1.6.1": "Download and changelog available at https://www.curseforge.com/minecraft/mc-mods/cyclops-core/files/2928085"
  },
  "1.14.4": {
    "1.6.1": "Download and changelog available at https://www.curseforge.com/minecraft/mc-mods/cyclops-core/files/2831234",
    "1.6.0": "Download and changelog available at https://www.curseforge.com/minecraft/mc-mods/cyclops-core/files/2830062",
    "1.5.5": "Download and changelog available at https://www.curseforge.com/minecraft/mc-mods/cyclops-core/files/2810604",
    "1.5.4": "Download and changelog available at https://www.curseforge.com/minecraft/mc-mods/cyclops-core/files/2808606",
    "1.5.3": "Download and changelog available at https://www.curseforge.com/minecraft/mc-mods/cyclops-core/files/2795881",
    "1.5.2": "Download and changelog available at https://www.curseforge.com/minecraft/mc-mods/cyclops-core/files/2788854",
    "1.5.1": "Download and changelog available at https://www.curseforge.com/minecraft/mc-mods/cyclops-core/files/2786579",
    "1.5.0": "Download and changelog available at https://www.curseforge.com/minecraft/mc-mods/cyclops-core/files/2783128"
  }
}
[31Mar2025 02:08:45.118] [Forge Version Check/INFO] [net.minecraftforge.fml.VersionChecker/]: [cyclopscore] Found status: UP_TO_DATE Current: 1.19.9 Target: null
[31Mar2025 02:08:45.127] [Forge Version Check/INFO] [net.minecraftforge.fml.VersionChecker/]: [mutantmonsters] Starting version check at https://raw.githubusercontent.com/Fuzss/modresources/main/update/mutantmonsters.json
[31Mar2025 02:08:45.139] [Forge Version Check/DEBUG] [net.minecraftforge.fml.VersionChecker/]: [mutantmonsters] Received version check data:
{
    "homepage": "https://github.com/Fuzss/mutantmonsters",
    "promos": {
        "1.19.2-latest": "4.0.6",
        "1.19.2-recommended": "4.0.6",
        "1.19.3-latest": "5.0.1",
        "1.19.3-recommended": "5.0.1",
        "1.19.4-latest": "6.0.2",
        "1.19.4-recommended": "6.0.2",
        "1.18.2-latest": "3.0.1",
        "1.18.2-recommended": "3.0.1",
        "1.20-latest": "7.0.0",
        "1.20-recommended": "7.0.0",
        "1.20.1-latest": "8.0.7",
        "1.20.1-recommended": "8.0.7",
        "1.20.4-latest": "20.4.1",
        "1.20.4-recommended": "20.4.1",
        "1.21.1-latest": "21.1.0",
        "1.21.1-recommended": "21.1.0",
        "1.21.3-latest": "21.3.1",
        "1.21.3-recommended": "21.3.1",
        "1.21.4-latest": "21.4.2",
        "1.21.4-recommended": "21.4.2"
    }
}
[31Mar2025 02:08:45.139] [Forge Version Check/INFO] [net.minecraftforge.fml.VersionChecker/]: [mutantmonsters] Found status: UP_TO_DATE Current: 8.0.7 Target: null
[31Mar2025 02:08:45.140] [Forge Version Check/INFO] [net.minecraftforge.fml.VersionChecker/]: [aether] Starting version check at https://github.com/The-Aether-Team/The-Aether/raw/1.20.1-develop/update.json
[31Mar2025 02:08:45.145] [modloading-worker-0/DEBUG] [mixin/]: Mixing MixinSlotAttribute from curios.mixins.json into top.theillusivec4.curios.api.SlotAttribute
[31Mar2025 02:08:45.151] [modloading-worker-0/DEBUG] [mixin/]: Mixing MixinCuriosApi from curios.mixins.json into top.theillusivec4.curios.api.CuriosApi
[31Mar2025 02:08:45.191] [modloading-worker-0/DEBUG] [portb.transformerlib.TransformerLib/]: Transforming top/theillusivec4/curios/api/type/inventory/IDynamicStackHandler (target of net/minecraftforge/items/IItemHandler)
[31Mar2025 02:08:45.217] [modloading-worker-0/INFO] [evilcraft/]: Registered packet handler.
[31Mar2025 02:08:45.245] [modloading-worker-0/DEBUG] [patchouli/]: Instantiating xplat impl: vazkii.patchouli.forge.xplat.ForgeXplatImpl
[31Mar2025 02:08:45.273] [modloading-worker-0/ERROR] [patchouli/]: Failed to load book ad_astra:astrodux defined by mod ad_astra, skipping
java.lang.IllegalArgumentException: Book ad_astra:astrodux has use_resource_pack set to false. This behaviour was removed in 1.20. The book author should enable this flag and move all book contents clientside to /assets/, leaving the book.json in /data/. See https://vazkiimods.github.io/Patchouli/docs/upgrading/upgrade-guide-120 for details.
	at vazkii.patchouli.common.book.Book.<init>(Book.java:145) ~[Patchouli-1.20.1-84.1-FORGE.jar%23180!/:1.20.1-84.1-FORGE]
	at vazkii.patchouli.common.book.BookRegistry.loadBook(BookRegistry.java:90) ~[Patchouli-1.20.1-84.1-FORGE.jar%23180!/:1.20.1-84.1-FORGE]
	at vazkii.patchouli.common.book.BookRegistry.lambda$init$3(BookRegistry.java:75) ~[Patchouli-1.20.1-84.1-FORGE.jar%23180!/:1.20.1-84.1-FORGE]
	at java.util.HashMap.forEach(HashMap.java:1421) ~[?:?]
	at vazkii.patchouli.common.book.BookRegistry.init(BookRegistry.java:70) ~[Patchouli-1.20.1-84.1-FORGE.jar%23180!/:1.20.1-84.1-FORGE]
	at vazkii.patchouli.forge.common.ForgeModInitializer.onInitialize(ForgeModInitializer.java:76) ~[Patchouli-1.20.1-84.1-FORGE.jar%23180!/:1.20.1-84.1-FORGE]
	at vazkii.patchouli.forge.common.__ForgeModInitializer_onInitialize_FMLCommonSetupEvent.invoke(.dynamic) ~[Patchouli-1.20.1-84.1-FORGE.jar%23180!/:1.20.1-84.1-FORGE]
	at net.minecraftforge.eventbus.ASMEventHandler.invoke(ASMEventHandler.java:73) ~[eventbus-6.0.5.jar%2352!/:?]
	at net.minecraftforge.eventbus.EventBus.post(EventBus.java:315) ~[eventbus-6.0.5.jar%2352!/:?]
	at net.minecraftforge.eventbus.EventBus.post(EventBus.java:296) ~[eventbus-6.0.5.jar%2352!/:?]
	at net.minecraftforge.fml.javafmlmod.FMLModContainer.acceptEvent(FMLModContainer.java:114) ~[javafmllanguage-1.20.1-47.3.7.jar%23191!/:?]
	at net.minecraftforge.fml.ModContainer.lambda$buildTransitionHandler$4(ModContainer.java:125) ~[fmlcore-1.20.1-47.3.7.jar%23190!/:?]
	at java.util.concurrent.CompletableFuture$AsyncRun.run(CompletableFuture.java:1804) ~[?:?]
	at java.util.concurrent.CompletableFuture$AsyncRun.exec(CompletableFuture.java:1796) ~[?:?]
	at java.util.concurrent.ForkJoinTask.doExec(ForkJoinTask.java:373) ~[?:?]
	at java.util.concurrent.ForkJoinPool$WorkQueue.topLevelExec(ForkJoinPool.java:1182) ~[?:?]
	at java.util.concurrent.ForkJoinPool.scan(ForkJoinPool.java:1655) ~[?:?]
	at java.util.concurrent.ForkJoinPool.runWorker(ForkJoinPool.java:1622) ~[?:?]
	at java.util.concurrent.ForkJoinWorkerThread.run(ForkJoinWorkerThread.java:165) ~[?:?]
[31Mar2025 02:08:45.353] [main/DEBUG] [net.minecraftforge.fml.DeferredWorkQueue/LOADING]: Dispatching synchronous work for work queue COMMON_SETUP: 11 jobs
[31Mar2025 02:08:45.359] [main/INFO] [journeymap/]: Initializing Packet Registries
[31Mar2025 02:08:45.370] [Forge Version Check/DEBUG] [net.minecraftforge.fml.VersionChecker/]: [aether] Received version check data:
{
  "homepage": "https://modrinth.com/mod/aether",
  "promos": {
    "1.19.2-recommended": "1.19.2-1.5.1-forge",
    "1.19.4-recommended": "1.19.4-1.5.1-forge",
    "1.20.1-recommended": "1.20.1-1.5.2-neoforge",
    "1.20.2-recommended": "1.20.2-1.5.1-neoforge",
    "1.20.4-recommended": "1.20.4-1.5.1-neoforge"
  }
}
[31Mar2025 02:08:45.370] [Forge Version Check/INFO] [net.minecraftforge.fml.VersionChecker/]: [aether] Found status: OUTDATED Current: 1.20.1-1.0.0-beta.1.4-neoforge Target: 1.20.1-1.5.2-neoforge
[31Mar2025 02:08:45.370] [Forge Version Check/INFO] [net.minecraftforge.fml.VersionChecker/]: [journeymap] Starting version check at https://forge.curseupdate.com/32274/journeymap
[31Mar2025 02:08:45.411] [main/INFO] [com.tiviacz.travelersbackpack.TravelersBackpack/]: Registered the FluidEffect with Unique ID of minecraft:water for Water (Fluid Amount Required: 1000) with the ID 0
[31Mar2025 02:08:45.411] [main/INFO] [com.tiviacz.travelersbackpack.TravelersBackpack/]: Registered the FluidEffect with Unique ID of minecraft:lava for Lava (Fluid Amount Required: 1000) with the ID 1
[31Mar2025 02:08:45.411] [main/INFO] [com.tiviacz.travelersbackpack.TravelersBackpack/]: Registered the FluidEffect with Unique ID of travelersbackpack:potion for Uncraftable Potion (Fluid Amount Required: 250) with the ID 2
[31Mar2025 02:08:45.412] [main/INFO] [com.tiviacz.travelersbackpack.TravelersBackpack/]: Registered the FluidEffect with Unique ID of minecraft:milk for Milk (Fluid Amount Required: 1000) with the ID 3
[31Mar2025 02:08:45.434] [main/DEBUG] [net.minecraftforge.fml.DeferredWorkQueue/LOADING]: Synchronous work queue completed in 79.98 ms
[31Mar2025 02:08:45.471] [Forge Version Check/DEBUG] [net.minecraftforge.fml.VersionChecker/]: [journeymap] Received version check data:
{"promos":{"1.10.2-latest":"1.10.2-5.5.2","1.10.2-recommended":"1.10.2-5.5.2","1.11-latest":"1.11-5.4.6","1.11-recommended":"1.11-5.4.6","1.11.2-latest":"1.11.2-5.5.2","1.11.2-recommended":"1.11.2-5.5.2","1.12-latest":"1.12-5.5.2","1.12-recommended":"1.12-5.5.2","1.12.1-latest":"1.12.1-5.5.2","1.12.1-recommended":"1.12.1-5.5.2","1.12.2-latest":"1.12.2-5.7.1p3","1.12.2-recommended":"1.12.2-5.7.1p3","1.14.4-latest":"5.7.0","1.14.4-recommended":"5.7.0","1.15.2-latest":"5.7.0","1.15.2-recommended":"5.7.0","1.16.2-latest":"5.7.3","1.16.2-recommended":"5.7.3","1.16.3-latest":"5.7.3","1.16.3-recommended":"5.7.3","1.16.4-latest":"5.7.3","1.16.4-recommended":"5.7.3","1.16.5-latest":"5.8.6","1.16.5-recommended":"5.8.6","1.17.1-latest":"5.8.0","1.17.1-recommended":"5.8.0","1.18-latest":"5.8.0alpha9","1.18.1-latest":"5.8.1","1.18.1-recommended":"5.8.1","1.18.2-latest":"5.9.8","1.18.2-recommended":"5.9.8","1.19-latest":"5.8.5","1.19-recommended":"5.8.5","1.19.1-latest":"5.9.0beta2","1.19.2-latest":"5.9.8","1.19.2-recommended":"5.9.8","1.19.3-latest":"5.9.7","1.19.3-recommended":"5.9.7","1.19.4-latest":"5.9.8","1.19.4-recommended":"5.9.8","1.20-latest":"5.9.8","1.20-recommended":"5.9.8","1.20.1-latest":"5.10.3","1.20.1-recommended":"5.10.3","1.20.2-latest":"5.9.21","1.20.2-recommended":"5.9.21","1.20.3-latest":"5.9.18","1.20.3-recommended":"5.9.18","1.20.4-latest":"5.10.0","1.20.4-recommended":"5.10.0","1.20.6-latest":"5.10.0","1.20.6-recommended":"5.10.0","1.21-latest":"1.21-6.0.0-beta.27","1.21.1-latest":"1.21.1-6.0.0-beta.35","1.21.4-latest":"1.21.4-6.0.0-beta.35","1.6.4-latest":"4.0.3","1.6.4-recommended":"4.0.3","1.7.10-latest":"5.2.8","1.7.10-recommended":"5.2.8","1.7.2-latest":"4.0.3","1.7.2-recommended":"4.0.3","1.8-latest":"1.8-5.1.3","1.8-recommended":"1.8-5.1.3","1.8.8-latest":"1.8.8-5.1.3","1.8.8-recommended":"1.8.8-5.1.3","1.8.9-latest":"1.8.9-5.2.4","1.8.9-recommended":"1.8.9-5.2.4","1.9-latest":"1.9-5.5.2","1.9-recommended":"1.9-5.5.2","1.9.4-latest":"1.9.4-5.5.2","1.9.4-recommended":"1.9.4-5.5.2"},"homepage":"https://www.curseforge.com/minecraft/mc-mods/journeymap"}
[31Mar2025 02:08:45.471] [Forge Version Check/INFO] [net.minecraftforge.fml.VersionChecker/]: [journeymap] Found status: UP_TO_DATE Current: 5.10.3 Target: null
[31Mar2025 02:08:45.471] [Forge Version Check/INFO] [net.minecraftforge.fml.VersionChecker/]: [travelersbackpack] Starting version check at https://gist.githubusercontent.com/Tiviacz1337/906937677aa472285dff9d6c2a189d5e/raw
[31Mar2025 02:08:45.526] [Forge Version Check/DEBUG] [net.minecraftforge.fml.VersionChecker/]: [travelersbackpack] Received version check data:
{ 
        "homepage": "https://www.curseforge.com/minecraft/mc-mods/travelers-backpack", 
        "promos": {
		"1.20.4-recommended": "9.4.2",
		"1.20.4-latest": "9.4.2",
		"1.20.2-recommended": "9.2.4",
		"1.20.2-latest": "9.2.4",
		"1.20.1-recommended": "9.1.16",
		"1.20.1-latest": "9.1.16",
		"1.20-recommended": "9.0.2",
		"1.20-latest": "9.0.2",
		"1.19.4-recommended": "8.4.20",
		"1.19.4-latest": "8.4.20",
		"1.19.3-recommended": "8.3.9",
		"1.19.3-latest": "8.3.9",
		"1.19.2-recommended": "8.2.40",
		"1.19.2-latest": "8.2.40",
		"1.19.1-recommended": "8.1.1",
		"1.19.1-latest": "8.1.1",
		"1.19-recommended": "8.0.8",
		"1.19-latest": "8.0.8",
		"1.18.2-recommended": "7.1.48",
		"1.18.2-latest": "7.1.48",
		"1.18.1-recommended": "7.0.4",
		"1.18.1-latest": "7.0.5",
		"1.17.1-recommended": "6.0.52",
		"1.17.1-latest": "6.0.52",
		"1.16.5-recommended": "5.4.51",
		"1.16.5-latest": "5.4.51",
		"1.16.4-recommended": "5.3.8",
		"1.16.4-latest": "5.3.8",
		"1.16.3-recommended": "5.2.1",
		"1.16.3-latest": "5.2.1",
		"1.16.2-recommended": "5.1.1",
		"1.16.2-latest": "5.1.1",
		"1.16.1-recommended": "5.0.1",
		"1.16.1-latest": "5.0.1",
		"1.15.2-recommended": "4.0.8",
		"1.15.2-latest": "4.0.8",
		"1.14.4-recommended": "3.0.8",
		"1.14.4-latest": "3.0.8",
                "1.12.2-recommended": "1.0.34",
		"1.12.2-latest": "1.0.34"
        }, 
        "1.12.2": {
			"0.0.3a": "Added sleeping bag",
			"0.0.4a": "Added ability to wear backpack on player's back!",
			"0.0.5a": "Implemented swapping between tools!",
			"0.0.6a": "Added missing recipe for sleeping bag",
			"0.0.7a": "Fixes for server",
			"0.0.8a": "Added backpack renderer on player's back!",
			"0.0.9a": "Added tools render on backpack",
			"0.1.0a": "Fixed tile entity data loading",
			"0.1.1a": "Added hose, bug fixes",
			"0.1.2a": "Fixed server crash",
			"0.1.3a": "Added more backpack types!",
			"0.1.4a": "Added fluid render to block and wearable model",
			"0.1.5a": "Fixed some bugs and added more custom backpacks",
			"0.1.6a": "Added potions as fluids!",
			"0.1.7a": "Fixed rendering-thing on server",
			"0.1.8a": "Fixed some minor issues",
			"1.0.19.19": "First beta release",
			"1.0.20.20": "Mainly bug fixes",
			"1.0.21.21": "Bug fixes",
			"1.0.22.22": "Added backpack abilities",
			"1.0.23.23": "Bug fixes",
			"1.0.24.24": "Bug fixes",
			"1.0.25.25": "Bug fixes",
			"1.0.26.26": "Fixed NPE",
			"1.0.27": "Capability code clean-up, bug fix",
			"1.0.28": "Mod ID change, see note in 1.0.28 on the site",
			"1.0.29": "Mod ID change, see note in 1.0.29 on the site",
			"1.0.30": "Bug fixes, standard backpack texture improvements",
			"1.0.31": "Fixed bug that causes buckets to dissapear",
			"1.0.32": "Added in-game warning about modid change and method to keep backpacks after updating to newer version",
			"1.0.33": "Fixed backpack dissapear in explosions",
			"1.0.34": "Mainly bug fixes",
			"1.0.35": "Misc bug fixes"
        },
	"1.14.4":  { 
			"3.0.7": "Initial port",
			"3.0.8": "Compatibility for modded tools"
	},
	"1.15.2":  {
      			"4.0.0": "Initial port",
			"4.0.1": "FPS bug fix",
			"4.0.2": "Fixed unwanted backpack placement after death",
			"4.0.3": "Fixed NPE while using sleeping bag",
			"4.0.4": "Fixed crash, updated few textures",
			"4.0.5": "Bug fixes",
			"4.0.6": "Fixed backpack dissapear in explosions",
			"4.0.7": "Keybind for tool cycle",
			"4.0.8": "Compatibility for modded tools"
	},
	"1.16.1":  { 
			"5.0.0": "Initial port",
			"5.0.1": "Fixed backpack not saving contents, compatibility for modded tools"
	},
	"1.16.2":  { 
			"5.1.0": "Initial port",
			"5.1.1": "Fixed server crashes, backpack not saving contents, compatibility for modded tools"
	},
	"1.16.3":  { 
			"5.2.1": "Initial port"
	},
	"1.16.4":  { 
			"5.3.1": "Initial port",
			"5.3.2": "Bug fixes, game-breaking change",
			"5.3.3": "A lot of bug fixes",
			"5.3.4": "Dupe bug fix",
			"5.3.5": "Curios integration",
			"5.3.6": "Crafting grid dupe bug fix",
			"5.3.7": "Crash fix, curiosIntegration option migration",
			"5.3.8": "Fixed item saving bug"
	},
	"1.16.5":  { 
			"5.3.8": "Fixed item saving bug",
			"5.4.0": "Few new custom backpacks",
			"5.4.1": "Fixed villager trades",
			"5.4.2": "Fixed crash with turkish language and small tweaks",
			"5.4.3": "Fixed dupe bug",
			"5.4.4": "JEI dupe bug fix and more",
			"5.4.5": "Dyeable backpacks update! :>",
			"5.4.6": "More backpacks and bug fixes",
			"5.4.7": "Exploit and bug fixes",
			"5.4.8": "Fixed spawn point setting",
			"5.4.9": "20 new backpacks",
			"5.4.10": "Added backpack abilties",
			"5.4.11": "Code cleanup",
			"5.4.12": "Fixed crash",
			"5.4.13": "Added sorting buttons",
			"5.4.14": "Fixed LAN crash",
			"5.4.15": "Fixed few bugs",
			"5.4.16": "Fixed crash",
			"5.4.17": "Fixed bugs",
			"5.4.18": "Fixed crash",
			"5.4.19": "Fixed curio dupe bug",
			"5.4.20": "Added 9 new abilities",
			"5.4.21": "Added too many backpacks slowness effect",
			"5.4.22": "Fixed abilities",
			"5.4.23": "Added colorable sleeping bags",
			"5.4.24": "Bug fixes",
			"5.4.25": "Added slot memory",
			"5.4.26": "Added dedicated settings menu",
			"5.4.28": "Added milk and milk effect",
			"5.4.29": "Mobs can spawn with backpack equipped",
			"5.4.31": "Added /restore command",
			"5.4.32": "Added void protection config option",
			"5.4.33": "Fixed bad coded coordinates",
			"5.4.35": "Tweaked config and commands",
			"5.4.36": "Added backpack tiers",
			"5.4.37": "Changed tier upgrades recipes",
			"5.4.38": "Added enableTierUpgrades config option",
			"5.4.39": "Added Crafting widget",
			"5.4.40": "Fixed dupe bug",
			"5.4.41": "Backpack can be placed in fluids after death",
			"5.4.42": "Added compat with gravestone mods",
			"5.4.43": "Tweaked some recipes",
			"5.4.44": "Misc",
			"5.4.45": "Misc",
			"5.4.46": "Misc",
			"5.4.47": "Added tool slots widget",
			"5.4.48": "Fixed few bugs",
			"5.4.49": "Shift + Right Click with Empty Hand allows to place backpack on the ground",
			"5.4.50": "Sleeping bag can be used without backpack",
			"5.4.51": "Added loot to chests and fixed bugs"
	},
	"1.17.1":  { 
			"6.0.0": "Initial Release",
			"6.0.1": "Fixed datapack issue",
			"6.0.2": "Fixed crash with newest Forge",
			"6.0.3": "Fixed backpack disappearing on death",
			"6.0.4": "JEI integration and more",
			"6.0.5": "Dyeable backpacks update! :>",
			"6.0.6": "More backpacks and bug fixes",
			"6.0.7": "Fixed significant FPS drop",
			"6.0.8": "Fixed dupe bug",
			"6.0.9": "Fixed spawn point setting",
			"6.0.10": "20 new backpacks",
			"6.0.11": "Added backpack abilties",
			"6.0.12": "Code cleanup",
			"6.0.13": "Fixed crash",
			"6.0.14": "Added sorting buttons",
			"6.0.15": "Fixed LAN crash",
			"6.0.16": "Fixed few bugs",
			"6.0.17": "Fixed crash",
			"6.0.18": "Fixed bugs",
			"6.0.19": "Fixed crash",
			"6.0.20": "Fixed curio dupe bug",
			"6.0.21": "Added 9 new abilities",
			"6.0.22": "Added too many backpacks slowness effect",
			"6.0.23": "Fixed abilities",
			"6.0.24": "Added colorable sleeping bags",
			"6.0.25": "Bug fixes",
			"6.0.26": "Added slot memory",
			"6.0.27": "Added dedicated settings menu",
			"6.0.29": "Added milk and milk effect",
			"6.0.30": "Mobs can spawn with backpack equipped",
			"6.0.32": "Added /restore command",
			"6.0.33": "Added void protection config option",
			"6.0.34": "Fixed bad coded coordinates",
			"6.0.36": "Tweaked config and commands",
			"6.0.37": "Added backpack Tiers",
			"6.0.38": "Changed tier upgrades recipes",
			"6.0.39": "Added enableTierUpgrades config option",
			"6.0.40": "Added Crafting widget",
			"6.0.41": "Fixed dupe bug",
			"6.0.42": "Backpack can be placed in fluids after death",
			"6.0.43": "Added compat with gravestone mods",
			"6.0.44": "Added inventory tooltip in preview",
			"6.0.45": "Misc",
			"6.0.46": "Misc",
			"6.0.47": "Misc",
			"6.0.48": "Added tool slots widget",
			"6.0.49": "Fixed few bugs",
			"6.0.50": "Shift + Right Click with Empty Hand allows to place backpack on the ground",
			"6.0.51": "Sleeping bag can be used without backpack",
			"6.0.52": "Added loot to chests and fixed bugs"
	},
	"1.18.1":  { 
			"7.0.0": "Initial Release",
			"7.0.1": "Backpack lose items bug fix",
			"7.0.2": "New backpacks",
			"7.0.3": "Fixed dupe bug",
			"7.0.4": "Fixed spawn point setting"
	},
	"1.18.2":  { 
			"7.1.0": "Initial Release",
			"7.1.1": "Fixed spawn point setting",
			"7.1.2": "20 new backpacks",
			"7.1.3": "Added backpack abilties",
			"7.1.4": "Code cleanup",
			"7.1.5": "Fixed bug with duplicating buckets",
			"7.1.6": "Fixed crash",
			"7.1.7": "Added sorting buttons",
			"7.1.8": "Fixed LAN crash",
			"7.1.9": "Fixed few bugs",
			"7.1.10": "Fixed crash",
			"7.1.11": "Fixed bugs",
			"7.1.12": "Fixed crash",
			"7.1.13": "Fixed curio dupe bug",
			"7.1.14": "Added 9 new abilities",
			"7.1.15": "Added too many backpacks slowness effect",
			"7.1.16": "Fixed abilities",
			"7.1.17": "Added colorable sleeping bags",
			"7.1.18": "Bug fixes",
			"7.1.20": "Added slot memory",
			"7.1.21": "Added dedicated settings menu",
			"7.1.23": "Added milk and milk effect",
			"7.1.24": "Mobs can spawn with backpack equipped",
			"7.1.26": "Added /restore command",
			"7.1.27": "Added void protection config option",
			"7.1.28": "Fixed bad coded coordinates",
			"7.1.30": "Tweaked config and commands",
			"7.1.31": "Added backpack Tiers",
			"7.1.32": "Changed tier upgrades recipes",
			"7.1.33": "Added enableTierUpgrades config option",
			"7.1.34": "Added Crafting widget",
			"7.1.35": "Fixed dupe bug",
			"7.1.36": "Backpack can be placed in fluids after death",
			"7.1.37": "Added compat with gravestone mods",
			"7.1.38": "Added inventory preview in tooltip",
			"7.1.39": "Misc",
			"7.1.40": "Misc",
			"7.1.41": "Misc",
			"7.1.42": "Added tool slots widget",
			"7.1.43": "Fixed few bugs",
			"7.1.44": "Shift + Right Click with Empty Hand allows to place backpack on the ground",
			"7.1.45": "Sleeping bag can be used without backpack",
			"7.1.46": "Added loot to chests and fixed bugs",
			"7.1.47": "Configuration for backpack slots",
			"7.1.48": "Added recipes to recipe book"
			
	},
	"1.19":  { 
			"8.0.0": "Initial Release",
			"8.0.1": "Fixed crashes",
			"8.0.2": "20 new backpacks",
			"8.0.3": "Added backpack abilties",
			"8.0.4": "Updated Forge",
			"8.0.5": "Fixed few bugs",
			"8.0.6": "Code cleanup",
			"8.0.7": "Fixed crash",
			"8.0.8": "Added sorting buttons"
	},
	"1.19.1":  { 
			"8.1.0": "Initial Release",
			"8.1.1": "Fixed LAN crash"
	},
	"1.19.2":  { 
			"8.2.0": "Initial Release",
			"8.2.1": "Fixed few bugs",
			"8.2.2": "Fixed crash",
			"8.2.3": "Fixed bugs",
			"8.2.4": "Fixed crash",
			"8.2.5": "Fixed curio dupe bug",
			"8.2.6": "Added 9 new abilities",
			"8.2.7": "Added too many backpacks slowness effect",
			"8.2.8": "Fixed abilities",
			"8.2.9": "Added colorable sleeping bags",
			"8.2.10": "Bug fixes",
			"8.2.11": "Added slot memory",
			"8.2.12": "Added dedicated settings menu",
			"8.2.14": "Added milk and milk effect",
			"8.2.15": "Mobs can spawn with backpack equipped",
			"8.2.17": "Added /restore command",
			"8.2.18": "Added void protection config option",
			"8.2.19": "Fixed bad coded coordinates",
			"8.2.21": "Tweaked config and commands",
			"8.2.22": "Added backpack tiers",
			"8.2.23": "Changed tier upgrades recipes",
			"8.2.24": "Missing texture hotfix",
			"8.2.25": "Added enableTierUpgrades config option",
			"8.2.26": "Added Crafting widget",
			"8.2.27": "Fixed dupe bug",
			"8.2.28": "Backpack can be placed in fluids after death",
			"8.2.29": "Added compat with gravestone mods",
			"8.2.30": "Added inventory preview in tooltip",
			"8.2.31": "Misc",
			"8.2.32": "Misc",
			"8.2.33": "Misc",
			"8.2.34": "Added tool slots widget",
			"8.2.35": "Fixed few bugs",
			"8.2.36": "Shift + Right Click with Empty Hand allows to place backpack on the ground",
			"8.2.37": "Sleeping bag can be used without backpack",
			"8.2.38": "Added loot to chests and fixed bugs",
			"8.2.39": "Configuration for backpack slots",
			"8.2.40": "Added recipes to recipe book"
	},
	"1.19.3":  { 
			"8.3.0": "Initial Release",
			"8.3.2": "Added milk and milk effect",
			"8.3.3": "Mobs can spawn with backpack equipped",
			"8.3.5": "Added /restore command",
			"8.2.6": "Added void protection config option",
			"8.2.7": "Fixed bad coded coordinates",
			"8.2.9": "Tweaked config and commands"
	},
	"1.19.4":  { 
			"8.4.2": "Tweaked config and commands",
			"8.4.3": "Added backpack tiers",
			"8.4.4": "Changed tier upgrades recipes",
			"8.4.5": "Added enableTierUpgrades config option",
			"8.4.6": "Added support for new smithing table",
			"8.4.7": "Added support for new smithing table",
			"8.4.8": "Added Crafting widget",
			"8.4.9": "Fixed dupe bug",
			"8.4.10": "Backpack can be placed in fluids after death",
			"8.4.11": "Added compat with gravestone mods",
			"8.4.12": "Added inventory preview in tooltip",
			"8.4.13": "Misc",
			"8.4.14": "Misc",
			"8.4.15": "Misc",
			"8.4.16": "Added tool slots widget",
			"8.4.17": "Fixed few bugs",
			"8.4.18": "Shift + Right Click with Empty Hand allows to place backpack on the ground",
			"8.4.19": "Sleeping bag can be used without backpack",
			"8.4.20": "Added loot to chests and fixed bugs"
	},
	"1.20":  { 
			"9.0.0": "Initial update",
			"9.0.1": "Fixed disappearing backpack on contact with water",
			"9.0.2": "Fixed smithing bug and restored Curios compat"
	},
	"1.20.1":  { 
			"9.1.0": "Initial update",
			"9.1.1": "Initial update",
			"9.1.2": "Fixed dupe bug",
			"9.1.3": "Added compat with gravestone mods",
			"9.1.4": "Added inventory preview in tooltip",
			"9.1.5": "Misc",
			"9.1.6": "Misc",
			"9.1.7": "Misc",
			"9.1.8": "Added tool slots widget",
			"9.1.9": "Fixed few bugs",
			"9.1.10": "Shift + Right Click with Empty Hand allows to place backpack on the ground",
			"9.1.11": "Sleeping bag can be used without backpack",
			"9.1.12": "Configuration for backpack slots",
			"9.1.13": "Added loot to chests and fixed bugs",
			"9.1.14": "Added recipes to recipe book",
			"9.1.15": "Improvements",
			"9.1.16": "Stopped excessive drops of backpack from mob farms, added visibility button, fixed some bugs"
	},
	"1.20.2":  { 
			"9.2.0": "Initial update",
			"9.2.1": "Fixed few bugs",
			"9.2.2": "Shift + Right Click with Empty Hand allows to place backpack on the ground",
			"9.2.3": "Sleeping bag can be used without backpack",
			"9.2.4": "Added loot to chests and fixed bugs"
	},
	"1.20.4":  { 
			"9.4.0": "Initial update",
			"9.4.1": "Configuration for backpack slots",
			"9.4.2": "Added recipes to recipe book"
	}
}
[31Mar2025 02:08:45.528] [Forge Version Check/INFO] [net.minecraftforge.fml.VersionChecker/]: [travelersbackpack] Found status: AHEAD Current: 9.1.33 Target: null
[31Mar2025 02:08:45.530] [Forge Version Check/INFO] [net.minecraftforge.fml.VersionChecker/]: [evilcraft] Starting version check at https://raw.githubusercontent.com/CyclopsMC/Versions/master/forge_update/evilcraft.json
[31Mar2025 02:08:45.531] [modloading-worker-0/INFO] [Jade/]: Start loading plugin at com.aetherteam.aether.integration.jade.AetherJadePlugin
[31Mar2025 02:08:45.540] [modloading-worker-0/INFO] [Jade/]: Start loading plugin at twilightforest.compat.jade.JadeCompat
[31Mar2025 02:08:45.541] [modloading-worker-0/INFO] [Jade/]: Start loading plugin at snownee.jade.addon.vanilla.VanillaPlugin
[31Mar2025 02:08:45.551] [modloading-worker-0/INFO] [Jade/]: Start loading plugin at snownee.jade.addon.universal.UniversalPlugin
[31Mar2025 02:08:45.555] [modloading-worker-0/INFO] [Jade/]: Start loading plugin at snownee.jade.addon.core.CorePlugin
[31Mar2025 02:08:45.556] [modloading-worker-0/INFO] [Jade/]: Start loading plugin at de.maxhenkel.gravestone.integration.waila.PluginGraveStone
[31Mar2025 02:08:45.585] [Forge Version Check/DEBUG] [net.minecraftforge.fml.VersionChecker/]: [evilcraft] Received version check data:
{
  "homepage": "https://www.curseforge.com/minecraft/mc-mods/evilcraft",
  "promos": {
    "1.20.1-recommended": "1.2.52",
    "1.19.2-recommended": "1.2.43",
    "1.18.2-recommended": "1.2.23",
    "1.19.4-recommended": "1.2.22",
    "1.19.3-recommended": "1.2.17",
    "1.19-recommended": "1.2.6",
    "1.16.5-recommended": "1.1.17",
    "1.18.1-recommended": "1.1.18",
    "1.16.4-recommended": "1.0.7",
    "1.15.2-recommended": "1.0.0",
    "1.12.2-recommended": "0.10.78",
    "1.20.1-latest": "1.2.52",
    "1.19.2-latest": "1.2.43",
    "1.18.2-latest": "1.2.23",
    "1.19.4-latest": "1.2.22",
    "1.19.3-latest": "1.2.17",
    "1.19-latest": "1.2.6",
    "1.16.5-latest": "1.1.17",
    "1.18.1-latest": "1.1.18",
    "1.16.4-latest": "1.0.7",
    "1.15.2-latest": "1.0.0",
    "1.12.2-latest": "0.10.78"
  },
  "1.20.1": {
    "1.2.52": "Download and changelog available at https://www.curseforge.com/minecraft/mc-mods/evilcraft/files/6287068",
    "1.2.51": "Download and changelog available at https://www.curseforge.com/minecraft/mc-mods/evilcraft/files/6154548",
    "1.2.50": "Download and changelog available at https://www.curseforge.com/minecraft/mc-mods/evilcraft/files/6102305",
    "1.2.49": "Download and changelog available at https://www.curseforge.com/minecraft/mc-mods/evilcraft/files/5987310",
    "1.2.48": "Download and changelog available at https://www.curseforge.com/minecraft/mc-mods/evilcraft/files/5776778",
    "1.2.47": "Download and changelog available at https://www.curseforge.com/minecraft/mc-mods/evilcraft/files/5707140",
    "1.2.46": "Download and changelog available at https://www.curseforge.com/minecraft/mc-mods/evilcraft/files/5694993",
    "1.2.45": "Download and changelog available at https://www.curseforge.com/minecraft/mc-mods/evilcraft/files/5683782",
    "1.2.44": "Download and changelog available at https://www.curseforge.com/minecraft/mc-mods/evilcraft/files/5591769",
    "1.2.43": "Download and changelog available at https://www.curseforge.com/minecraft/mc-mods/evilcraft/files/5561214",
    "1.2.42": "Download and changelog available at https://www.curseforge.com/minecraft/mc-mods/evilcraft/files/5554002",
    "1.2.41": "Download and changelog available at https://www.curseforge.com/minecraft/mc-mods/evilcraft/files/5537777",
    "1.2.40": "Download and changelog available at https://www.curseforge.com/minecraft/mc-mods/evilcraft/files/5467013",
    "1.2.39": "Download and changelog available at https://www.curseforge.com/minecraft/mc-mods/evilcraft/files/5314647",
    "1.2.38": "Download and changelog available at https://www.curseforge.com/minecraft/mc-mods/evilcraft/files/5243055",
    "1.2.37": "Download and changelog available at https://www.curseforge.com/minecraft/mc-mods/evilcraft/files/5082975",
    "1.2.36": "Download and changelog available at https://www.curseforge.com/minecraft/mc-mods/evilcraft/files/4987047",
    "1.2.35": "Download and changelog available at https://www.curseforge.com/minecraft/mc-mods/evilcraft/files/4936943",
    "1.2.34": "Download and changelog available at https://www.curseforge.com/minecraft/mc-mods/evilcraft/files/4905748",
    "1.2.33": "Download and changelog available at https://www.curseforge.com/minecraft/mc-mods/evilcraft/files/4823006",
    "1.2.32": "Download and changelog available at https://www.curseforge.com/minecraft/mc-mods/evilcraft/files/4817841",
    "1.2.31": "Download and changelog available at https://www.curseforge.com/minecraft/mc-mods/evilcraft/files/4791850",
    "1.2.30": "Download and changelog available at https://www.curseforge.com/minecraft/mc-mods/evilcraft/files/4768378",
    "1.2.29": "Download and changelog available at https://www.curseforge.com/minecraft/mc-mods/evilcraft/files/4744922",
    "1.2.28": "Download and changelog available at https://www.curseforge.com/minecraft/mc-mods/evilcraft/files/4724229",
    "1.2.27": "Download and changelog available at https://www.curseforge.com/minecraft/mc-mods/evilcraft/files/4676026",
    "1.2.26": "Download and changelog available at https://www.curseforge.com/minecraft/mc-mods/evilcraft/files/4672367",
    "1.2.25": "Download and changelog available at https://www.curseforge.com/minecraft/mc-mods/evilcraft/files/4624848",
    "1.2.24": "Download and changelog available at https://www.curseforge.com/minecraft/mc-mods/evilcraft/files/4621192",
    "1.2.23": "Download and changelog available at https://www.curseforge.com/minecraft/mc-mods/evilcraft/files/4620578",
    "1.2.22": "Download and changelog available at https://www.curseforge.com/minecraft/mc-mods/evilcraft/files/4620490"
  },
  "1.19.2": {
    "1.2.43": "Download and changelog available at https://www.curseforge.com/minecraft/mc-mods/evilcraft/files/6287061",
    "1.2.42": "Download and changelog available at https://www.curseforge.com/minecraft/mc-mods/evilcraft/files/6154558",
    "1.2.41": "Download and changelog available at https://www.curseforge.com/minecraft/mc-mods/evilcraft/files/5987303",
    "1.2.40": "Download and changelog available at https://www.curseforge.com/minecraft/mc-mods/evilcraft/files/5707135",
    "1.2.39": "Download and changelog available at https://www.curseforge.com/minecraft/mc-mods/evilcraft/files/5694979",
    "1.2.38": "Download and changelog available at https://www.curseforge.com/minecraft/mc-mods/evilcraft/files/5683758",
    "1.2.37": "Download and changelog available at https://www.curseforge.com/minecraft/mc-mods/evilcraft/files/5561139",
    "1.2.36": "Download and changelog available at https://www.curseforge.com/minecraft/mc-mods/evilcraft/files/5561129",
    "1.2.35": "Download and changelog available at https://www.curseforge.com/minecraft/mc-mods/evilcraft/files/5553992",
    "1.2.34": "Download and changelog available at https://www.curseforge.com/minecraft/mc-mods/evilcraft/files/5537771",
    "1.2.33": "Download and changelog available at https://www.curseforge.com/minecraft/mc-mods/evilcraft/files/5467006",
    "1.2.32": "Download and changelog available at https://www.curseforge.com/minecraft/mc-mods/evilcraft/files/5314641",
    "1.2.31": "Download and changelog available at https://www.curseforge.com/minecraft/mc-mods/evilcraft/files/5243028",
    "1.2.30": "Download and changelog available at https://www.curseforge.com/minecraft/mc-mods/evilcraft/files/4905743",
    "1.2.29": "Download and changelog available at https://www.curseforge.com/minecraft/mc-mods/evilcraft/files/4791844",
    "1.2.28": "Download and changelog available at https://www.curseforge.com/minecraft/mc-mods/evilcraft/files/4768366",
    "1.2.27": "Download and changelog available at https://www.curseforge.com/minecraft/mc-mods/evilcraft/files/4744916",
    "1.2.26": "Download and changelog available at https://www.curseforge.com/minecraft/mc-mods/evilcraft/files/4724200",
    "1.2.25": "Download and changelog available at https://www.curseforge.com/minecraft/mc-mods/evilcraft/files/4672371",
    "1.2.24": "Download and changelog available at https://www.curseforge.com/minecraft/mc-mods/evilcraft/files/4624843",
    "1.2.23": "Download and changelog available at https://www.curseforge.com/minecraft/mc-mods/evilcraft/files/4566197",
    "1.2.22": "Download and changelog available at https://www.curseforge.com/minecraft/mc-mods/evilcraft/files/4565216",
    "1.2.21": "Download and changelog available at https://www.curseforge.com/minecraft/mc-mods/evilcraft/files/4545828",
    "1.2.20": "Download and changelog available at https://www.curseforge.com/minecraft/mc-mods/evilcraft/files/4545037",
    "1.2.19": "Download and changelog available at https://www.curseforge.com/minecraft/mc-mods/evilcraft/files/4531515",
    "1.2.18": "Download and changelog available at https://www.curseforge.com/minecraft/mc-mods/evilcraft/files/4488762",
    "1.2.17": "Download and changelog available at https://www.curseforge.com/minecraft/mc-mods/evilcraft/files/4469871",
    "1.2.16": "Download and changelog available at https://www.curseforge.com/minecraft/mc-mods/evilcraft/files/4445175",
    "1.2.15": "Download and changelog available at https://www.curseforge.com/minecraft/mc-mods/evilcraft/files/4392576",
    "1.2.14": "Download and changelog available at https://www.curseforge.com/minecraft/mc-mods/evilcraft/files/4368718",
    "1.2.13": "Download and changelog available at https://www.curseforge.com/minecraft/mc-mods/evilcraft/files/4279124",
    "1.2.12": "Download and changelog available at https://www.curseforge.com/minecraft/mc-mods/evilcraft/files/4240518",
    "1.2.11": "Download and changelog available at https://www.curseforge.com/minecraft/mc-mods/evilcraft/files/4159794",
    "1.2.10": "Download and changelog available at https://www.curseforge.com/minecraft/mc-mods/evilcraft/files/4077777",
    "1.2.9": "Download and changelog available at https://www.curseforge.com/minecraft/mc-mods/evilcraft/files/4014871",
    "1.2.8": "Download and changelog available at https://www.curseforge.com/minecraft/mc-mods/evilcraft/files/3993403",
    "1.2.7": "Download and changelog available at https://www.curseforge.com/minecraft/mc-mods/evilcraft/files/3948524",
    "1.2.6": "Download and changelog available at https://www.curseforge.com/minecraft/mc-mods/evilcraft/files/3929898"
  },
  "1.18.2": {
    "1.2.23": "Download and changelog available at https://www.curseforge.com/minecraft/mc-mods/evilcraft/files/4905738",
    "1.2.22": "Download and changelog available at https://www.curseforge.com/minecraft/mc-mods/evilcraft/files/4768361",
    "1.2.21": "Download and changelog available at https://www.curseforge.com/minecraft/mc-mods/evilcraft/files/4744912",
    "1.2.20": "Download and changelog available at https://www.curseforge.com/minecraft/mc-mods/evilcraft/files/4724151",
    "1.2.19": "Download and changelog available at https://www.curseforge.com/minecraft/mc-mods/evilcraft/files/4672376",
    "1.2.18": "Download and changelog available at https://www.curseforge.com/minecraft/mc-mods/evilcraft/files/4624838",
    "1.2.17": "Download and changelog available at https://www.curseforge.com/minecraft/mc-mods/evilcraft/files/4624802",
    "1.2.16": "Download and changelog available at https://www.curseforge.com/minecraft/mc-mods/evilcraft/files/4566188",
    "1.2.15": "Download and changelog available at https://www.curseforge.com/minecraft/mc-mods/evilcraft/files/4531509",
    "1.2.14": "Download and changelog available at https://www.curseforge.com/minecraft/mc-mods/evilcraft/files/4445171",
    "1.2.13": "Download and changelog available at https://www.curseforge.com/minecraft/mc-mods/evilcraft/files/4392550",
    "1.2.12": "Download and changelog available at https://www.curseforge.com/minecraft/mc-mods/evilcraft/files/4159784",
    "1.2.11": "Download and changelog available at https://www.curseforge.com/minecraft/mc-mods/evilcraft/files/4077773",
    "1.2.10": "Download and changelog available at https://www.curseforge.com/minecraft/mc-mods/evilcraft/files/4014867",
    "1.2.9": "Download and changelog available at https://www.curseforge.com/minecraft/mc-mods/evilcraft/files/3993390",
    "1.2.8": "Download and changelog available at https://www.curseforge.com/minecraft/mc-mods/evilcraft/files/3953124",
    "1.2.7": "Download and changelog available at https://www.curseforge.com/minecraft/mc-mods/evilcraft/files/3948507",
    "1.2.6": "Download and changelog available at https://www.curseforge.com/minecraft/mc-mods/evilcraft/files/3928091",
    "1.2.5": "Download and changelog available at https://www.curseforge.com/minecraft/mc-mods/evilcraft/files/3899318",
    "1.2.4": "Download and changelog available at https://www.curseforge.com/minecraft/mc-mods/evilcraft/files/3884889",
    "1.2.3": "Download and changelog available at https://www.curseforge.com/minecraft/mc-mods/evilcraft/files/3865665",
    "1.2.2": "Download and changelog available at https://www.curseforge.com/minecraft/mc-mods/evilcraft/files/3853061",
    "1.2.1": "Download and changelog available at https://www.curseforge.com/minecraft/mc-mods/evilcraft/files/3851738",
    "1.2.0": "Download and changelog available at https://www.curseforge.com/minecraft/mc-mods/evilcraft/files/3824486",
    "1.1.24": "Download and changelog available at https://www.curseforge.com/minecraft/mc-mods/evilcraft/files/3818265",
    "1.1.23": "Download and changelog available at https://www.curseforge.com/minecraft/mc-mods/evilcraft/files/3809245",
    "1.1.22": "Download and changelog available at https://www.curseforge.com/minecraft/mc-mods/evilcraft/files/3805272",
    "1.1.21": "Download and changelog available at https://www.curseforge.com/minecraft/mc-mods/evilcraft/files/3800950",
    "1.1.20": "Download and changelog available at https://www.curseforge.com/minecraft/mc-mods/evilcraft/files/3795956",
    "1.1.19": "Download and changelog available at https://www.curseforge.com/minecraft/mc-mods/evilcraft/files/3777486",
    "1.1.18": "Download and changelog available at https://www.curseforge.com/minecraft/mc-mods/evilcraft/files/3768508"
  },
  "1.19.4": {
    "1.2.22": "Download and changelog available at https://www.curseforge.com/minecraft/mc-mods/evilcraft/files/4566206",
    "1.2.21": "Download and changelog available at https://www.curseforge.com/minecraft/mc-mods/evilcraft/files/4565220",
    "1.2.20": "Download and changelog available at https://www.curseforge.com/minecraft/mc-mods/evilcraft/files/4545832",
    "1.2.19": "Download and changelog available at https://www.curseforge.com/minecraft/mc-mods/evilcraft/files/4545053",
    "1.2.18": "Download and changelog available at https://www.curseforge.com/minecraft/mc-mods/evilcraft/files/4531524",
    "1.2.17": "Download and changelog available at https://www.curseforge.com/minecraft/mc-mods/evilcraft/files/4517706"
  },
  "1.19.3": {
    "1.2.17": "Download and changelog available at https://www.curseforge.com/minecraft/mc-mods/evilcraft/files/4445181",
    "1.2.16": "Download and changelog available at https://www.curseforge.com/minecraft/mc-mods/evilcraft/files/4392611",
    "1.2.15": "Download and changelog available at https://www.curseforge.com/minecraft/mc-mods/evilcraft/files/4367781",
    "1.2.14": "Download and changelog available at https://www.curseforge.com/minecraft/mc-mods/evilcraft/files/4352076",
    "1.2.13": "Download and changelog available at https://www.curseforge.com/minecraft/mc-mods/evilcraft/files/4344672"
  },
  "1.19": {
    "1.2.6": "Download and changelog available at https://www.curseforge.com/minecraft/mc-mods/evilcraft/files/3899324",
    "1.2.5": "Download and changelog available at https://www.curseforge.com/minecraft/mc-mods/evilcraft/files/3884895",
    "1.2.4": "Download and changelog available at https://www.curseforge.com/minecraft/mc-mods/evilcraft/files/3884867",
    "1.2.3": "Download and changelog available at https://www.curseforge.com/minecraft/mc-mods/evilcraft/files/3865671",
    "1.2.2": "Download and changelog available at https://www.curseforge.com/minecraft/mc-mods/evilcraft/files/3853065",
    "1.2.1": "Download and changelog available at https://www.curseforge.com/minecraft/mc-mods/evilcraft/files/3851742",
    "1.2.0": "Download and changelog available at https://www.curseforge.com/minecraft/mc-mods/evilcraft/files/3848778"
  },
  "1.16.5": {
    "1.1.17": "Download and changelog available at https://www.curseforge.com/minecraft/mc-mods/evilcraft/files/3851721",
    "1.1.16": "Download and changelog available at https://www.curseforge.com/minecraft/mc-mods/evilcraft/files/3806961",
    "1.1.15": "Download and changelog available at https://www.curseforge.com/minecraft/mc-mods/evilcraft/files/3693401",
    "1.1.14": "Download and changelog available at https://www.curseforge.com/minecraft/mc-mods/evilcraft/files/3644274",
    "1.1.13": "Download and changelog available at https://www.curseforge.com/minecraft/mc-mods/evilcraft/files/3640132",
    "1.1.12": "Download and changelog available at https://www.curseforge.com/minecraft/mc-mods/evilcraft/files/3620539",
    "1.1.11": "Download and changelog available at https://www.curseforge.com/minecraft/mc-mods/evilcraft/files/3546741",
    "1.1.10": "Download and changelog available at https://www.curseforge.com/minecraft/mc-mods/evilcraft/files/3525654",
    "1.1.9": "Download and changelog available at https://www.curseforge.com/minecraft/mc-mods/evilcraft/files/3517572",
    "1.1.8": "Download and changelog available at https://www.curseforge.com/minecraft/mc-mods/evilcraft/files/3505497",
    "1.1.7": "Download and changelog available at https://www.curseforge.com/minecraft/mc-mods/evilcraft/files/3466563",
    "1.1.6": "Download and changelog available at https://www.curseforge.com/minecraft/mc-mods/evilcraft/files/3346628",
    "1.1.5": "Download and changelog available at https://www.curseforge.com/minecraft/mc-mods/evilcraft/files/3307952",
    "1.1.4": "Download and changelog available at https://www.curseforge.com/minecraft/mc-mods/evilcraft/files/3292057",
    "1.1.3": "Download and changelog available at https://www.curseforge.com/minecraft/mc-mods/evilcraft/files/3289789",
    "1.1.2": "Download and changelog available at https://www.curseforge.com/minecraft/mc-mods/evilcraft/files/3271264",
    "1.1.1": "Download and changelog available at https://www.curseforge.com/minecraft/mc-mods/evilcraft/files/3259948",
    "1.1.0": "Download and changelog available at https://www.curseforge.com/minecraft/mc-mods/evilcraft/files/3206360",
    "1.0.8": "Download and changelog available at https://www.curseforge.com/minecraft/mc-mods/evilcraft/files/3184821"
  },
  "1.18.1": {
    "1.1.18": "Download and changelog available at https://www.curseforge.com/minecraft/mc-mods/evilcraft/files/3753599",
    "1.1.17": "Download and changelog available at https://www.curseforge.com/minecraft/mc-mods/evilcraft/files/3736289",
    "1.1.16": "Download and changelog available at https://www.curseforge.com/minecraft/mc-mods/evilcraft/files/3732099",
    "1.1.15": "Download and changelog available at https://www.curseforge.com/minecraft/mc-mods/evilcraft/files/3693405",
    "1.1.14": "Download and changelog available at https://www.curseforge.com/minecraft/mc-mods/evilcraft/files/3683841"
  },
  "1.16.4": {
    "1.0.7": "Download and changelog available at https://www.curseforge.com/minecraft/mc-mods/evilcraft/files/3181137",
    "1.0.6": "Download and changelog available at https://www.curseforge.com/minecraft/mc-mods/evilcraft/files/3174009",
    "1.0.5": "Download and changelog available at https://www.curseforge.com/minecraft/mc-mods/evilcraft/files/3163295",
    "1.0.4": "Download and changelog available at https://www.curseforge.com/minecraft/mc-mods/evilcraft/files/3156210",
    "1.0.3": "Download and changelog available at https://www.curseforge.com/minecraft/mc-mods/evilcraft/files/3154246",
    "1.0.2": "Download and changelog available at https://www.curseforge.com/minecraft/mc-mods/evilcraft/files/3154201",
    "1.0.1": "Download and changelog available at https://www.curseforge.com/minecraft/mc-mods/evilcraft/files/3153165",
    "1.0.0": "Download and changelog available at https://www.curseforge.com/minecraft/mc-mods/evilcraft/files/3151352"
  },
  "1.15.2": {
    "1.0.0": "Download and changelog available at https://www.curseforge.com/minecraft/mc-mods/evilcraft/files/3143038"
  },
  "1.12.2": {
    "0.10.78": "Download and changelog available at https://www.curseforge.com/minecraft/mc-mods/evilcraft/files/2811267",
    "0.10.77": "Download and changelog available at https://www.curseforge.com/minecraft/mc-mods/evilcraft/files/2753302"
  }
}
[31Mar2025 02:08:45.586] [Forge Version Check/INFO] [net.minecraftforge.fml.VersionChecker/]: [evilcraft] Found status: UP_TO_DATE Current: 1.2.52 Target: null
[31Mar2025 02:08:45.589] [Forge Version Check/INFO] [net.minecraftforge.fml.VersionChecker/]: [puzzlesaccessapi] Starting version check at https://raw.githubusercontent.com/Fuzss/modresources/main/update/puzzlesaccessapi.json
[31Mar2025 02:08:45.600] [Forge Version Check/DEBUG] [net.minecraftforge.fml.VersionChecker/]: [puzzlesaccessapi] Received version check data:
{
    "homepage": "https://github.com/Fuzss/puzzlesaccessapi",
    "promos": {}
}
[31Mar2025 02:08:45.600] [Forge Version Check/INFO] [net.minecraftforge.fml.VersionChecker/]: [puzzlesaccessapi] Found status: BETA Current: 20.1.1 Target: null
[31Mar2025 02:08:45.600] [Forge Version Check/INFO] [net.minecraftforge.fml.VersionChecker/]: [forge] Starting version check at https://files.minecraftforge.net/net/minecraftforge/forge/promotions_slim.json
[31Mar2025 02:08:45.777] [Forge Version Check/DEBUG] [net.minecraftforge.fml.VersionChecker/]: [forge] Received version check data:
{
  "homepage": "https://files.minecraftforge.net/net/minecraftforge/forge/",
  "promos": {
    "1.1-latest": "1.3.4.29",
    "1.2.3-latest": "1.4.1.64",
    "1.2.4-latest": "2.0.0.68",
    "1.2.5-latest": "3.4.9.171",
    "1.3.2-latest": "4.3.5.318",
    "1.4.0-latest": "5.0.0.326",
    "1.4.1-latest": "6.0.0.329",
    "1.4.2-latest": "6.0.1.355",
    "1.4.3-latest": "6.2.1.358",
    "1.4.4-latest": "6.3.0.378",
    "1.4.5-latest": "6.4.2.448",
    "1.4.6-latest": "6.5.0.489",
    "1.4.7-latest": "6.6.2.534",
    "1.5-latest": "7.7.0.598",
    "1.5.1-latest": "7.7.2.682",
    "1.5.2-latest": "7.8.1.738",
    "1.5.2-recommended": "7.8.1.738",
    "1.6.1-latest": "8.9.0.775",
    "1.6.2-latest": "9.10.1.871",
    "1.6.2-recommended": "9.10.1.871",
    "1.6.3-latest": "9.11.0.878",
    "1.6.4-latest": "9.11.1.1345",
    "1.6.4-recommended": "9.11.1.1345",
    "1.7.2-latest": "10.12.2.1161",
    "1.7.2-recommended": "10.12.2.1161",
    "1.7.10_pre4-latest": "10.12.2.1149",
    "1.7.10-latest": "10.13.4.1614",
    "1.7.10-recommended": "10.13.4.1614",
    "1.8-latest": "11.14.4.1577",
    "1.8-recommended": "11.14.4.1563",
    "1.8.8-latest": "11.15.0.1655",
    "1.8.9-latest": "11.15.1.2318",
    "1.8.9-recommended": "11.15.1.2318",
    "1.9-latest": "12.16.1.1938",
    "1.9-recommended": "12.16.1.1887",
    "1.9.4-latest": "12.17.0.2317",
    "1.9.4-recommended": "12.17.0.2317",
    "1.10-latest": "12.18.0.2000",
    "1.10.2-latest": "12.18.3.2511",
    "1.10.2-recommended": "12.18.3.2511",
    "1.11-latest": "13.19.1.2199",
    "1.11-recommended": "13.19.1.2189",
    "1.11.2-latest": "13.20.1.2588",
    "1.11.2-recommended": "13.20.1.2588",
    "1.12-latest": "14.21.1.2443",
    "1.12-recommended": "14.21.1.2387",
    "1.12.1-latest": "14.22.1.2485",
    "1.12.1-recommended": "14.22.1.2478",
    "1.12.2-latest": "14.23.5.2860",
    "1.12.2-recommended": "14.23.5.2859",
    "1.13.2-latest": "25.0.223",
    "1.14.2-latest": "26.0.63",
    "1.14.3-latest": "27.0.60",
    "1.14.4-latest": "28.2.26",
    "1.14.4-recommended": "28.2.26",
    "1.15-latest": "29.0.4",
    "1.15.1-latest": "30.0.51",
    "1.15.2-latest": "31.2.57",
    "1.15.2-recommended": "31.2.57",
    "1.16.1-latest": "32.0.108",
    "1.16.2-latest": "33.0.61",
    "1.16.3-latest": "34.1.42",
    "1.16.3-recommended": "34.1.0",
    "1.16.4-latest": "35.1.37",
    "1.16.4-recommended": "35.1.4",
    "1.16.5-latest": "36.2.42",
    "1.16.5-recommended": "36.2.34",
    "1.17.1-latest": "37.1.1",
    "1.17.1-recommended": "37.1.1",
    "1.18-latest": "38.0.17",
    "1.18.1-latest": "39.1.2",
    "1.18.1-recommended": "39.1.0",
    "1.18.2-recommended": "40.3.0",
    "1.18.2-latest": "40.3.9",
    "1.19-latest": "41.1.0",
    "1.19-recommended": "41.1.0",
    "1.19.1-latest": "42.0.9",
    "1.19.2-recommended": "43.5.0",
    "1.19.2-latest": "43.5.0",
    "1.19.3-latest": "44.1.23",
    "1.19.3-recommended": "44.1.0",
    "1.19.4-recommended": "45.4.0",
    "1.19.4-latest": "45.4.0",
    "1.20-latest": "46.0.14",
    "1.20.1-recommended": "47.4.0",
    "1.20.1-latest": "47.4.0",
    "1.20.2-latest": "48.1.0",
    "1.20.2-recommended": "48.1.0",
    "1.20.3-latest": "49.0.2",
    "1.20.4-latest": "49.2.0",
    "1.20.4-recommended": "49.2.0",
    "1.20.6-latest": "50.2.0",
    "1.20.6-recommended": "50.2.0",
    "1.21-latest": "51.0.33",
    "1.21.1-latest": "52.1.0",
    "1.21.1-recommended": "52.1.0",
    "1.21.3-latest": "53.1.0",
    "1.21.3-recommended": "53.1.0",
    "1.21.4-latest": "54.1.3",
    "1.21.4-recommended": "54.1.0",
    "1.21.5-latest": "55.0.3"
  }
}
[31Mar2025 02:08:45.779] [Forge Version Check/INFO] [net.minecraftforge.fml.VersionChecker/]: [forge] Found status: OUTDATED Current: 47.3.7 Target: 47.4.0
[31Mar2025 02:08:45.779] [Forge Version Check/INFO] [net.minecraftforge.fml.VersionChecker/]: [twilightforest] Starting version check at https://gh.tamaized.com/TeamTwilight/twilightforest/update.json
[31Mar2025 02:08:45.886] [Forge Version Check/DEBUG] [net.minecraftforge.fml.VersionChecker/]: [twilightforest] Received version check data:
{
  "homepage": "https://minecraft.curseforge.com/projects/the-twilight-forest",
  "promos": {
	"1.20.2-latest": "4.4.1977",
	"1.20.2-recommended": "4.4.1977",
	"1.20.1-latest": "4.3.1893",
	"1.20.1-recommended": "4.3.1893",
	"1.19.4-latest": "4.2.1696",
	"1.19.4-recommended": "4.2.1696",
	"1.18.2-latest": "4.1.1494",
	"1.18.2-recommended": "4.1.1494",
	"1.17.1-latest": "4.0.943",
	"1.17.1-recommended": "4.0.943",
	"1.16.5-latest": "4.0.870",
	"1.16.5-recommended": "4.0.870",
	"1.12.2-latest": "3.11.1021",
	"1.12.2-recommended": "3.11.1021",
	"1.7.10-latest": "2.4.3",
	"1.7.10-recommended": "2.4.3"
  }
}
[31Mar2025 02:08:45.886] [Forge Version Check/INFO] [net.minecraftforge.fml.VersionChecker/]: [twilightforest] Found status: AHEAD Current: 4.3.2508 Target: null
[31Mar2025 02:08:45.886] [Forge Version Check/INFO] [net.minecraftforge.fml.VersionChecker/]: [gravestone] Starting version check at https://update.maxhenkel.de/forge/gravestone
[31Mar2025 02:08:46.323] [Forge Version Check/DEBUG] [net.minecraftforge.fml.VersionChecker/]: [gravestone] Received version check data:
{"1.9.4":{"1.3.6":"Bugfixes"},"1.8.8":{"1.1.7":"Bugfixes"},"1.20":{"1.20-1.0.3":"Updated to 1.20"},"1.8.9":{"1.1.7":"Bugfixes"},"1.18":{"1.18-1.0.3":"Fixed loader version requirement"},"1.19":{"1.19-1.0.3":"Fixed crash when opening the obituary"},"promos":{"1.14.4-recommended":"1.15.3","1.14.3-recommended":"1.14.3","1.20-recommended":"1.20-1.0.3","1.19.3-recommended":"1.19.3-1.0.3","1.19.1-recommended":"1.19.1-1.0.0","1.8.8-latest":"1.1.7","1.8.9-latest":"1.1.7","1.19.4-recommended":"1.19.4-1.0.3","1.19.2-recommended":"1.19.2-1.0.10","1.10.2-latest":"1.5.13","1.14.2-recommended":"1.13.3","1.14.3-latest":"1.14.3","1.20-latest":"1.20-1.0.3","1.11-latest":"1.6.6","1.10.2-recommended":"1.5.13","1.20.1-latest":"1.20.1-1.0.23","1.16.4-latest":"1.16.4-1.0.9","1.11.2-recommended":"1.7.4.1","1.19.3-latest":"1.19.3-1.0.3","1.8-latest":"1.0.5","1.16.2-latest":"1.16.2-1.0.6","1.7.10-latest":"0.7.10.3","1.15.2-recommended":"1.17.6","1.8-recommended":"1.0.5","1.19.1-latest":"1.19.1-1.0.0","1.15.1-recommended":"1.16.2","1.9-recommended":"1.2.10","1.11.2-latest":"1.7.4.1","1.18.1-latest":"1.18.1-1.0.2","1.15.1-latest":"1.16.2","1.18.2-latest":"1.18.2-1.0.2","1.11-recommended":"1.6.6","1.10-recommended":"1.4.9","1.12.2-latest":"1.10.2","1.12.1-latest":"1.9.0","1.12.2-recommended":"1.10.2","1.7.10-recommended":"0.7.10.3","1.19-latest":"1.19-1.0.3","1.17.1-recommended":"1.17.1-1.0.4","1.16.1-recommended":"1.16.1-1.0.6","1.16.2-recommended":"1.16.2-1.0.6","1.18-latest":"1.18-1.0.3","1.16.5-recommended":"1.16.5-1.0.6","1.16.4-recommended":"1.16.4-1.0.9","1.12.1-recommended":"1.9.0","1.20.1-recommended":"1.20.1-1.0.10","1.16.3-recommended":"1.16.3-1.0.2","1.15.2-latest":"1.17.6","1.20.2-recommended":"1.20.2-1.0.10","1.12-recommended":"1.8.4","1.10-latest":"1.4.9","1.14.4-latest":"1.15.3","1.13.2-recommended":"1.12.7","1.9.4-recommended":"1.3.6","1.12-latest":"1.8.4","1.18.2-recommended":"1.18.2-1.0.2","1.17.1-latest":"1.17.1-1.0.4","1.13.2-latest":"1.12.7","1.18.1-recommended":"1.18.1-1.0.2","1.16.3-latest":"1.16.3-2.0.4","1.20.2-latest":"1.20.2-1.0.10","1.19.2-latest":"1.19.2-1.0.23","1.19.4-latest":"1.19.4-1.0.3","1.16.5-latest":"1.16.5-1.0.7","1.19-recommended":"1.19-1.0.3","1.16.1-latest":"1.16.1-1.0.6","1.9-latest":"1.2.10","1.18-recommended":"1.18-1.0.3","1.14.2-latest":"1.13.3","1.8.8-recommended":"1.1.7","1.8.9-recommended":"1.1.7","1.9.4-latest":"1.3.6"},"1.20.2":{"1.20.2-1.0.10":"Improved mod icon\nUpdated corelib"},"1.20.1":{"1.20.1-1.0.23":"Updated Traditional Chinese translation","1.20.1-1.0.10":"Improved mod icon\nUpdated corelib"},"1.12":{"1.8.4":"Added recipe for recipe book"},"1.10":{"1.4.9":"Bugfixes"},"1.11":{"1.6.6":"Bugfixes"},"1.7.10":{"0.7.10.3":"Bugfixes"},"1.16.4":{"1.16.4-1.0.9":"Update chinese translation"},"1.18.2":{"1.18.2-1.0.2":"Fixed ukrainian locale code"},"1.19.1":{"1.19.1-1.0.0":"Updated to 1.19.1"},"1.16.5":{"1.16.5-1.0.7":"Fixed freeze with epic fight mod","1.16.5-1.0.6":"Fixed grave names"},"1.19.2":{"1.19.2-1.0.10":"Improved mod icon\nUpdated corelib","1.19.2-1.0.23":"Updated Traditional Chinese translation"},"1.19.3":{"1.19.3-1.0.3":"Fixed creative tabs because Forge broke everything again"},"1.19.4":{"1.19.4-1.0.3":"Updated to 1.19.4"},"1.14.2":{"1.13.3":"Improved en_us language and added pl_pl language"},"1.15.1":{"1.16.2":"Fixed crash with forge 30.0.17+"},"1.14.3":{"1.14.3":"Improved en_us language and added pl_pl language"},"1.16.1":{"1.16.1-1.0.6":"Fixed gravestone items can be picked up with a hopper"},"1.15.2":{"1.17.6":"Updated polish translation"},"1.14.4":{"1.15.3":"Fixed config reset issue"},"1.16.2":{"1.16.2-1.0.6":"Fixed nether dimension name\nUpdated russian translation\nFixed remove death note option"},"1.17.1":{"1.17.1-1.0.4":"Fixed crash with epic fight mod"},"1.8":{"1.0.5":"Bugfixes"},"1.16.3":{"1.16.3-1.0.2":"Updated mods.toml","1.16.3-2.0.4":"Fixed grave disappearing when having sneaking on toggle"},"1.18.1":{"1.18.1-1.0.2":"Added Brazilian Portuguese language"},"1.9":{"1.2.10":"Bugfixes"},"1.10.2":{"1.5.13":"Bugfixes"},"1.11.2":{"1.7.4.1":"Improved version checking"},"1.12.1":{"1.9.0":"Updated to 1.12.1"},"1.12.2":{"1.10.2":"Updated Forge version"},"1.13.2":{"1.12.7":"Improved en_us language and added pl_pl language"},"homepage":"https://www.curseforge.com/minecraft/mc-mods/gravestone-mod"}
[31Mar2025 02:08:46.323] [Forge Version Check/INFO] [net.minecraftforge.fml.VersionChecker/]: [gravestone] Found status: AHEAD Current: 1.20.1-1.0.24 Target: null
[31Mar2025 02:08:46.324] [Forge Version Check/INFO] [net.minecraftforge.fml.VersionChecker/]: [mr_dungeons_andtaverns] Starting version check at https://api.modrinth.com/updates/tpehi7ww/forge_updates.json
[31Mar2025 02:08:46.522] [Forge Version Check/DEBUG] [net.minecraftforge.fml.VersionChecker/]: [mr_dungeons_andtaverns] Received version check data:
{"homepage":"https://modrinth.com/mod/tpehi7ww","promos":{"1.20-latest":"3.0.3.f+mod","1.19.3-recommended":"2.0.2+mod","1.20-recommended":"3.0.3.f+mod","1.19-recommended":"2.0.2+mod","1.21.2-recommended":"v4.5+mod","1.19.3-latest":"2.0.2+mod","1.21.3-latest":"v4.5+mod","1.21.4-recommended":"v4.6.3+mod","1.20.4-recommended":"3.1.1+mod","1.19.4-recommended":"2.0.2+mod","1.20.1-recommended":"3.0.3.f+mod","1.21.1-recommended":"v4.4.4+mod","1.21-recommended":"v4.4.4+mod","1.20.3-recommended":"3.1.1+mod","1.19.2-latest":"2.0.2+mod","1.19.4-latest":"2.0.2+mod","1.19.1-recommended":"2.0.2+mod","1.20.5-latest":"3.2+mod","1.19-latest":"2.0.2+mod","1.21.4-latest":"v4.6.3+mod","1.21.2-latest":"v4.5+mod","1.20.6-latest":"3.2+mod","1.20.4-latest":"3.1.1+mod","1.19.2-recommended":"2.0.2+mod","1.19.1-latest":"2.0.2+mod","1.20.5-recommended":"3.2+mod","1.20.1-latest":"3.0.3.f+mod","1.20.3-latest":"3.1.1+mod","1.21-latest":"v4.4.4+mod","1.21.1-latest":"v4.4.4+mod","1.20.2-recommended":"3.0.3.f+mod","1.21.5-recommended":"v4.7+mod","1.20.2-latest":"3.0.3.f+mod","1.20.6-recommended":"3.2+mod","1.21.3-recommended":"v4.5+mod","1.21.5-latest":"v4.7+mod"}}
[31Mar2025 02:08:46.523] [Forge Version Check/INFO] [net.minecraftforge.fml.VersionChecker/]: [mr_dungeons_andtaverns] Found status: OUTDATED Current: 3.0.3.f Target: 3.0.3.f+mod
[31Mar2025 02:08:46.523] [Forge Version Check/INFO] [net.minecraftforge.fml.VersionChecker/]: [inventoryhud] Starting version check at https://raw.githubusercontent.com/DmitryLovin/pluginUpdate/master/invupdate.json
[31Mar2025 02:08:46.541] [Forge Version Check/DEBUG] [net.minecraftforge.fml.VersionChecker/]: [inventoryhud] Received version check data:
{
  "homepage": "https://www.curseforge.com/minecraft/mc-mods/inventory-hud-forge",
  "1.21.1": {
    "3.4.26": "1.21.1 release"
  },
  "1.21": {
    "3.4.21": "1.21 release",
    "3.4.22": "added Turkish language\nadded Portuguese language\nsome render fixes",
    "3.4.23": "added Hungarian language\nadded Ukrainian language\nsmall config GUI fix",
    "3.4.24": "fixed button width bug\nadded Czech language\nadded Korean language",
    "3.4.26": "added Chinese Traditional (Taiwan) language"
  },
  "1.20.6": {
    "3.4.21": "1.20.6 release",
    "3.4.22": "added Turkish language\nadded Portuguese language\nsome render fixes",
    "3.4.23": "added Hungarian language\nadded Ukrainian language\nsmall config GUI fix",
    "3.4.24": "fixed button width bug\nadded Czech language\nadded Korean language",
    "3.4.26": "added Chinese Traditional (Taiwan) language"
  },
  "1.20.4": {
    "3.4.19": "1.20.3 release",
    "3.4.20": "fixed issue #130 By sporefreak when mod keybinds trigger everywhere",
    "3.4.22": "added Turkish language\nadded Portuguese language\nsome render fixes",
    "3.4.23": "added Hungarian language\nadded Ukrainian language\nsmall config GUI fix",
    "3.4.24": "fixed button width bug\nadded Czech language\nadded Korean language",
    "3.4.26": "added Chinese Traditional (Taiwan) language"
  },
  "1.20.3": {
    "3.4.19": "1.20.3 release"
  },
  "1.20.2": {
    "3.4.19": "1.20.2 release"
  },
  "1.20.1": {
    "3.4.13": "1.20 release",
    "3.4.14": "new option to hide HUDs with debug gui opened\nnew option to hide arrows count when now weapon in your hands\nnew option to show effect levels higher than 9",
    "3.4.15": "Italian translation",
    "3.4.17": "French and Japanese translations",
    "3.4.18": "German translation",
    "3.4.22": "added Turkish language\nadded Portuguese language\nsome render fixes",
    "3.4.23": "added Hungarian language\nadded Ukrainian language\nsmall config GUI fix",
    "3.4.24": "fixed button width bug\nadded Czech language\nadded Korean language",
    "3.4.26": "added Chinese Traditional (Taiwan) language"
  },
  "1.20": {
    "3.4.13": "1.20 release",
    "3.4.14": "new option to hide HUDs with debug gui opened\nnew option to hide arrows count when now weapon in your hands\nnew option to show effect levels higher than 9",
    "3.4.15": "Italian translation",
    "3.4.17": "French and Japanese translations",
    "3.4.18": "German translation",
    "3.4.22": "added Turkish language\nadded Portuguese language\nsome render fixes",
    "3.4.23": "added Hungarian language\nadded Ukrainian language\nsmall config GUI fix",
    "3.4.24": "fixed button width bug\nadded Czech language\nadded Korean language",
    "3.4.26": "added Chinese Traditional (Taiwan) language"
  },
  "1.19.4": {
    "3.4.8": "new 'keep notify' setting, you can toggle it off to be notified only once per version\nnew 'show hidden effects' setting, you can hide icons for hidden effect, like in vanilla version\nnew effects blacklist system, potion hud will ignore effects from this list",
    "3.4.9": "critical error hot fix",
    "3.4.10": "curios/trinkets fixes",
    "3.4.11": "Numeric text field fix",
    "3.4.12": "some fixes and new ammo calculation",
    "3.4.14": "new option to hide HUDs with debug gui opened\nnew option to hide arrows count when now weapon in your hands\nnew option to show effect levels higher than 9",
    "3.4.15": "Italian translation",
    "3.4.17": "French and Japanese translations",
    "3.4.18": "German translation",
    "3.4.22": "added Turkish language\nadded Portuguese language\nsome render fixes",
    "3.4.23": "added Hungarian language\nadded Ukrainian language\nsmall config GUI fix",
    "3.4.24": "fixed button width bug\nadded Czech language\nadded Korean language",
    "3.4.26": "added Chinese Traditional (Taiwan) language"
  },
  "1.19.3": {
    "3.4.6": "new forge registris",
    "3.4.7": "cross version for 1.19.2 and 1.19.3"
  },
  "1.19.2": {
    "3.4.6": "new forge registris",
    "3.4.7": "cross version for 1.19.2 and 1.19.3",
    "3.4.23": "added Hungarian language\nadded Ukrainian language\nsmall config GUI fix",
    "3.4.24": "fixed button width bug\nadded Czech language\nadded Korean language",
    "3.4.26": "added Chinese Traditional (Taiwan) language"
  },
  "1.19.1": {
    "3.4.6": "new forge registris"
  },
  "1.19": {
    "3.4.2": "fabric 1.19",
    "3.4.4": "1.19",
    "3.4.5": "curios support",
    "3.4.6": "new forge registris"
  },
  "1.18.2": {
    "3.4.2": "1.18.1",
    "3.4.3": "1.18.1",
    "3.4.4": "(forge) fixed server init",
    "3.4.8": "new 'keep notify' setting, you can toggle it off to be notified only once per version\nnew 'show hidden effects' setting, you can hide icons for hidden effect, like in vanilla version\nnew effects blacklist system, potion hud will ignore effects from this list",
    "3.4.9": "critical error hot fix",
    "3.4.10": "curios/trinkets fixes",
    "3.4.12": "some fixes and new ammo calculation",
    "3.4.14": "new option to hide HUDs with debug gui opened\nnew option to hide arrows count when now weapon in your hands\nnew option to show effect levels higher than 9",
    "3.4.15": "Italian translation",
    "3.4.16": "fixed save function for numeric text field. related to issue #118 By  guyguy18123",
    "3.4.17": "French and Japanese translations",
    "3.4.18": "German translation",
    "3.4.22": "added Turkish language\nadded Portuguese language\nsome render fixes",
    "3.4.23": "added Hungarian language\nadded Ukrainian language\nsmall config GUI fix",
    "3.4.24": "fixed button width bug\nadded Czech language\nadded Korean language",
    "3.4.26": "added Chinese Traditional (Taiwan) language"
  },
  "1.18.1": {
    "3.4.2": "1.18.1",
    "3.4.3": "1.18.1",
    "3.4.4": "(forge) fixed server init"
  },
  "1.18": {
    "3.4.1": "1.18 release",
    "3.4.2": "curios fixes (forge only)\nfixed issue #58 By Baenjamin (fabric only)",
    "3.4.3": "fixed issue (#60 By  codingandtea) with curios implementation",
    "3.4.4": "(forge) fixed server init"
  },
  "1.17.1": {
    "3.3.2": "nothing here",
    "3.3.3": "forge",
    "3.3.4": "vanilla potion icons are now disabled when potion hud is enabled",
    "3.4.0": "added trinkets support\nadded chinese language\nadded spanish language\nadded notification system for future updates",
    "3.4.1": "added bar duration setting"
  },
  "1.17": {
    "3.3.1": "released for 1.17\nadded update notification system",
    "3.3.2": "fixed issue #38 By  gamingoninsulin",
    "3.3.3": "forge release",
    "3.3.4": "vanilla potion icons are now disabled when potion hud is enabled",
    "3.4.0": "added trinkets support\nadded chinese language\nadded spanish language\nadded notification system for future updates",
    "3.4.1": "added bar duration setting"
  },
  "1.16.1": {
    "3.0": "new mini mode for Potion HUD\nArmor HUD now shows count of arrows in full plus inv mode\nnew Ingame config menu, where you can change position of the HUDs and toggle them on/off",
    "3.0.1": " small compatibility fixes.",
    "3.1.0": "new vertical mode for InventoryHUD\nnew mini mode for InventoryHUD\nPotionHUD now has gap option\nfixed bug when potions was rendering above debug screen\npotion rendering system was reworked, now all potions from any mod should render",
    "3.1.1": "now one version for 1.16.1, 1.16.2 and 1.16.3\nnew colors for armor hud\nfixed issue #8 By just_some_user\nfixed issue #7 By just_some_user\nchanged default key binding for options, now 'O'\nkey binding for options is now open full config screen instead of changing position",
    "3.1.2": "added new option in armor hud config (durability bars)",
    "3.1.3": "fixed issue with loading config\nfixed some texts issues",
    "3.1.4": "fixed issue with potion level icon",
    "3.2.1": "fixed issue #24 By  cartenavigom",
    "3.2.2": "fixed issue #27 By Gberqz"
  },
  "1.16.2": {
    "3.1.0": "new vertical mode for InventoryHUD\nnew mini mode for InventoryHUD\nPotionHUD now has gap option\nfixed bug when potions was rendering above debug screen\npotion rendering system was reworked, now all potions from any mod should render",
    "3.1.1": "now one version for 1.16.1, 1.16.2 and 1.16.3\nnew colors for armor hud\nfixed issue #8 By just_some_user\nfixed issue #7 By just_some_user\nchanged default key binding for options, now 'O'\nkey binding for options is now open full config screen instead of changing position",
    "3.1.2": "added new option in armor hud config (durability bars)",
    "3.1.3": "fixed issue with loading config\nfixed some texts issues",
    "3.1.4": "fixed issue with potion level icon",
    "3.2.0": "new Inventory HUD background (with configurable alpha)\nDisebleable ArmorHUD numbers\nevery item in ArmorHUD now moveble\nnew config screen\nfixed issue when quiver and inventory icons rendered wrong with left-handed players.\nfixed issue when lang files didn't work.",
    "3.2.1": "fixed issue #24 By  cartenavigom",
    "3.2.2": "fixed issue #27 By Gberqz",
    "3.3.0": "added animation for recently picked up items\nadded possibility to hide InventoryHUD background if inventory is empty\nchanged size of InventoryHUD background\nadded new option for ArmorHUD show overall item count for main/off hand\nArmorHUD is now scalable\nadded new horizontal mode for PotionHUD\nadded keybind for toggle on/off Potion and Armor HUDs",
    "3.4.0": "added trinkets support\nadded chinese language\nadded spanish language\nadded notification system for future updates",
    "3.4.1": "added bar duration setting"
  },
  "1.16.3": {
    "3.1.0": "new vertical mode for InventoryHUD\nnew mini mode for InventoryHUD\nPotionHUD now has gap option\nfixed bug when potions was rendering above debug screen\npotion rendering system was reworked, now all potions from any mod should render",
    "3.1.1": "now one version for 1.16.1, 1.16.2 and 1.16.3\nnew colors for armor hud\nfixed issue #8 By just_some_user\nfixed issue #7 By just_some_user\nchanged default key binding for options, now 'O'\nkey binding for options is now open full config screen instead of changing position",
    "3.1.2": "added new option in armor hud config (durability bars)",
    "3.1.3": "fixed issue with loading config\nfixed some texts issues",
    "3.1.4": "fixed issue with potion level icon",
    "3.2.0": "new Inventory HUD background (with configurable alpha)\nDisebleable ArmorHUD numbers\nevery item in ArmorHUD now moveble\nnew config screen\nfixed issue when quiver and inventory icons rendered wrong with left-handed players.\nfixed issue when lang files didn't work.",
    "3.2.1": "fixed issue #24 By  cartenavigom",
    "3.2.2": "fixed issue #27 By Gberqz",
    "3.3.0": "added animation for recently picked up items\nadded possibility to hide InventoryHUD background if inventory is empty\nchanged size of InventoryHUD background\nadded new option for ArmorHUD show overall item count for main/off hand\nArmorHUD is now scalable\nadded new horizontal mode for PotionHUD\nadded keybind for toggle on/off Potion and Armor HUDs",
    "3.4.0": "added trinkets support\nadded chinese language\nadded spanish language\nadded notification system for future updates",
    "3.4.1": "added bar duration setting"
  },
  "1.16.4": {
    "3.1.3": "fixed issue with loading config\nfixed some texts issues",
    "3.1.4": "fixed issue with potion level icon",
    "3.2.0": "new Inventory HUD background (with configurable alpha)\nDisebleable ArmorHUD numbers\nevery item in ArmorHUD now moveble\nnew config screen\nfixed issue when quiver and inventory icons rendered wrong with left-handed players.\nfixed issue when lang files didn't work.",
    "3.2.1": "fixed issue #24 By  cartenavigom",
    "3.2.2": "fixed issue #27 By Gberqz",
    "3.3.0": "added animation for recently picked up items\nadded possibility to hide InventoryHUD background if inventory is empty\nchanged size of InventoryHUD background\nadded new option for ArmorHUD show overall item count for main/off hand\nArmorHUD is now scalable\nadded new horizontal mode for PotionHUD\nadded keybind for toggle on/off Potion and Armor HUDs",
    "3.4.0": "added trinkets support\nadded chinese language\nadded spanish language\nadded notification system for future updates",
    "3.4.1": "added bar duration setting"
  },
  "1.16.5": {
    "3.1.3": "fixed issue with loading config\nfixed some texts issues",
    "3.1.4": "fixed issue with potion level icon",
    "3.2.0": "new Inventory HUD background (with configurable alpha)\nDisebleable ArmorHUD numbers\nevery item in ArmorHUD now moveble\nnew config screen\nfixed issue when quiver and inventory icons rendered wrong with left-handed players.\nfixed issue when lang files didn't work.",
    "3.2.1": "fixed issue #24 By  cartenavigom",
    "3.2.2": "fixed issue #27 By Gberqz",
    "3.3.0": "added animation for recently picked up items\nadded possibility to hide InventoryHUD background if inventory is empty\nchanged size of InventoryHUD background\nadded new option for ArmorHUD show overall item count for main/off hand\nArmorHUD is now scalable\nadded new horizontal mode for PotionHUD\nadded keybind for toggle on/off Potion and Armor HUDs",
    "3.4.0": "added trinkets support\nadded chinese language\nadded spanish language\nadded notification system for future updates",
    "3.4.1": "added bar duration setting"
  },
  "1.15.2": {
    "1.3": "Some lang fixes",
    "2.0": "New features: armor damage hud & potions hud",
    "2.1": "Custom effects from most of mods now works correctly",
    "2.2": "Now you can change PotionHUD orientation from LEFT to RIGHT\nNow you can change ArmorStatusHUD orientation from MIDDLE to LEFT or RIGHT, also you can change position\nNew ConfigGUI",
    "2.2.1": "Armor orientation fixes and Potion Y pos fixes",
    "2.3": "Now u can hide armor if durability is above what u set in config..",
    "2.4": "new types of Orientation and you can change Orientation of any HUD",
    "2.5": "Now PotionHUD shows levels of the effects\nNow you can change alpha of PotionHUD background. Suggested by pyrezombie\nFixed Issue #3 by SelfyxT",
    "2.6": "ArmorStatus HUD now contains main and off hand items, and also counter of inventory empty slots, you can switch type and durability view via config",
    "2.6.1": "Fixed Issue #4 by sandalle",
    "3.0": "new mini mode for Potion HUD\nArmor HUD now shows count of arrows in full plus inv mode\nnew Ingame config menu, where you can change position of the HUDs and toggle them on/off",
    "3.0.1": " small compatibility fixes.",
    "3.1.0": "new vertical mode for InventoryHUD\nnew mini mode for InventoryHUD\nPotionHUD now has gap option\nfixed bug when potions was rendering above debug screen\npotion rendering system was reworked, now all potions from any mod should render",
    "3.1.1": "new colors for armor hud\nfixed issue #8 By just_some_user\nfixed issue #7 By just_some_user\nchanged default key binding for options, now 'O'\nkey binding for options is now open full config screen instead of changing position",
    "3.1.2": "added new option in armor hud config (durability bars)",
    "3.1.3": "fixed issue with loading config\nfixed some texts issues",
    "3.1.4": "fixed issue with potion level icon",
    "3.2.0": "new Inventory HUD background (with configurable alpha)\nDisebleable ArmorHUD numbers\nevery item in ArmorHUD now moveble\nnew config screen\nfixed issue when quiver and inventory icons rendered wrong with left-handed players\nfixed issue when lang files didn't work",
    "3.2.1": "fixed issue #24 By  cartenavigom",
    "3.3.0": "added animation for recently picked up items\nadded possibility to hide InventoryHUD background if inventory is empty\nchanged size of InventoryHUD background\nadded new option for ArmorHUD show overall item count for main/off hand\nArmorHUD is now scalable\nadded new horizontal mode for PotionHUD\nadded keybind for toggle on/off Potion and Armor HUDs",
    "3.4.0": "added trinkets support\nadded chinese language\nadded spanish language\nadded notification system for future updates",
    "3.4.1": "added bar duration setting"
  },
  "1.15.1": {
    "1.3": "Some lang fixes",
    "2.0": "New features: armor damage hud & potions hud",
    "2.1": "Custom effects from most of mods now works correctly",
    "2.2": "Now you can change PotionHUD orientation from LEFT to RIGHT\nNow you can change ArmorStatusHUD orientation from MIDDLE to LEFT or RIGHT, also you can change position\nNew ConfigGUI",
    "2.2.1": "Armor orientation fixes and Potion Y pos fixes",
    "2.3": "Now u can hide armor if durability is above what u set in config.",
    "2.4": "new types of Orientation and you can change Orientation of any HUD",
    "2.5": "Now PotionHUD shows levels of the effects\nNow you can change alpha of PotionHUD background. Suggested by pyrezombie\nFixed Issue #3 by SelfyxT",
    "2.6": "ArmorStatus HUD now contains main and off hand items, and also counter of inventory empty slots, you can switch type and durability view via config",
    "2.6.1": "Fixed Issue #4 by sandalle",
    "3.0": "new mini mode for Potion HUD\nArmor HUD now shows count of arrows in full plus inv mode\nnew Ingame config menu, where you can change position of the HUDs and toggle them on/off",
    "3.4.0": "added trinkets support\nadded chinese language\nadded spanish language\nadded notification system for future updates",
    "3.4.1": "added bar duration setting"
  },
  "1.14.4": {
    "1.4": "Some lang fixes",
    "2.0": "New features: armor damage hud & potions hud",
    "2.1": "Now has same features as 1.15 mod",
    "2.2": "Now PotionHUD shows levels of the effects\nNow you can change alpha of PotionHUD background. Suggested by pyrezombie\nFixed Issue #3 by SelfyxT",
    "2.3": "ArmorStatus HUD now contains main and off hand items, and also counter of inventory empty slots, you can switch type and durability view via config",
    "2.3.1": "Fixed Issue #4 by sandalle",
    "3.0": "new mini mode for Potion HUD\nArmor HUD now shows count of arrows in full plus inv mode\nnew Ingame config menu, where you can change position of the HUDs and toggle them on/off",
    "3.0.1": " small compatibility fixes.",
    "3.1.0": "new vertical mode for InventoryHUD\nnew mini mode for InventoryHUD\nPotionHUD now has gap option\nfixed bug when potions was rendering above debug screen\npotion rendering system was reworked, now all potions from any mod should render",
    "3.1.1": "new colors for armor hud\nfixed issue #8 By just_some_user\nfixed issue #7 By just_some_user\nchanged default key binding for options, now 'O'\nkey binding for options is now open full config screen instead of changing position",
    "3.2.1": "fixed issue #24 By  cartenavigom",
    "3.3.0": "added animation for recently picked up items\nadded possibility to hide InventoryHUD background if inventory is empty\nchanged size of InventoryHUD background\nadded new option for ArmorHUD show overall item count for main/off hand\nArmorHUD is now scalable\nadded new horizontal mode for PotionHUD\nadded keybind for toggle on/off Potion and Armor HUDs"
  },
  "1.12.2": {
    "1.0": "First release on 1.12.2",
    "1.1": "Potion icons fixes",
    "1.2": "Now PotionHUD shows levels of the effects\nNow you can change alpha of PotionHUD background. Suggested by pyrezombie\nPotionHUD support even more mods now\nFixed Issue #3 by SelfyxT",
    "1.2.1": "added more mods for PotionHUD",
    "1.3": "ArmorStatus HUD now contains main and off hand items, and also counter of inventory empty slots, you can switch type and durability view via config",
    "1.3.1": "Fixed Issue #4 by sandalle",
    "1.3.2": "Crash fixes!!!",
    "3.0.1": "new mini mode for Potion HUD\nArmor HUD now shows count of arrows in full plus inv mode\nnew Ingame config menu, where you can change position of the HUDs and toggle them on/off\nmod config screen now the same as in 1.14.4+ versions",
    "3.1.0": "new vertical mode for InventoryHUD\nnew mini mode for InventoryHUD\nPotionHUD now has gap option",
    "3.1.1": "fixed bug when bag and quiver had wrong color, thx Ackmard for report!",
    "3.1.2": "fixed issue when mod was spamming logs",
    "3.1.3": "Reworked potion icon rendering\nfixed issue #8 By just_some_user\nfixed issue #7 By just_some_user\nchanged default key binding for options, now 'O'\nkey binding for options is now open full config screen instead of changing position",
    "3.1.4": "new colors for armorhud",
    "3.1.5": "corail tombstones potion effects now has icons\nadded new option in armor hud config (durability bars)",
    "3.1.6": "fixed issue #11 By  just_some_user\nfixed issue #12 By  NoAim_Chomsky",
    "3.1.7": "added two more mods to potionhud integration",
    "3.1.9": "fixed issue with potion level icon",
    "3.2.0": "new Inventory HUD background (with configurable alpha)\nDisebleable ArmorHUD numbers\nevery item in ArmorHUD now moveble\nnew config screen\nfixed issue when quiver and inventory icons rendered wrong with left-handed players\nfixed issue when lang files didn't work",
    "3.2.1": "fixed issue #24 By  cartenavigom",
    "3.3.0": "added animation for recently picked up items\nadded possibility to hide InventoryHUD background if inventory is empty\nchanged size of InventoryHUD background\nadded new option for ArmorHUD show overall item count for main/off hand\nArmorHUD is now scalable\nadded new horizontal mode for PotionHUD\nadded keybind for toggle on/off Potion and Armor HUDs\nadded one more mod for PotionHUD integration",
    "3.3.1": "fixed issue #33 By  TCreopargh",
    "3.4.0": "added trinkets support\nadded chinese language\nadded spanish language\nadded notification system for future updates",
    "3.4.1": "added bar duration setting\nmore mods support potion hud",
    "3.4.4": "fixed version check\nadded more mods for potion hud"
  },
  "1.8.9": {
    "3.1.0": "RELEASE!",
    "3.1.1": "fixed issue with potion level icon",
    "3.2.0": "new Inventory HUD background (with configurable alpha)\nDisebleable ArmorHUD numbers\nevery item in ArmorHUD now moveble\nnew config screen\nfixed issue when quiver and inventory icons rendered wrong with left-handed players\nfixed issue when lang files didn't work",
    "3.2.1": "fixed issue #24 By  cartenavigom"
  },
  "promos": {
    "1.21.1-latest": "3.4.26",
    "1.21.1-recommended": "3.4.26",
    "1.21.1-fabric": "3.4.26",
    "1.21-latest": "3.4.26",
    "1.21-recommended": "3.4.26",
    "1.21-fabric": "3.4.26",
    "1.20.6-latest": "3.4.26",
    "1.20.6-recommended": "3.4.26",
    "1.20.6-fabric": "3.4.26",
    "1.20.4-latest": "3.4.26",
    "1.20.4-recommended": "3.4.26",
    "1.20.4-fabric": "3.4.26",
    "1.20.3-latest": "3.4.19",
    "1.20.3-recommended": "3.4.19",
    "1.20.3-fabric": "3.4.19",
    "1.20.2-latest": "3.4.19",
    "1.20.2-recommended": "3.4.19",
    "1.20.2-fabric": "3.4.19",
    "1.20.1-latest": "3.4.26",
    "1.20.1-recommended": "3.4.26",
    "1.20.1-fabric": "3.4.26",
    "1.20-latest": "3.4.26",
    "1.20-recommended": "3.4.26",
    "1.20-fabric": "3.4.26",
    "1.19.4-latest": "3.4.26",
    "1.19.4-recommended": "3.4.26",
    "1.19.4-fabric": "3.4.26",
    "1.19.3-latest": "3.4.7",
    "1.19.3-recommended": "3.4.7",
    "1.19.3-fabric": "3.4.7",
    "1.19.2-latest": "3.4.26",
    "1.19.2-recommended": "3.4.26",
    "1.19.2-fabric": "3.4.26",
    "1.19.1-latest": "3.4.6",
    "1.19.1-recommended": "3.4.6",
    "1.19.1-fabric": "3.4.2",
    "1.19-latest": "3.4.6",
    "1.19-recommended": "3.4.6",
    "1.19-fabric": "3.4.2",
    "1.18.2-latest": "3.4.26",
    "1.18.2-recommended": "3.4.26",
    "1.18.2-fabric": "3.4.26",
    "1.18.1-latest": "3.4.4",
    "1.18.1-recommended": "3.4.4",
    "1.18.1-fabric": "3.4.2",
    "1.18-latest": "3.4.4",
    "1.18-recommended": "3.4.4",
    "1.18-fabric": "3.4.2",
    "1.17.1-latest": "3.4.1",
    "1.17.1-recommended": "3.4.1",
    "1.17.1-fabric": "3.4.1",
    "1.17-latest": "3.4.1",
    "1.17-recommended": "3.4.1",
    "1.17-fabric": "3.4.1",
    "1.16.5-fabric": "3.4.1",
    "1.16.4-fabric": "3.4.1",
    "1.16.3-fabric": "3.4.1",
    "1.16.2-fabric": "3.4.1",
    "1.16.5-latest": "3.4.1",
    "1.16.5-recommended": "3.4.1",
    "1.16.4-latest": "3.4.1",
    "1.16.4-recommended": "3.4.1",
    "1.16.3-latest": "3.4.1",
    "1.16.3-recommended": "3.4.1",
    "1.16.2-latest": "3.4.1",
    "1.16.2-recommended": "3.4.1",
    "1.16.1-latest": "3.3.0",
    "1.16.1-recommended": "3.3.0",
    "1.15.2-fabric": "3.410",
    "1.15.1-fabric": "3.4.1",
    "1.15.2-latest": "3.4.1",
    "1.15.2-recommended": "3.4.1",
    "1.15.1-latest": "3.0",
    "1.15.1-recommended": "3.0",
    "1.14.4-latest": "3.3.0",
    "1.14.4-recommended": "3.3.0",
    "1.12.2-latest": "3.4.4",
    "1.12.2-recommended": "3.4.4",
    "1.8.9-latest": "3.2.1",
    "1.8.9-recommended": "3.2.1"
  }
}
[31Mar2025 02:08:46.542] [Forge Version Check/INFO] [net.minecraftforge.fml.VersionChecker/]: [inventoryhud] Found status: UP_TO_DATE Current: 3.4.26 Target: null
[31Mar2025 02:08:46.543] [Forge Version Check/INFO] [net.minecraftforge.fml.VersionChecker/]: [cumulus_menus] Starting version check at https://github.com/The-Aether-Team/Cumulus/raw/1.20.1-develop/update.json
[31Mar2025 02:08:46.563] [Forge Version Check/DEBUG] [net.minecraftforge.fml.VersionChecker/]: [cumulus_menus] Received version check data:
{
  "homepage": "https://modrinth.com/mod/cumulus",
  "promos": {
    "1.19.2-recommended": "1.19.2-1.0.0-forge",
    "1.19.4-recommended": "1.19.4-1.0.0-forge",
    "1.20.1-recommended": "1.20.1-1.0.1-neoforge",
    "1.20.2-recommended": "1.20.2-1.0.2-neoforge",
    "1.20.4-recommended": "1.20.4-1.0.2-neoforge"
  }
}
[31Mar2025 02:08:46.563] [Forge Version Check/INFO] [net.minecraftforge.fml.VersionChecker/]: [cumulus_menus] Found status: OUTDATED Current: 1.20.1-1.0.0-beta.1-neoforge Target: 1.20.1-1.0.1-neoforge
[31Mar2025 02:08:46.564] [Forge Version Check/INFO] [net.minecraftforge.fml.VersionChecker/]: [puzzleslib] Starting version check at https://raw.githubusercontent.com/Fuzss/modresources/main/update/puzzleslib.json
[31Mar2025 02:08:46.576] [Forge Version Check/DEBUG] [net.minecraftforge.fml.VersionChecker/]: [puzzleslib] Received version check data:
{
    "homepage": "https://www.curseforge.com/minecraft/mc-mods/puzzles-lib",
    "promos": {
        "1.16.2-latest": "1.0.15",
        "1.16.2-recommended": "1.0.15",
        "1.16.3-latest": "1.0.15",
        "1.16.3-recommended": "1.0.15",
        "1.16.4-latest": "1.0.15",
        "1.16.4-recommended": "1.0.15",
        "1.16.5-latest": "1.0.15",
        "1.16.5-recommended": "1.0.15",
        "1.17.1-latest": "2.0.2",
        "1.17.1-recommended": "2.0.2",
        "1.18-latest": "3.2.1",
        "1.18-recommended": "3.2.1",
        "1.18.1-latest": "3.2.1",
        "1.18.1-recommended": "3.2.1",
        "1.18.2-latest": "3.5.10",
        "1.18.2-recommended": "3.5.10",
        "1.19-latest": "4.0.18",
        "1.19-recommended": "4.0.18",
        "1.19.1-latest": "4.2.4",
        "1.19.1-recommended": "4.2.4",
        "1.19.2-latest": "4.4.3",
        "1.19.2-recommended": "4.4.3",
        "1.19.3-latest": "5.0.33",
        "1.19.3-recommended": "5.0.33",
        "1.19.4-latest": "6.0.11",
        "1.19.4-recommended": "6.0.11",
        "1.20-latest": "7.0.9",
        "1.20-recommended": "7.0.9",
        "1.20.1-latest": "8.1.29",
        "1.20.1-recommended": "8.1.29",
        "1.20.4-latest": "20.4.52",
        "1.20.4-recommended": "20.4.52",
        "1.21-latest": "21.0.28",
        "1.21-recommended": "21.0.28",
        "1.21.1-latest": "21.1.33",
        "1.21.1-recommended": "21.1.33",
        "1.21.3-latest": "21.3.21",
        "1.21.3-recommended": "21.3.21",
        "1.21.4-latest": "21.4.13",
        "1.21.4-recommended": "21.4.13"
    }
}
[31Mar2025 02:08:46.577] [Forge Version Check/INFO] [net.minecraftforge.fml.VersionChecker/]: [puzzleslib] Found status: UP_TO_DATE Current: 8.1.29 Target: null
[31Mar2025 02:08:52.659] [main/DEBUG] [net.minecraftforge.coremod.transformer.CoreModBaseTransformer/COREMOD]: Transforming <init> with desc (JZZLjava/util/Optional;)V
[31Mar2025 02:08:52.668] [main/DEBUG] [net.minecraftforge.coremod.transformer.CoreModBaseTransformer/COREMOD]: Transforming m_226857_ with desc (Lnet/minecraft/world/level/levelgen/structure/pieces/StructurePieceSerializationContext;Lnet/minecraft/nbt/CompoundTag;J)Lnet/minecraft/world/level/levelgen/structure/StructureStart;
[31Mar2025 02:08:52.695] [main/INFO] [com.mojang.authlib.yggdrasil.YggdrasilAuthenticationService/]: Environment: authHost='https://authserver.mojang.com', accountsHost='https://api.mojang.com', sessionHost='https://sessionserver.mojang.com', servicesHost='https://api.minecraftservices.com', name='PROD'
[31Mar2025 02:08:52.735] [main/DEBUG] [mixin/]: Mixing common.DirectoryLockMixin from aether.mixins.json into net.minecraft.util.DirectoryLock
[31Mar2025 02:08:57.811] [main/WARN] [net.minecraft.server.packs.VanillaPackResourcesBuilder/]: Assets URL 'union:/workspaces/Minecraft_Server/servidor_minecraft/libraries/net/minecraft/server/1.20.1-20230612.114412/server-1.20.1-20230612.114412-srg.jar%23189!/assets/.mcassetsroot' uses unexpected schema
[31Mar2025 02:08:57.812] [main/WARN] [net.minecraft.server.packs.VanillaPackResourcesBuilder/]: Assets URL 'union:/workspaces/Minecraft_Server/servidor_minecraft/libraries/net/minecraft/server/1.20.1-20230612.114412/server-1.20.1-20230612.114412-srg.jar%23189!/data/.mcassetsroot' uses unexpected schema
[31Mar2025 02:08:57.841] [main/DEBUG] [mixin/]: Mixing PFMSaveLoaderMixin from pfm.mixins.json into net.minecraft.server.WorldLoader$PackConfig
[31Mar2025 02:08:57.841] [main/DEBUG] [mixin/]: pfm.mixins.json:PFMSaveLoaderMixin: Class version 60 required is higher than the class version supported by the current version of Mixin (JAVA_8 supports class version 52)
[31Mar2025 02:08:57.841] [main/DEBUG] [mixin/]: Renaming synthetic method lambda$createReload$0(Lnet/minecraft/server/packs/PackResources;)Z to md3e34bd$lambda$createReload$0$0 in pfm.mixins.json:PFMSaveLoaderMixin
[31Mar2025 02:08:57.908] [main/DEBUG] [net.minecraftforge.server.ServerLifecycleHooks/CORE]: Generating PackInfo named mod:cyclopscore for mod file /workspaces/Minecraft_Server/servidor_minecraft/mods/CyclopsCore-1.20.1-1.19.9.jar
[31Mar2025 02:08:57.908] [main/DEBUG] [net.minecraftforge.server.ServerLifecycleHooks/CORE]: Generating PackInfo named mod:animation_overhaul for mod file /workspaces/Minecraft_Server/servidor_minecraft/mods/Animation_Overhaul-forge-1.20.x-1.3.1.jar
[31Mar2025 02:08:57.909] [main/DEBUG] [net.minecraftforge.server.ServerLifecycleHooks/CORE]: Generating PackInfo named mod:mutantmonsters for mod file /workspaces/Minecraft_Server/servidor_minecraft/mods/MutantMonsters-v8.0.7-1.20.1-Forge.jar
[31Mar2025 02:08:57.909] [main/DEBUG] [net.minecraftforge.server.ServerLifecycleHooks/CORE]: Generating PackInfo named mod:geckolib for mod file /workspaces/Minecraft_Server/servidor_minecraft/mods/geckolib-forge-1.20.1-4.7.1.2.jar
[31Mar2025 02:08:57.909] [main/DEBUG] [net.minecraftforge.server.ServerLifecycleHooks/CORE]: Generating PackInfo named mod:scena for mod file 
[31Mar2025 02:08:57.909] [main/DEBUG] [net.minecraftforge.server.ServerLifecycleHooks/CORE]: Generating PackInfo named mod:mss for mod file /workspaces/Minecraft_Server/servidor_minecraft/mods/mss-1.2.7-1.20.jar
[31Mar2025 02:08:57.909] [main/DEBUG] [net.minecraftforge.server.ServerLifecycleHooks/CORE]: Generating PackInfo named mod:botarium for mod file /workspaces/Minecraft_Server/servidor_minecraft/mods/botarium-forge-1.20.1-2.3.4.jar
[31Mar2025 02:08:57.910] [main/DEBUG] [net.minecraftforge.server.ServerLifecycleHooks/CORE]: Generating PackInfo named mod:playeranimator for mod file 
[31Mar2025 02:08:57.910] [main/DEBUG] [net.minecraftforge.server.ServerLifecycleHooks/CORE]: Generating PackInfo named mod:aether for mod file /workspaces/Minecraft_Server/servidor_minecraft/mods/aether-1.20.1-1.0.0-beta.1.4-neoforge.jar
[31Mar2025 02:08:57.910] [main/DEBUG] [net.minecraftforge.server.ServerLifecycleHooks/CORE]: Generating PackInfo named mod:jei for mod file /workspaces/Minecraft_Server/servidor_minecraft/mods/jei-1.20.1-forge-15.20.0.106.jar
[31Mar2025 02:08:57.910] [main/DEBUG] [net.minecraftforge.server.ServerLifecycleHooks/CORE]: Generating PackInfo named mod:incendium for mod file /workspaces/Minecraft_Server/servidor_minecraft/mods/Incendium_1.20.x_v5.3.5.jar
[31Mar2025 02:08:57.911] [main/DEBUG] [net.minecraftforge.server.ServerLifecycleHooks/CORE]: Generating PackInfo named mod:fabledweaponry for mod file /workspaces/Minecraft_Server/servidor_minecraft/mods/fabledweaponry-1.20.1-1.0.7.5.jar
[31Mar2025 02:08:57.911] [main/DEBUG] [net.minecraftforge.server.ServerLifecycleHooks/CORE]: Generating PackInfo named mod:journeymap for mod file /workspaces/Minecraft_Server/servidor_minecraft/mods/journeymap-1.20.1-5.10.3-forge.jar
[31Mar2025 02:08:57.911] [main/DEBUG] [net.minecraftforge.server.ServerLifecycleHooks/CORE]: Generating PackInfo named mod:citadel for mod file /workspaces/Minecraft_Server/servidor_minecraft/mods/citadel-2.6.1-1.20.1.jar
[31Mar2025 02:08:57.911] [main/DEBUG] [net.minecraftforge.server.ServerLifecycleHooks/CORE]: Generating PackInfo named mod:alexsmobs for mod file /workspaces/Minecraft_Server/servidor_minecraft/mods/alexsmobs-1.22.9.jar
[31Mar2025 02:08:57.911] [main/DEBUG] [net.minecraftforge.server.ServerLifecycleHooks/CORE]: Generating PackInfo named mod:travelersbackpack for mod file /workspaces/Minecraft_Server/servidor_minecraft/mods/travelersbackpack-forge-1.20.1-9.1.33.jar
[31Mar2025 02:08:57.912] [main/DEBUG] [net.minecraftforge.server.ServerLifecycleHooks/CORE]: Generating PackInfo named mod:artifacts for mod file /workspaces/Minecraft_Server/servidor_minecraft/mods/artifacts-forge-9.5.14.jar
[31Mar2025 02:08:57.912] [main/DEBUG] [net.minecraftforge.server.ServerLifecycleHooks/CORE]: Generating PackInfo named mod:evilcraft for mod file /workspaces/Minecraft_Server/servidor_minecraft/mods/EvilCraft-1.20.1-1.2.52.jar
[31Mar2025 02:08:57.912] [main/DEBUG] [net.minecraftforge.server.ServerLifecycleHooks/CORE]: Generating PackInfo named mod:mixinextras for mod file 
[31Mar2025 02:08:57.912] [main/DEBUG] [net.minecraftforge.server.ServerLifecycleHooks/CORE]: Generating PackInfo named mod:oreharvester for mod file /workspaces/Minecraft_Server/servidor_minecraft/mods/oreharvester-1.20.1-1.5.jar
[31Mar2025 02:08:57.912] [main/DEBUG] [net.minecraftforge.server.ServerLifecycleHooks/CORE]: Generating PackInfo named mod:terralith for mod file /workspaces/Minecraft_Server/servidor_minecraft/mods/Terralith_1.20.x_v2.5.4.jar
[31Mar2025 02:08:57.913] [main/DEBUG] [net.minecraftforge.server.ServerLifecycleHooks/CORE]: Generating PackInfo named mod:biggerstacks for mod file /workspaces/Minecraft_Server/servidor_minecraft/mods/biggerstacks-1.20.1-1.0.0-all.jar
[31Mar2025 02:08:57.913] [main/DEBUG] [net.minecraftforge.server.ServerLifecycleHooks/CORE]: Generating PackInfo named mod:mythicmounts for mod file /workspaces/Minecraft_Server/servidor_minecraft/mods/mythicmounts-20.1-7.4.2-forge.jar
[31Mar2025 02:08:57.913] [main/DEBUG] [net.minecraftforge.server.ServerLifecycleHooks/CORE]: Generating PackInfo named mod:puzzlesaccessapi for mod file 
[31Mar2025 02:08:57.913] [main/DEBUG] [net.minecraftforge.server.ServerLifecycleHooks/CORE]: Generating PackInfo named mod:cloth_config for mod file /workspaces/Minecraft_Server/servidor_minecraft/mods/cloth-config-11.1.136-forge.jar
[31Mar2025 02:08:57.914] [main/DEBUG] [net.minecraftforge.server.ServerLifecycleHooks/CORE]: Generating PackInfo named mod:forge for mod file /workspaces/Minecraft_Server/servidor_minecraft/libraries/net/minecraftforge/forge/1.20.1-47.3.7/forge-1.20.1-47.3.7-universal.jar
[31Mar2025 02:08:57.914] [main/DEBUG] [net.minecraftforge.server.ServerLifecycleHooks/CORE]: Generating PackInfo named mod:pfm for mod file /workspaces/Minecraft_Server/servidor_minecraft/mods/paladin-furniture-mod-1.3-forge-mc1.20.1.jar
[31Mar2025 02:08:57.914] [main/DEBUG] [net.minecraftforge.server.ServerLifecycleHooks/CORE]: Generating PackInfo named mod:twilightforest for mod file /workspaces/Minecraft_Server/servidor_minecraft/mods/twilightforest-1.20.1-4.3.2508-universal.jar
[31Mar2025 02:08:57.914] [main/DEBUG] [net.minecraftforge.server.ServerLifecycleHooks/CORE]: Generating PackInfo named mod:konkrete for mod file /workspaces/Minecraft_Server/servidor_minecraft/mods/konkrete_forge_1.8.0_MC_1.20-1.20.1.jar
[31Mar2025 02:08:57.914] [main/DEBUG] [net.minecraftforge.server.ServerLifecycleHooks/CORE]: Generating PackInfo named mod:emotecraft for mod file /workspaces/Minecraft_Server/servidor_minecraft/mods/emotecraft-for-MC1.20.1-2.2.7-b.build.50-forge.jar
[31Mar2025 02:08:57.914] [main/DEBUG] [net.minecraftforge.server.ServerLifecycleHooks/CORE]: Generating PackInfo named mod:useless_sword for mod file /workspaces/Minecraft_Server/servidor_minecraft/mods/useless-sword-furtos-edition-1.20.1-1.0.1.jar
[31Mar2025 02:08:57.915] [main/DEBUG] [net.minecraftforge.server.ServerLifecycleHooks/CORE]: Generating PackInfo named mod:necronomicon for mod file /workspaces/Minecraft_Server/servidor_minecraft/mods/Necronomicon-Forge-1.6.0+1.20.1.jar
[31Mar2025 02:08:57.915] [main/DEBUG] [net.minecraftforge.server.ServerLifecycleHooks/CORE]: Generating PackInfo named mod:jade for mod file /workspaces/Minecraft_Server/servidor_minecraft/mods/Jade-1.20.1-Forge-11.13.1.jar
[31Mar2025 02:08:57.915] [main/DEBUG] [net.minecraftforge.server.ServerLifecycleHooks/CORE]: Generating PackInfo named mod:ironfurnaces for mod file /workspaces/Minecraft_Server/servidor_minecraft/mods/ironfurnaces-1.20.1-4.1.6.jar
[31Mar2025 02:08:57.915] [main/DEBUG] [net.minecraftforge.server.ServerLifecycleHooks/CORE]: Generating PackInfo named mod:resourcefulconfig for mod file /workspaces/Minecraft_Server/servidor_minecraft/mods/resourcefulconfig-forge-1.20.1-2.1.3.jar
[31Mar2025 02:08:57.915] [main/DEBUG] [net.minecraftforge.server.ServerLifecycleHooks/CORE]: Generating PackInfo named mod:curios for mod file /workspaces/Minecraft_Server/servidor_minecraft/mods/curios-forge-5.12.1+1.20.1.jar
[31Mar2025 02:08:57.916] [main/DEBUG] [net.minecraftforge.server.ServerLifecycleHooks/CORE]: Generating PackInfo named mod:patchouli for mod file /workspaces/Minecraft_Server/servidor_minecraft/mods/Patchouli-1.20.1-84.1-FORGE.jar
[31Mar2025 02:08:57.916] [main/DEBUG] [net.minecraftforge.server.ServerLifecycleHooks/CORE]: Generating PackInfo named mod:gravestone for mod file /workspaces/Minecraft_Server/servidor_minecraft/mods/gravestone-forge-1.20.1-1.0.24.jar
[31Mar2025 02:08:57.916] [main/DEBUG] [net.minecraftforge.server.ServerLifecycleHooks/CORE]: Generating PackInfo named mod:collective for mod file /workspaces/Minecraft_Server/servidor_minecraft/mods/collective-1.20.1-7.94.jar
[31Mar2025 02:08:57.917] [main/DEBUG] [net.minecraftforge.server.ServerLifecycleHooks/CORE]: Generating PackInfo named mod:mr_dungeons_andtaverns for mod file /workspaces/Minecraft_Server/servidor_minecraft/mods/dungeons-and-taverns-3.0.3.f[Forge].jar
[31Mar2025 02:08:57.917] [main/DEBUG] [net.minecraftforge.server.ServerLifecycleHooks/CORE]: Generating PackInfo named mod:inventoryhud for mod file /workspaces/Minecraft_Server/servidor_minecraft/mods/inventoryhud.forge.1.20.1-3.4.26.jar
[31Mar2025 02:08:57.917] [main/DEBUG] [net.minecraftforge.server.ServerLifecycleHooks/CORE]: Generating PackInfo named mod:resourcefullib for mod file /workspaces/Minecraft_Server/servidor_minecraft/mods/resourcefullib-forge-1.20.1-2.1.29.jar
[31Mar2025 02:08:57.917] [main/DEBUG] [net.minecraftforge.server.ServerLifecycleHooks/CORE]: Generating PackInfo named mod:cumulus_menus for mod file 
[31Mar2025 02:08:57.917] [main/DEBUG] [net.minecraftforge.server.ServerLifecycleHooks/CORE]: Generating PackInfo named mod:architectury for mod file /workspaces/Minecraft_Server/servidor_minecraft/mods/architectury-9.2.14-forge.jar
[31Mar2025 02:08:57.918] [main/DEBUG] [net.minecraftforge.server.ServerLifecycleHooks/CORE]: Generating PackInfo named mod:mca for mod file /workspaces/Minecraft_Server/servidor_minecraft/mods/minecraft-comes-alive-7.5.14+1.20.1-universal.jar
[31Mar2025 02:08:57.918] [main/DEBUG] [net.minecraftforge.server.ServerLifecycleHooks/CORE]: Generating PackInfo named mod:puzzleslib for mod file /workspaces/Minecraft_Server/servidor_minecraft/mods/PuzzlesLib-v8.1.29-1.20.1-Forge.jar
[31Mar2025 02:08:57.918] [main/DEBUG] [net.minecraftforge.server.ServerLifecycleHooks/CORE]: Generating PackInfo named mod:justzoom for mod file /workspaces/Minecraft_Server/servidor_minecraft/mods/justzoom_forge_2.1.1_MC_1.20.1.jar
[31Mar2025 02:08:57.918] [main/DEBUG] [net.minecraftforge.server.ServerLifecycleHooks/CORE]: Generating PackInfo named mod:nitrogen_internals for mod file 
[31Mar2025 02:08:57.918] [main/DEBUG] [net.minecraftforge.server.ServerLifecycleHooks/CORE]: Generating PackInfo named mod:celestisynth for mod file /workspaces/Minecraft_Server/servidor_minecraft/mods/celestisynth-1.20.1-1.3.1.jar
[31Mar2025 02:08:57.919] [main/DEBUG] [net.minecraftforge.server.ServerLifecycleHooks/CORE]: Generating PackInfo named mod:expandability for mod file 
[31Mar2025 02:08:57.919] [main/DEBUG] [net.minecraftforge.server.ServerLifecycleHooks/CORE]: Generating PackInfo named mod:chiselsandbits for mod file /workspaces/Minecraft_Server/servidor_minecraft/mods/chisels-and-bits-forge-1.4.141.jar
[31Mar2025 02:08:57.919] [main/DEBUG] [net.minecraftforge.server.ServerLifecycleHooks/CORE]: Generating PackInfo named mod:ad_astra for mod file /workspaces/Minecraft_Server/servidor_minecraft/mods/ad_astra-forge-1.20.1-1.15.1.jar
[31Mar2025 02:08:57.931] [main/DEBUG] [PFM-DataGen/]: Packs:
[31Mar2025 02:08:57.931] [main/DEBUG] [PFM-DataGen/]: 	Pack vanilla
[31Mar2025 02:08:57.931] [main/DEBUG] [PFM-DataGen/]: 		Namespace minecraft
[31Mar2025 02:08:57.931] [main/DEBUG] [PFM-DataGen/]: 	Pack CyclopsCore-1.20.1-1.19.9.jar
[31Mar2025 02:08:57.931] [main/DEBUG] [PFM-DataGen/]: 		Namespace cyclopscore
[31Mar2025 02:08:57.931] [main/DEBUG] [PFM-DataGen/]: 	Pack Animation_Overhaul-forge-1.20.x-1.3.1.jar
[31Mar2025 02:08:57.931] [main/DEBUG] [PFM-DataGen/]: 		Namespace animation_overhaul
[31Mar2025 02:08:57.931] [main/DEBUG] [PFM-DataGen/]: 	Pack MutantMonsters-v8.0.7-1.20.1-Forge.jar
[31Mar2025 02:08:57.931] [main/DEBUG] [PFM-DataGen/]: 		Namespace minecraft
[31Mar2025 02:08:57.931] [main/DEBUG] [PFM-DataGen/]: 		Namespace forge
[31Mar2025 02:08:57.931] [main/DEBUG] [PFM-DataGen/]: 		Namespace mutantmonsters
[31Mar2025 02:08:57.931] [main/DEBUG] [PFM-DataGen/]: 	Pack geckolib-forge-1.20.1-4.7.1.2.jar
[31Mar2025 02:08:57.932] [main/DEBUG] [PFM-DataGen/]: 		Namespace geckolib
[31Mar2025 02:08:57.932] [main/DEBUG] [PFM-DataGen/]: 	Pack scena-forge-1.0.102.jar
[31Mar2025 02:08:57.932] [main/DEBUG] [PFM-DataGen/]: 		Namespace scena
[31Mar2025 02:08:57.932] [main/DEBUG] [PFM-DataGen/]: 	Pack mss-1.2.7-1.20.jar
[31Mar2025 02:08:57.932] [main/DEBUG] [PFM-DataGen/]: 		Namespace mss
[31Mar2025 02:08:57.932] [main/DEBUG] [PFM-DataGen/]: 	Pack botarium-forge-1.20.1-2.3.4.jar
[31Mar2025 02:08:57.932] [main/DEBUG] [PFM-DataGen/]: 	Pack playeranimator-1.0.2-rc1+1.20-forge.jar
[31Mar2025 02:08:57.932] [main/DEBUG] [PFM-DataGen/]: 	Pack aether-1.20.1-1.0.0-beta.1.4-neoforge.jar
[31Mar2025 02:08:57.932] [main/DEBUG] [PFM-DataGen/]: 		Namespace minecraft
[31Mar2025 02:08:57.932] [main/DEBUG] [PFM-DataGen/]: 		Namespace randomium
[31Mar2025 02:08:57.932] [main/DEBUG] [PFM-DataGen/]: 		Namespace forge
[31Mar2025 02:08:57.932] [main/DEBUG] [PFM-DataGen/]: 		Namespace curios
[31Mar2025 02:08:57.932] [main/DEBUG] [PFM-DataGen/]: 		Namespace supplementaries
[31Mar2025 02:08:57.932] [main/DEBUG] [PFM-DataGen/]: 		Namespace aether
[31Mar2025 02:08:57.932] [main/DEBUG] [PFM-DataGen/]: 	Pack jei-1.20.1-forge-15.20.0.106.jar
[31Mar2025 02:08:57.933] [main/DEBUG] [PFM-DataGen/]: 		Namespace jei
[31Mar2025 02:08:57.933] [main/DEBUG] [PFM-DataGen/]: 	Pack Incendium_1.20.x_v5.3.5.jar
[31Mar2025 02:08:57.933] [main/DEBUG] [PFM-DataGen/]: 		Namespace minecraft
[31Mar2025 02:08:57.933] [main/DEBUG] [PFM-DataGen/]: 		Namespace c
[31Mar2025 02:08:57.933] [main/DEBUG] [PFM-DataGen/]: 		Namespace load
[31Mar2025 02:08:57.933] [main/DEBUG] [PFM-DataGen/]: 		Namespace forge
[31Mar2025 02:08:57.933] [main/DEBUG] [PFM-DataGen/]: 		Namespace incendium
[31Mar2025 02:08:57.933] [main/DEBUG] [PFM-DataGen/]: 	Pack fabledweaponry-1.20.1-1.0.7.5.jar
[31Mar2025 02:08:57.933] [main/DEBUG] [PFM-DataGen/]: 		Namespace fabledweaponry
[31Mar2025 02:08:57.933] [main/DEBUG] [PFM-DataGen/]: 	Pack journeymap-1.20.1-5.10.3-forge.jar
[31Mar2025 02:08:57.933] [main/DEBUG] [PFM-DataGen/]: 		Namespace minecraft
[31Mar2025 02:08:57.933] [main/DEBUG] [PFM-DataGen/]: 		Namespace quark
[31Mar2025 02:08:57.933] [main/DEBUG] [PFM-DataGen/]: 		Namespace journeymap
[31Mar2025 02:08:57.933] [main/DEBUG] [PFM-DataGen/]: 	Pack citadel-2.6.1-1.20.1.jar
[31Mar2025 02:08:57.933] [main/DEBUG] [PFM-DataGen/]: 		Namespace citadel
[31Mar2025 02:08:57.934] [main/DEBUG] [PFM-DataGen/]: 	Pack alexsmobs-1.22.9.jar
[31Mar2025 02:08:57.934] [main/DEBUG] [PFM-DataGen/]: 		Namespace minecraft
[31Mar2025 02:08:57.934] [main/DEBUG] [PFM-DataGen/]: 		Namespace forge
[31Mar2025 02:08:57.934] [main/DEBUG] [PFM-DataGen/]: 		Namespace alexsmobs
[31Mar2025 02:08:57.934] [main/DEBUG] [PFM-DataGen/]: 		Namespace domesticationinnovation
[31Mar2025 02:08:57.934] [main/DEBUG] [PFM-DataGen/]: 	Pack travelersbackpack-forge-1.20.1-9.1.33.jar
[31Mar2025 02:08:57.934] [main/DEBUG] [PFM-DataGen/]: 		Namespace minecraft
[31Mar2025 02:08:57.934] [main/DEBUG] [PFM-DataGen/]: 		Namespace carryon
[31Mar2025 02:08:57.934] [main/DEBUG] [PFM-DataGen/]: 		Namespace forge
[31Mar2025 02:08:57.934] [main/DEBUG] [PFM-DataGen/]: 		Namespace curios
[31Mar2025 02:08:57.934] [main/DEBUG] [PFM-DataGen/]: 		Namespace travelersbackpack
[31Mar2025 02:08:57.934] [main/DEBUG] [PFM-DataGen/]: 	Pack artifacts-forge-9.5.14.jar
[31Mar2025 02:08:57.934] [main/DEBUG] [PFM-DataGen/]: 		Namespace minecraft
[31Mar2025 02:08:57.934] [main/DEBUG] [PFM-DataGen/]: 		Namespace industrialforegoing
[31Mar2025 02:08:57.934] [main/DEBUG] [PFM-DataGen/]: 		Namespace forge
[31Mar2025 02:08:57.934] [main/DEBUG] [PFM-DataGen/]: 		Namespace curios
[31Mar2025 02:08:57.934] [main/DEBUG] [PFM-DataGen/]: 		Namespace origins
[31Mar2025 02:08:57.934] [main/DEBUG] [PFM-DataGen/]: 		Namespace artifacts
[31Mar2025 02:08:57.934] [main/DEBUG] [PFM-DataGen/]: 	Pack EvilCraft-1.20.1-1.2.52.jar
[31Mar2025 02:08:57.935] [main/DEBUG] [PFM-DataGen/]: 		Namespace minecraft
[31Mar2025 02:08:57.935] [main/DEBUG] [PFM-DataGen/]: 		Namespace evilcraft
[31Mar2025 02:08:57.935] [main/DEBUG] [PFM-DataGen/]: 		Namespace forge
[31Mar2025 02:08:57.935] [main/DEBUG] [PFM-DataGen/]: 		Namespace evilcraftcompat
[31Mar2025 02:08:57.935] [main/DEBUG] [PFM-DataGen/]: 		Namespace curios
[31Mar2025 02:08:57.935] [main/DEBUG] [PFM-DataGen/]: 	Pack mixinextras-forge-0.4.1.jar
[31Mar2025 02:08:57.935] [main/DEBUG] [PFM-DataGen/]: 	Pack oreharvester-1.20.1-1.5.jar
[31Mar2025 02:08:57.935] [main/DEBUG] [PFM-DataGen/]: 	Pack Terralith_1.20.x_v2.5.4.jar
[31Mar2025 02:08:57.935] [main/DEBUG] [PFM-DataGen/]: 		Namespace minecraft
[31Mar2025 02:08:57.935] [main/DEBUG] [PFM-DataGen/]: 		Namespace terralith
[31Mar2025 02:08:57.935] [main/DEBUG] [PFM-DataGen/]: 		Namespace c
[31Mar2025 02:08:57.935] [main/DEBUG] [PFM-DataGen/]: 		Namespace forge
[31Mar2025 02:08:57.935] [main/DEBUG] [PFM-DataGen/]: 		Namespace biome_tag_villagers
[31Mar2025 02:08:57.935] [main/DEBUG] [PFM-DataGen/]: 	Pack biggerstacks-1.20.1-1.0.0-all.jar
[31Mar2025 02:08:57.935] [main/DEBUG] [PFM-DataGen/]: 		Namespace biggerstacks
[31Mar2025 02:08:57.935] [main/DEBUG] [PFM-DataGen/]: 	Pack mythicmounts-20.1-7.4.2-forge.jar
[31Mar2025 02:08:57.935] [main/DEBUG] [PFM-DataGen/]: 		Namespace minecraft
[31Mar2025 02:08:57.935] [main/DEBUG] [PFM-DataGen/]: 		Namespace mythicmounts
[31Mar2025 02:08:57.935] [main/DEBUG] [PFM-DataGen/]: 	Pack puzzlesaccessapi-forge-20.1.1.jar
[31Mar2025 02:08:57.935] [main/DEBUG] [PFM-DataGen/]: 	Pack cloth-config-11.1.136-forge.jar
[31Mar2025 02:08:57.936] [main/DEBUG] [PFM-DataGen/]: 		Namespace cloth-config2
[31Mar2025 02:08:57.936] [main/DEBUG] [PFM-DataGen/]: 	Pack forge-1.20.1-47.3.7-universal.jar
[31Mar2025 02:08:57.936] [main/DEBUG] [PFM-DataGen/]: 		Namespace minecraft
[31Mar2025 02:08:57.936] [main/DEBUG] [PFM-DataGen/]: 		Namespace forge
[31Mar2025 02:08:57.936] [main/DEBUG] [PFM-DataGen/]: 	Pack paladin-furniture-mod-1.3-forge-mc1.20.1.jar
[31Mar2025 02:08:57.936] [main/DEBUG] [PFM-DataGen/]: 		Namespace pfm
[31Mar2025 02:08:57.936] [main/DEBUG] [PFM-DataGen/]: 	Pack twilightforest-1.20.1-4.3.2508-universal.jar
[31Mar2025 02:08:57.936] [main/DEBUG] [PFM-DataGen/]: 		Namespace minecraft
[31Mar2025 02:08:57.936] [main/DEBUG] [PFM-DataGen/]: 		Namespace farmersdelight
[31Mar2025 02:08:57.936] [main/DEBUG] [PFM-DataGen/]: 		Namespace randomium
[31Mar2025 02:08:57.936] [main/DEBUG] [PFM-DataGen/]: 		Namespace ars_nouveau
[31Mar2025 02:08:57.936] [main/DEBUG] [PFM-DataGen/]: 		Namespace alexscaves
[31Mar2025 02:08:57.936] [main/DEBUG] [PFM-DataGen/]: 		Namespace forge
[31Mar2025 02:08:57.936] [main/DEBUG] [PFM-DataGen/]: 		Namespace immersiveengineering
[31Mar2025 02:08:57.936] [main/DEBUG] [PFM-DataGen/]: 		Namespace curios
[31Mar2025 02:08:57.936] [main/DEBUG] [PFM-DataGen/]: 		Namespace twilightforest
[31Mar2025 02:08:57.936] [main/DEBUG] [PFM-DataGen/]: 		Namespace createaddition
[31Mar2025 02:08:57.936] [main/DEBUG] [PFM-DataGen/]: 		Namespace aether
[31Mar2025 02:08:57.936] [main/DEBUG] [PFM-DataGen/]: 		Namespace artifacts
[31Mar2025 02:08:57.937] [main/DEBUG] [PFM-DataGen/]: 	Pack konkrete_forge_1.8.0_MC_1.20-1.20.1.jar
[31Mar2025 02:08:57.937] [main/DEBUG] [PFM-DataGen/]: 		Namespace keksuccino
[31Mar2025 02:08:57.937] [main/DEBUG] [PFM-DataGen/]: 	Pack emotecraft-for-MC1.20.1-2.2.7-b.build.50-forge.jar
[31Mar2025 02:08:57.937] [main/DEBUG] [PFM-DataGen/]: 		Namespace emotecraft
[31Mar2025 02:08:57.937] [main/DEBUG] [PFM-DataGen/]: 	Pack useless-sword-furtos-edition-1.20.1-1.0.1.jar
[31Mar2025 02:08:57.937] [main/DEBUG] [PFM-DataGen/]: 		Namespace minecraft
[31Mar2025 02:08:57.937] [main/DEBUG] [PFM-DataGen/]: 		Namespace useless_sword
[31Mar2025 02:08:57.937] [main/DEBUG] [PFM-DataGen/]: 	Pack Necronomicon-Forge-1.6.0+1.20.1.jar
[31Mar2025 02:08:57.937] [main/DEBUG] [PFM-DataGen/]: 	Pack Jade-1.20.1-Forge-11.13.1.jar
[31Mar2025 02:08:57.937] [main/DEBUG] [PFM-DataGen/]: 		Namespace jade
[31Mar2025 02:08:57.937] [main/DEBUG] [PFM-DataGen/]: 	Pack ironfurnaces-1.20.1-4.1.6.jar
[31Mar2025 02:08:57.937] [main/DEBUG] [PFM-DataGen/]: 		Namespace minecraft
[31Mar2025 02:08:57.937] [main/DEBUG] [PFM-DataGen/]: 		Namespace forge
[31Mar2025 02:08:57.937] [main/DEBUG] [PFM-DataGen/]: 		Namespace ironfurnaces
[31Mar2025 02:08:57.937] [main/DEBUG] [PFM-DataGen/]: 	Pack resourcefulconfig-forge-1.20.1-2.1.3.jar
[31Mar2025 02:08:57.938] [main/DEBUG] [PFM-DataGen/]: 	Pack curios-forge-5.12.1+1.20.1.jar
[31Mar2025 02:08:57.938] [main/DEBUG] [PFM-DataGen/]: 		Namespace curios
[31Mar2025 02:08:57.938] [main/DEBUG] [PFM-DataGen/]: 	Pack Patchouli-1.20.1-84.1-FORGE.jar
[31Mar2025 02:08:57.938] [main/DEBUG] [PFM-DataGen/]: 		Namespace minecraft
[31Mar2025 02:08:57.938] [main/DEBUG] [PFM-DataGen/]: 	Pack gravestone-forge-1.20.1-1.0.24.jar
[31Mar2025 02:08:57.938] [main/DEBUG] [PFM-DataGen/]: 		Namespace minecraft
[31Mar2025 02:08:57.938] [main/DEBUG] [PFM-DataGen/]: 		Namespace gravestone
[31Mar2025 02:08:57.938] [main/DEBUG] [PFM-DataGen/]: 	Pack collective-1.20.1-7.94.jar
[31Mar2025 02:08:57.938] [main/DEBUG] [PFM-DataGen/]: 		Namespace collective
[31Mar2025 02:08:57.938] [main/DEBUG] [PFM-DataGen/]: 	Pack dungeons-and-taverns-3.0.3.f[Forge].jar
[31Mar2025 02:08:57.938] [main/DEBUG] [PFM-DataGen/]: 		Namespace minecraft
[31Mar2025 02:08:57.938] [main/DEBUG] [PFM-DataGen/]: 		Namespace nova_structures
[31Mar2025 02:08:57.938] [main/DEBUG] [PFM-DataGen/]: 	Pack inventoryhud.forge.1.20.1-3.4.26.jar
[31Mar2025 02:08:57.938] [main/DEBUG] [PFM-DataGen/]: 		Namespace inventoryhud
[31Mar2025 02:08:57.938] [main/DEBUG] [PFM-DataGen/]: 	Pack resourcefullib-forge-1.20.1-2.1.29.jar
[31Mar2025 02:08:57.938] [main/DEBUG] [PFM-DataGen/]: 	Pack cumulus_menus-1.20.1-1.0.0-beta.1-neoforge.jar
[31Mar2025 02:08:57.939] [main/DEBUG] [PFM-DataGen/]: 		Namespace cumulus_menus
[31Mar2025 02:08:57.939] [main/DEBUG] [PFM-DataGen/]: 	Pack architectury-9.2.14-forge.jar
[31Mar2025 02:08:57.939] [main/DEBUG] [PFM-DataGen/]: 		Namespace architectury
[31Mar2025 02:08:57.939] [main/DEBUG] [PFM-DataGen/]: 	Pack minecraft-comes-alive-7.5.14+1.20.1-universal.jar
[31Mar2025 02:08:57.939] [main/DEBUG] [PFM-DataGen/]: 		Namespace farmersdelight
[31Mar2025 02:08:57.939] [main/DEBUG] [PFM-DataGen/]: 		Namespace minecraft
[31Mar2025 02:08:57.939] [main/DEBUG] [PFM-DataGen/]: 		Namespace c
[31Mar2025 02:08:57.939] [main/DEBUG] [PFM-DataGen/]: 		Namespace environmental
[31Mar2025 02:08:57.939] [main/DEBUG] [PFM-DataGen/]: 		Namespace bakery
[31Mar2025 02:08:57.939] [main/DEBUG] [PFM-DataGen/]: 		Namespace buzzier_bees
[31Mar2025 02:08:57.939] [main/DEBUG] [PFM-DataGen/]: 		Namespace berry_good
[31Mar2025 02:08:57.939] [main/DEBUG] [PFM-DataGen/]: 		Namespace mca
[31Mar2025 02:08:57.939] [main/DEBUG] [PFM-DataGen/]: 		Namespace atmospheric
[31Mar2025 02:08:57.939] [main/DEBUG] [PFM-DataGen/]: 		Namespace neopolitan
[31Mar2025 02:08:57.939] [main/DEBUG] [PFM-DataGen/]: 		Namespace forge
[31Mar2025 02:08:57.939] [main/DEBUG] [PFM-DataGen/]: 		Namespace upgrade_aquatic
[31Mar2025 02:08:57.939] [main/DEBUG] [PFM-DataGen/]: 		Namespace fabric
[31Mar2025 02:08:57.939] [main/DEBUG] [PFM-DataGen/]: 		Namespace autumity
[31Mar2025 02:08:57.939] [main/DEBUG] [PFM-DataGen/]: 	Pack PuzzlesLib-v8.1.29-1.20.1-Forge.jar
[31Mar2025 02:08:57.939] [main/DEBUG] [PFM-DataGen/]: 	Pack justzoom_forge_2.1.1_MC_1.20.1.jar
[31Mar2025 02:08:57.939] [main/DEBUG] [PFM-DataGen/]: 		Namespace justzoom
[31Mar2025 02:08:57.939] [main/DEBUG] [PFM-DataGen/]: 	Pack nitrogen_internals-1.20.1-0.1.3-neoforge.jar
[31Mar2025 02:08:57.939] [main/DEBUG] [PFM-DataGen/]: 		Namespace nitrogen_internals
[31Mar2025 02:08:57.939] [main/DEBUG] [PFM-DataGen/]: 	Pack celestisynth-1.20.1-1.3.1.jar
[31Mar2025 02:08:57.940] [main/DEBUG] [PFM-DataGen/]: 		Namespace minecraft
[31Mar2025 02:08:57.940] [main/DEBUG] [PFM-DataGen/]: 		Namespace celestisynth
[31Mar2025 02:08:57.940] [main/DEBUG] [PFM-DataGen/]: 		Namespace forge
[31Mar2025 02:08:57.940] [main/DEBUG] [PFM-DataGen/]: 		Namespace curios
[31Mar2025 02:08:57.940] [main/DEBUG] [PFM-DataGen/]: 	Pack expandability-forge-9.0.4.jar
[31Mar2025 02:08:57.940] [main/DEBUG] [PFM-DataGen/]: 	Pack chisels-and-bits-forge-1.4.141.jar
[31Mar2025 02:08:57.940] [main/DEBUG] [PFM-DataGen/]: 		Namespace minecraft
[31Mar2025 02:08:57.940] [main/DEBUG] [PFM-DataGen/]: 		Namespace forge
[31Mar2025 02:08:57.940] [main/DEBUG] [PFM-DataGen/]: 		Namespace chiselsandbits
[31Mar2025 02:08:57.940] [main/DEBUG] [PFM-DataGen/]: 	Pack ad_astra-forge-1.20.1-1.15.1.jar
[31Mar2025 02:08:57.940] [main/DEBUG] [PFM-DataGen/]: 		Namespace minecraft
[31Mar2025 02:08:57.940] [main/DEBUG] [PFM-DataGen/]: 		Namespace carryon
[31Mar2025 02:08:57.940] [main/DEBUG] [PFM-DataGen/]: 		Namespace mekanism
[31Mar2025 02:08:57.940] [main/DEBUG] [PFM-DataGen/]: 		Namespace forge
[31Mar2025 02:08:57.940] [main/DEBUG] [PFM-DataGen/]: 		Namespace immersiveengineering
[31Mar2025 02:08:57.940] [main/DEBUG] [PFM-DataGen/]: 		Namespace thermal
[31Mar2025 02:08:57.940] [main/DEBUG] [PFM-DataGen/]: 		Namespace create
[31Mar2025 02:08:57.941] [main/DEBUG] [PFM-DataGen/]: 		Namespace ad_astra_platform
[31Mar2025 02:08:57.941] [main/DEBUG] [PFM-DataGen/]: 		Namespace ad_astra
[31Mar2025 02:08:57.941] [main/DEBUG] [PFM-DataGen/]: 	Pack aether-1.20.1-1.0.0-beta.1.4-neoforge.jar:packs/accessories
[31Mar2025 02:08:57.941] [main/DEBUG] [PFM-DataGen/]: 		Namespace aether
[31Mar2025 02:08:57.941] [main/DEBUG] [PFM-DataGen/]: 	Pack mutantmonsters:biome_modifications
[31Mar2025 02:08:57.941] [main/DEBUG] [PFM-DataGen/]: 		Namespace mutantmonsters
[31Mar2025 02:09:01.013] [main/DEBUG] [PFM-DataGen/]: Data Hash and Mod list matched, skipping generation
[31Mar2025 02:09:01.021] [main/DEBUG] [mixin/]: Mixing resources.NamespaceResourceManagerAccessor from mss-common.mixins.json into net.minecraft.server.packs.resources.FallbackResourceManager
[31Mar2025 02:09:03.021] [main/DEBUG] [mixin/]: Mixing WorldGenSettingsMixin from ad_astra-common.mixins.json into net.minecraft.world.level.levelgen.WorldGenSettings
[31Mar2025 02:09:03.022] [main/DEBUG] [net.minecraftforge.coremod.transformer.CoreModBaseTransformer/COREMOD]: Transforming <init> with desc (JZZLjava/util/Optional;)V
[31Mar2025 02:09:03.180] [main/DEBUG] [mixin/]: Mixing PrimaryLevelDataMixin from collective_forge.mixins.json into net.minecraft.world.level.storage.PrimaryLevelData
[31Mar2025 02:09:03.204] [main/DEBUG] [mixin/]: Mixing MixinLootDataManager from architectury.mixins.json into net.minecraft.world.level.storage.loot.LootDataManager
[31Mar2025 02:09:03.206] [main/DEBUG] [mixin/]: Mixing LootDataManagerForgeMixin from puzzleslib.forge.mixins.json into net.minecraft.world.level.storage.loot.LootDataManager
[31Mar2025 02:09:03.340] [main/DEBUG] [mixin/]: Mixing structures.LocateCommandMixin from mss-common.mixins.json into net.minecraft.server.commands.LocateCommand
[31Mar2025 02:09:03.340] [main/DEBUG] [mixin/]: Renaming synthetic method lambda$mss_increaseLocateRadius$0(Lnet/minecraft/core/Holder;)Z to md3e34bd$lambda$mss_increaseLocateRadius$0$0 in mss-common.mixins.json:structures.LocateCommandMixin
[31Mar2025 02:09:03.395] [main/DEBUG] [net.minecraftforge.coremod.transformer.CoreModBaseTransformer/COREMOD]: Transforming net/minecraft/server/commands/SummonCommand
[31Mar2025 02:09:03.618] [main/DEBUG] [mixin/]: Mixing debug.TagLoaderMixin from mixins.artifacts.common.json into net.minecraft.tags.TagLoader
[31Mar2025 02:09:03.637] [main/INFO] [com.github.alexthe666.alexsmobs.AlexsMobs/]: Adding datapack listener capsid_recipes
[31Mar2025 02:09:03.848] [Worker-Main-3/DEBUG] [mixin/]: Mixing MixinNbtPredicate from curios.mixins.json into net.minecraft.advancements.critereon.NbtPredicate
[31Mar2025 02:09:03.862] [Worker-Main-3/DEBUG] [net.minecraftforge.coremod.transformer.CoreModBaseTransformer/COREMOD]: Transforming net/minecraft/world/entity/raid/Raid
[31Mar2025 02:09:03.909] [Worker-Main-2/ERROR] [net.minecraft.tags.TagLoader/]: Couldn't load tag curios:spellbook as it is missing following references: celestisynth:celestial_spell_book (from celestisynth-1.20.1-1.3.1.jar)
[31Mar2025 02:09:05.688] [main/WARN] [net.minecraft.world.level.storage.loot.LootDataManager/]: Found loot table element validation problem in {loot_tables:minecraft:chests/pillager_outpost}.pools[8].entries[0].functions[2]: Parameters [<parameter minecraft:tool>] are not provided in this context
[31Mar2025 02:09:05.720] [main/DEBUG] [mixin/]: Mixing AccessorSmithingTransformRecipe from patchouli_xplat.mixins.json into net.minecraft.world.item.crafting.SmithingTransformRecipe
[31Mar2025 02:09:05.747] [main/DEBUG] [mixin/]: Mixing AccessorSmithingTrimRecipe from patchouli_xplat.mixins.json into net.minecraft.world.item.crafting.SmithingTrimRecipe
[31Mar2025 02:09:05.756] [main/INFO] [net.minecraft.world.item.crafting.RecipeManager/]: Skipping loading recipe twilightforest:jeed/frosted as it's serializer returned null
[31Mar2025 02:09:05.762] [main/INFO] [net.minecraft.world.item.crafting.RecipeManager/]: Skipping loading recipe twilightforest:jeed/hunger as it's serializer returned null
[31Mar2025 02:09:05.809] [main/INFO] [net.minecraft.world.item.crafting.RecipeManager/]: Skipping loading recipe twilightforest:jeed/blindness as it's serializer returned null
[31Mar2025 02:09:05.821] [main/INFO] [net.minecraft.world.item.crafting.RecipeManager/]: Skipping loading recipe twilightforest:jeed/poison as it's serializer returned null
[31Mar2025 02:09:05.822] [main/ERROR] [net.minecraft.world.item.crafting.RecipeManager/]: Parsing error loading recipe useless_sword:dragonbreathdiamondswordcraft2
com.google.gson.JsonSyntaxException: Unknown item 'useless_sword:dragonbreathdiamondsword'
	at net.minecraftforge.common.crafting.CraftingHelper.getItem(CraftingHelper.java:160) ~[forge-1.20.1-47.3.7-universal.jar%23194!/:?]
	at net.minecraftforge.common.crafting.CraftingHelper.getItemStack(CraftingHelper.java:186) ~[forge-1.20.1-47.3.7-universal.jar%23194!/:?]
	at net.minecraft.world.item.crafting.ShapedRecipe.m_151274_(ShapedRecipe.java:286) ~[server-1.20.1-20230612.114412-srg.jar%23189!/:?]
	at net.minecraft.world.item.crafting.ShapelessRecipe$Serializer.m_6729_(ShapelessRecipe.java:95) ~[server-1.20.1-20230612.114412-srg.jar%23189!/:?]
	at net.minecraft.world.item.crafting.ShapelessRecipe$Serializer.m_6729_(ShapelessRecipe.java:84) ~[server-1.20.1-20230612.114412-srg.jar%23189!/:?]
	at net.minecraftforge.common.extensions.IForgeRecipeSerializer.fromJson(IForgeRecipeSerializer.java:23) ~[forge-1.20.1-47.3.7-universal.jar%23194!/:?]
	at net.minecraft.world.item.crafting.RecipeManager.fromJson(RecipeManager.java:171) ~[server-1.20.1-20230612.114412-srg.jar%23189!/:?]
	at net.minecraft.world.item.crafting.RecipeManager.m_5787_(RecipeManager.java:67) ~[server-1.20.1-20230612.114412-srg.jar%23189!/:?]
	at net.minecraft.world.item.crafting.RecipeManager.m_5787_(RecipeManager.java:34) ~[server-1.20.1-20230612.114412-srg.jar%23189!/:?]
	at net.minecraft.server.packs.resources.SimplePreparableReloadListener.m_10789_(SimplePreparableReloadListener.java:13) ~[server-1.20.1-20230612.114412-srg.jar%23189!/:?]
	at java.util.concurrent.CompletableFuture$UniAccept.tryFire(CompletableFuture.java:718) ~[?:?]
	at java.util.concurrent.CompletableFuture$Completion.run(CompletableFuture.java:482) ~[?:?]
	at net.minecraft.server.packs.resources.SimpleReloadInstance.m_143940_(SimpleReloadInstance.java:69) ~[server-1.20.1-20230612.114412-srg.jar%23189!/:?]
	at net.minecraft.Util.m_214652_(Util.java:783) ~[server-1.20.1-20230612.114412-srg.jar%23189!/:?]
	at net.minecraft.Util.m_214679_(Util.java:772) ~[server-1.20.1-20230612.114412-srg.jar%23189!/:?]
	at net.minecraft.server.Main.main(Main.java:166) ~[server-1.20.1-20230612.114412-srg.jar%23189!/:?]
	at jdk.internal.reflect.NativeMethodAccessorImpl.invoke0(Native Method) ~[?:?]
	at jdk.internal.reflect.NativeMethodAccessorImpl.invoke(NativeMethodAccessorImpl.java:77) ~[?:?]
	at jdk.internal.reflect.DelegatingMethodAccessorImpl.invoke(DelegatingMethodAccessorImpl.java:43) ~[?:?]
	at java.lang.reflect.Method.invoke(Method.java:569) ~[?:?]
	at net.minecraftforge.fml.loading.targets.CommonLaunchHandler.runTarget(CommonLaunchHandler.java:111) ~[fmlloader-1.20.1-47.3.7.jar%2369!/:?]
	at net.minecraftforge.fml.loading.targets.CommonLaunchHandler.serverService(CommonLaunchHandler.java:103) ~[fmlloader-1.20.1-47.3.7.jar%2369!/:?]
	at net.minecraftforge.fml.loading.targets.CommonServerLaunchHandler.lambda$makeService$0(CommonServerLaunchHandler.java:27) ~[fmlloader-1.20.1-47.3.7.jar%2369!/:?]
	at cpw.mods.modlauncher.LaunchServiceHandlerDecorator.launch(LaunchServiceHandlerDecorator.java:30) ~[modlauncher-10.0.9.jar%2355!/:?]
	at cpw.mods.modlauncher.LaunchServiceHandler.launch(LaunchServiceHandler.java:53) ~[modlauncher-10.0.9.jar%2355!/:?]
	at cpw.mods.modlauncher.LaunchServiceHandler.launch(LaunchServiceHandler.java:71) ~[modlauncher-10.0.9.jar%2355!/:?]
	at cpw.mods.modlauncher.Launcher.run(Launcher.java:108) ~[modlauncher-10.0.9.jar%2355!/:?]
	at cpw.mods.modlauncher.Launcher.main(Launcher.java:78) ~[modlauncher-10.0.9.jar%2355!/:?]
	at cpw.mods.modlauncher.BootstrapLaunchConsumer.accept(BootstrapLaunchConsumer.java:26) ~[modlauncher-10.0.9.jar%2355!/:?]
	at cpw.mods.modlauncher.BootstrapLaunchConsumer.accept(BootstrapLaunchConsumer.java:23) ~[modlauncher-10.0.9.jar%2355!/:?]
	at cpw.mods.bootstraplauncher.BootstrapLauncher.main(BootstrapLauncher.java:141) ~[bootstraplauncher-1.1.2.jar:?]
[31Mar2025 02:09:05.847] [main/INFO] [net.minecraft.world.item.crafting.RecipeManager/]: Skipping loading recipe twilightforest:jeed/resistance as it's serializer returned null
[31Mar2025 02:09:05.850] [main/ERROR] [net.minecraft.world.item.crafting.RecipeManager/]: Parsing error loading recipe celestisynth:celestial_spellbook
com.google.gson.JsonSyntaxException: Unknown item 'irons_spellbooks:ruined_book'
	at net.minecraft.world.item.crafting.ShapedRecipe.m_151280_(ShapedRecipe.java:292) ~[server-1.20.1-20230612.114412-srg.jar%23189!/:?]
	at java.util.Optional.orElseThrow(Optional.java:403) ~[?:?]
	at net.minecraft.world.item.crafting.ShapedRecipe.m_151278_(ShapedRecipe.java:291) ~[server-1.20.1-20230612.114412-srg.jar%23189!/:?]
	at net.minecraft.world.item.crafting.Ingredient.m_43919_(Ingredient.java:219) ~[server-1.20.1-20230612.114412-srg.jar%23189!/:?]
	at net.minecraftforge.common.crafting.VanillaIngredientSerializer.parse(VanillaIngredientSerializer.java:27) ~[forge-1.20.1-47.3.7-universal.jar%23194!/:?]
	at net.minecraftforge.common.crafting.CraftingHelper.getIngredient(CraftingHelper.java:148) ~[forge-1.20.1-47.3.7-universal.jar%23194!/:?]
	at net.minecraft.world.item.crafting.Ingredient.m_288218_(Ingredient.java:194) ~[server-1.20.1-20230612.114412-srg.jar%23189!/:?]
	at net.minecraft.world.item.crafting.ShapedRecipe.m_44210_(ShapedRecipe.java:278) ~[server-1.20.1-20230612.114412-srg.jar%23189!/:?]
	at net.minecraft.world.item.crafting.ShapedRecipe$Serializer.m_6729_(ShapedRecipe.java:306) ~[server-1.20.1-20230612.114412-srg.jar%23189!/:?]
	at net.minecraft.world.item.crafting.ShapedRecipe$Serializer.m_6729_(ShapedRecipe.java:301) ~[server-1.20.1-20230612.114412-srg.jar%23189!/:?]
	at net.minecraftforge.common.extensions.IForgeRecipeSerializer.fromJson(IForgeRecipeSerializer.java:23) ~[forge-1.20.1-47.3.7-universal.jar%23194!/:?]
	at net.minecraft.world.item.crafting.RecipeManager.fromJson(RecipeManager.java:171) ~[server-1.20.1-20230612.114412-srg.jar%23189!/:?]
	at net.minecraft.world.item.crafting.RecipeManager.m_5787_(RecipeManager.java:67) ~[server-1.20.1-20230612.114412-srg.jar%23189!/:?]
	at net.minecraft.world.item.crafting.RecipeManager.m_5787_(RecipeManager.java:34) ~[server-1.20.1-20230612.114412-srg.jar%23189!/:?]
	at net.minecraft.server.packs.resources.SimplePreparableReloadListener.m_10789_(SimplePreparableReloadListener.java:13) ~[server-1.20.1-20230612.114412-srg.jar%23189!/:?]
	at java.util.concurrent.CompletableFuture$UniAccept.tryFire(CompletableFuture.java:718) ~[?:?]
	at java.util.concurrent.CompletableFuture$Completion.run(CompletableFuture.java:482) ~[?:?]
	at net.minecraft.server.packs.resources.SimpleReloadInstance.m_143940_(SimpleReloadInstance.java:69) ~[server-1.20.1-20230612.114412-srg.jar%23189!/:?]
	at net.minecraft.Util.m_214652_(Util.java:783) ~[server-1.20.1-20230612.114412-srg.jar%23189!/:?]
	at net.minecraft.Util.m_214679_(Util.java:772) ~[server-1.20.1-20230612.114412-srg.jar%23189!/:?]
	at net.minecraft.server.Main.main(Main.java:166) ~[server-1.20.1-20230612.114412-srg.jar%23189!/:?]
	at jdk.internal.reflect.NativeMethodAccessorImpl.invoke0(Native Method) ~[?:?]
	at jdk.internal.reflect.NativeMethodAccessorImpl.invoke(NativeMethodAccessorImpl.java:77) ~[?:?]
	at jdk.internal.reflect.DelegatingMethodAccessorImpl.invoke(DelegatingMethodAccessorImpl.java:43) ~[?:?]
	at java.lang.reflect.Method.invoke(Method.java:569) ~[?:?]
	at net.minecraftforge.fml.loading.targets.CommonLaunchHandler.runTarget(CommonLaunchHandler.java:111) ~[fmlloader-1.20.1-47.3.7.jar%2369!/:?]
	at net.minecraftforge.fml.loading.targets.CommonLaunchHandler.serverService(CommonLaunchHandler.java:103) ~[fmlloader-1.20.1-47.3.7.jar%2369!/:?]
	at net.minecraftforge.fml.loading.targets.CommonServerLaunchHandler.lambda$makeService$0(CommonServerLaunchHandler.java:27) ~[fmlloader-1.20.1-47.3.7.jar%2369!/:?]
	at cpw.mods.modlauncher.LaunchServiceHandlerDecorator.launch(LaunchServiceHandlerDecorator.java:30) ~[modlauncher-10.0.9.jar%2355!/:?]
	at cpw.mods.modlauncher.LaunchServiceHandler.launch(LaunchServiceHandler.java:53) ~[modlauncher-10.0.9.jar%2355!/:?]
	at cpw.mods.modlauncher.LaunchServiceHandler.launch(LaunchServiceHandler.java:71) ~[modlauncher-10.0.9.jar%2355!/:?]
	at cpw.mods.modlauncher.Launcher.run(Launcher.java:108) ~[modlauncher-10.0.9.jar%2355!/:?]
	at cpw.mods.modlauncher.Launcher.main(Launcher.java:78) ~[modlauncher-10.0.9.jar%2355!/:?]
	at cpw.mods.modlauncher.BootstrapLaunchConsumer.accept(BootstrapLaunchConsumer.java:26) ~[modlauncher-10.0.9.jar%2355!/:?]
	at cpw.mods.modlauncher.BootstrapLaunchConsumer.accept(BootstrapLaunchConsumer.java:23) ~[modlauncher-10.0.9.jar%2355!/:?]
	at cpw.mods.bootstraplauncher.BootstrapLauncher.main(BootstrapLauncher.java:141) ~[bootstraplauncher-1.1.2.jar:?]
[31Mar2025 02:09:05.881] [main/INFO] [net.minecraft.world.item.crafting.RecipeManager/]: Skipping loading recipe twilightforest:jeed/regeneration as it's serializer returned null
[31Mar2025 02:09:05.882] [main/INFO] [net.minecraft.world.item.crafting.RecipeManager/]: Skipping loading recipe twilightforest:jeed/slowness as it's serializer returned null
[31Mar2025 02:09:05.889] [main/INFO] [net.minecraft.world.item.crafting.RecipeManager/]: Skipping loading recipe twilightforest:jeed/fire_resistance as it's serializer returned null
[31Mar2025 02:09:05.894] [main/INFO] [net.minecraft.world.item.crafting.RecipeManager/]: Loaded 33 recipes
[31Mar2025 02:09:05.961] [main/ERROR] [net.minecraft.server.ServerAdvancementManager/]: Parsing error loading custom advancement useless_sword:swordmaster: Expected item to be an item, was unknown string 'useless_sword:withersword'
[31Mar2025 02:09:06.096] [main/INFO] [net.minecraft.advancements.AdvancementList/]: Loaded 5345 advancements
[31Mar2025 02:09:06.103] [main/INFO] [twilightforest/]: Loaded 9 Stalactite configs!
[31Mar2025 02:09:06.117] [main/INFO] [top.theillusivec4.curios.Curios/]: Loaded 17 curio slots
[31Mar2025 02:09:06.125] [main/INFO] [top.theillusivec4.curios.Curios/]: Loaded 13 curio entities
[31Mar2025 02:09:06.225] [main/INFO] [com.aqutheseal.celestisynth.api.misc.CodecJsonDataManager/]: Beginning loading of data for data loader: tiered_item_stats
[31Mar2025 02:09:06.225] [main/INFO] [com.aqutheseal.celestisynth.api.misc.CodecJsonDataManager/]: Data loader for tiered_item_stats loaded 0 jsons
[31Mar2025 02:09:10.697] [main/INFO] [evilcraft/]: 19 Broom modifiers can be applied!
[31Mar2025 02:09:10.847] [main/DEBUG] [net.minecraftforge.common.ForgeHooks/WP]: Gathering id map for writing to world save world
[31Mar2025 02:09:10.942] [main/DEBUG] [net.minecraftforge.common.ForgeHooks/WP]: ID Map collection complete world
[31Mar2025 02:09:11.062] [Server thread/INFO] [net.minecraft.server.dedicated.DedicatedServer/]: Starting minecraft server version 1.20.1
[31Mar2025 02:09:11.063] [Server thread/INFO] [net.minecraft.server.dedicated.DedicatedServer/]: Loading properties
[31Mar2025 02:09:11.063] [Server thread/INFO] [net.minecraft.server.dedicated.DedicatedServer/]: Default game type: SURVIVAL
[31Mar2025 02:09:11.063] [Server thread/INFO] [net.minecraft.server.MinecraftServer/]: Generating keypair
[31Mar2025 02:09:11.142] [Server thread/INFO] [net.minecraft.server.dedicated.DedicatedServer/]: Starting Minecraft server on *:25565
[31Mar2025 02:09:11.143] [Server thread/DEBUG] [net.minecraftforge.network.DualStackUtils/]: Detected IPv6 address: "0:0:0:0:0:0:0:0"
[31Mar2025 02:09:11.161] [Server thread/DEBUG] [io.netty.util.internal.NativeLibraryLoader/]: -Dio.netty.native.workdir: /tmp (io.netty.tmpdir)
[31Mar2025 02:09:11.161] [Server thread/DEBUG] [io.netty.util.internal.NativeLibraryLoader/]: -Dio.netty.native.deleteLibAfterLoading: true
[31Mar2025 02:09:11.161] [Server thread/DEBUG] [io.netty.util.internal.NativeLibraryLoader/]: -Dio.netty.native.tryPatchShadedId: true
[31Mar2025 02:09:11.161] [Server thread/DEBUG] [io.netty.util.internal.NativeLibraryLoader/]: -Dio.netty.native.detectNativeLibraryDuplicates: true
[31Mar2025 02:09:11.265] [Server thread/DEBUG] [io.netty.util.internal.NativeLibraryLoader/]: Successfully loaded the library /tmp/libnetty_transport_native_epoll_x86_6414433350941173062304.so
[31Mar2025 02:09:11.270] [Server thread/DEBUG] [io.netty.util.NetUtil/]: -Djava.net.preferIPv4Stack: false
[31Mar2025 02:09:11.270] [Server thread/DEBUG] [io.netty.util.NetUtil/]: -Djava.net.preferIPv6Addresses: true
[31Mar2025 02:09:11.273] [Server thread/DEBUG] [io.netty.util.NetUtilInitializations/]: Loopback interface: lo (lo, 0:0:0:0:0:0:0:1%lo)
[31Mar2025 02:09:11.275] [Server thread/DEBUG] [io.netty.util.NetUtil/]: /proc/sys/net/core/somaxconn: 4096
[31Mar2025 02:09:11.278] [Server thread/INFO] [net.minecraft.server.network.ServerConnectionListener/]: Using epoll channel type
[31Mar2025 02:09:11.297] [Server thread/DEBUG] [io.netty.channel.MultithreadEventLoopGroup/]: -Dio.netty.eventLoopThreads: 8
[31Mar2025 02:09:11.327] [Server thread/DEBUG] [io.netty.util.internal.PlatformDependent/]: org.jctools-core.MpscChunkedArrayQueue: available
[31Mar2025 02:09:11.337] [Server thread/DEBUG] [io.netty.channel.DefaultChannelId/]: -Dio.netty.processId: 4163 (auto-detected)
[31Mar2025 02:09:11.338] [Server thread/DEBUG] [io.netty.channel.DefaultChannelId/]: -Dio.netty.machineId: 7c:1e:52:ff:fe:a7:c3:76 (auto-detected)
[31Mar2025 02:09:11.373] [Server thread/DEBUG] [io.netty.buffer.PooledByteBufAllocator/]: -Dio.netty.allocator.numHeapArenas: 8
[31Mar2025 02:09:11.374] [Server thread/DEBUG] [io.netty.buffer.PooledByteBufAllocator/]: -Dio.netty.allocator.numDirectArenas: 8
[31Mar2025 02:09:11.374] [Server thread/DEBUG] [io.netty.buffer.PooledByteBufAllocator/]: -Dio.netty.allocator.pageSize: 8192
[31Mar2025 02:09:11.374] [Server thread/DEBUG] [io.netty.buffer.PooledByteBufAllocator/]: -Dio.netty.allocator.maxOrder: 9
[31Mar2025 02:09:11.374] [Server thread/DEBUG] [io.netty.buffer.PooledByteBufAllocator/]: -Dio.netty.allocator.chunkSize: 4194304
[31Mar2025 02:09:11.374] [Server thread/DEBUG] [io.netty.buffer.PooledByteBufAllocator/]: -Dio.netty.allocator.smallCacheSize: 256
[31Mar2025 02:09:11.374] [Server thread/DEBUG] [io.netty.buffer.PooledByteBufAllocator/]: -Dio.netty.allocator.normalCacheSize: 64
[31Mar2025 02:09:11.374] [Server thread/DEBUG] [io.netty.buffer.PooledByteBufAllocator/]: -Dio.netty.allocator.maxCachedBufferCapacity: 32768
[31Mar2025 02:09:11.374] [Server thread/DEBUG] [io.netty.buffer.PooledByteBufAllocator/]: -Dio.netty.allocator.cacheTrimInterval: 8192
[31Mar2025 02:09:11.374] [Server thread/DEBUG] [io.netty.buffer.PooledByteBufAllocator/]: -Dio.netty.allocator.cacheTrimIntervalMillis: 0
[31Mar2025 02:09:11.374] [Server thread/DEBUG] [io.netty.buffer.PooledByteBufAllocator/]: -Dio.netty.allocator.useCacheForAllThreads: false
[31Mar2025 02:09:11.374] [Server thread/DEBUG] [io.netty.buffer.PooledByteBufAllocator/]: -Dio.netty.allocator.maxCachedByteBuffersPerChunk: 1023
[31Mar2025 02:09:11.383] [Server thread/DEBUG] [io.netty.buffer.ByteBufUtil/]: -Dio.netty.allocator.type: pooled
[31Mar2025 02:09:11.383] [Server thread/DEBUG] [io.netty.buffer.ByteBufUtil/]: -Dio.netty.threadLocalDirectBufferSize: 0
[31Mar2025 02:09:11.383] [Server thread/DEBUG] [io.netty.buffer.ByteBufUtil/]: -Dio.netty.maxThreadLocalCharBufferSize: 16384
[31Mar2025 02:09:11.393] [Server thread/WARN] [net.minecraft.server.dedicated.DedicatedServer/]: **** SERVER IS RUNNING IN OFFLINE/INSECURE MODE!
[31Mar2025 02:09:11.394] [Server thread/WARN] [net.minecraft.server.dedicated.DedicatedServer/]: The server will make no attempt to authenticate usernames. Beware.
[31Mar2025 02:09:11.394] [Server thread/WARN] [net.minecraft.server.dedicated.DedicatedServer/]: While this makes the game possible to play without internet access, it also opens up the ability for hackers to connect with any username they choose.
[31Mar2025 02:09:11.394] [Server thread/WARN] [net.minecraft.server.dedicated.DedicatedServer/]: To change this, set "online-mode" to "true" in the server.properties file.
[31Mar2025 02:09:11.408] [Server thread/DEBUG] [net.minecraftforge.fml.config.ConfigTracker/CONFIG]: Loading configs type SERVER
[31Mar2025 02:09:11.408] [Server thread/DEBUG] [net.minecraftforge.fml.config.ConfigFileTypeHandler/CONFIG]: Built TOML config for ./world/serverconfig/jei-server.toml
[31Mar2025 02:09:11.409] [Server thread/DEBUG] [net.minecraftforge.fml.config.ConfigFileTypeHandler/CONFIG]: Loaded TOML config file ./world/serverconfig/jei-server.toml
[31Mar2025 02:09:11.409] [Server thread/DEBUG] [net.minecraftforge.fml.config.ConfigFileTypeHandler/CONFIG]: Watching TOML config file ./world/serverconfig/jei-server.toml for changes
[31Mar2025 02:09:11.410] [Thread-2/DEBUG] [net.minecraftforge.fml.config.ConfigFileTypeHandler/CONFIG]: Config file jei-server.toml changed, sending notifies
[31Mar2025 02:09:11.410] [Server thread/DEBUG] [fuzs.puzzleslib.impl.config.core.ForgeConfigFileTypeHandler/CONFIG]: Built TOML config for /workspaces/Minecraft_Server/servidor_minecraft/config/mutantmonsters-server.toml
[31Mar2025 02:09:11.411] [Thread-2/DEBUG] [net.minecraftforge.fml.config.ConfigFileTypeHandler/CONFIG]: Config file jei-server.toml changed, sending notifies
[31Mar2025 02:09:11.411] [Server thread/DEBUG] [fuzs.puzzleslib.impl.config.core.ForgeConfigFileTypeHandler/CONFIG]: Loaded TOML config file /workspaces/Minecraft_Server/servidor_minecraft/config/mutantmonsters-server.toml
[31Mar2025 02:09:11.411] [Server thread/DEBUG] [fuzs.puzzleslib.impl.config.core.ForgeConfigFileTypeHandler/CONFIG]: Watching TOML config file /workspaces/Minecraft_Server/servidor_minecraft/config/mutantmonsters-server.toml for changes
[31Mar2025 02:09:11.421] [Server thread/INFO] [Puzzles Lib/]: Loading server config for mutantmonsters
[31Mar2025 02:09:11.422] [Server thread/DEBUG] [net.minecraftforge.fml.config.ConfigFileTypeHandler/CONFIG]: Built TOML config for ./world/serverconfig/journeymap-server.toml
[31Mar2025 02:09:11.423] [Server thread/DEBUG] [net.minecraftforge.fml.config.ConfigFileTypeHandler/CONFIG]: Loaded TOML config file ./world/serverconfig/journeymap-server.toml
[31Mar2025 02:09:11.423] [Server thread/DEBUG] [net.minecraftforge.fml.config.ConfigFileTypeHandler/CONFIG]: Watching TOML config file ./world/serverconfig/journeymap-server.toml for changes
[31Mar2025 02:09:11.425] [Server thread/INFO] [journeymap/]: Loading JourneyMap Forge Configs
[31Mar2025 02:09:11.425] [Server thread/DEBUG] [net.minecraftforge.fml.config.ConfigFileTypeHandler/CONFIG]: Built TOML config for ./world/serverconfig/travelersbackpack-server.toml
[31Mar2025 02:09:11.427] [Server thread/DEBUG] [net.minecraftforge.fml.config.ConfigFileTypeHandler/CONFIG]: Loaded TOML config file ./world/serverconfig/travelersbackpack-server.toml
[31Mar2025 02:09:11.427] [Server thread/DEBUG] [net.minecraftforge.fml.config.ConfigFileTypeHandler/CONFIG]: Watching TOML config file ./world/serverconfig/travelersbackpack-server.toml for changes
[31Mar2025 02:09:11.440] [Thread-2/DEBUG] [net.minecraftforge.fml.config.ConfigFileTypeHandler/CONFIG]: Config file travelersbackpack-server.toml changed, sending notifies
[31Mar2025 02:09:11.440] [Server thread/DEBUG] [net.minecraftforge.fml.config.ConfigFileTypeHandler/CONFIG]: Built TOML config for ./world/serverconfig/aether-server.toml
[31Mar2025 02:09:11.441] [Server thread/DEBUG] [net.minecraftforge.fml.config.ConfigFileTypeHandler/CONFIG]: Loaded TOML config file ./world/serverconfig/aether-server.toml
[31Mar2025 02:09:11.441] [Server thread/DEBUG] [net.minecraftforge.fml.config.ConfigFileTypeHandler/CONFIG]: Watching TOML config file ./world/serverconfig/aether-server.toml for changes
[31Mar2025 02:09:11.441] [Thread-2/DEBUG] [net.minecraftforge.fml.config.ConfigFileTypeHandler/CONFIG]: Config file travelersbackpack-server.toml changed, sending notifies
[31Mar2025 02:09:11.442] [Server thread/DEBUG] [net.minecraftforge.fml.config.ConfigFileTypeHandler/CONFIG]: Built TOML config for ./world/serverconfig/biggerstacks-server.toml
[31Mar2025 02:09:11.442] [Server thread/DEBUG] [net.minecraftforge.fml.config.ConfigFileTypeHandler/CONFIG]: Loaded TOML config file ./world/serverconfig/biggerstacks-server.toml
[31Mar2025 02:09:11.443] [Server thread/DEBUG] [net.minecraftforge.fml.config.ConfigFileTypeHandler/CONFIG]: Watching TOML config file ./world/serverconfig/biggerstacks-server.toml for changes
[31Mar2025 02:09:11.444] [Server thread/DEBUG] [net.minecraftforge.fml.config.ConfigFileTypeHandler/CONFIG]: Built TOML config for ./world/serverconfig/forge-server.toml
[31Mar2025 02:09:11.444] [Server thread/DEBUG] [net.minecraftforge.fml.config.ConfigFileTypeHandler/CONFIG]: Loaded TOML config file ./world/serverconfig/forge-server.toml
[31Mar2025 02:09:11.444] [Server thread/DEBUG] [net.minecraftforge.fml.config.ConfigFileTypeHandler/CONFIG]: Watching TOML config file ./world/serverconfig/forge-server.toml for changes
[31Mar2025 02:09:11.445] [Server thread/DEBUG] [net.minecraftforge.common.ForgeConfig/FORGEMOD]: Loaded forge config file forge-server.toml
[31Mar2025 02:09:11.445] [Thread-2/DEBUG] [net.minecraftforge.fml.config.ConfigFileTypeHandler/CONFIG]: Config file travelersbackpack-server.toml changed, sending notifies
[31Mar2025 02:09:11.445] [Server thread/DEBUG] [net.minecraftforge.fml.config.ConfigFileTypeHandler/CONFIG]: Built TOML config for ./world/serverconfig/curios-server.toml
[31Mar2025 02:09:11.445] [Server thread/DEBUG] [net.minecraftforge.fml.config.ConfigFileTypeHandler/CONFIG]: Loaded TOML config file ./world/serverconfig/curios-server.toml
[31Mar2025 02:09:11.446] [Server thread/DEBUG] [net.minecraftforge.fml.config.ConfigFileTypeHandler/CONFIG]: Watching TOML config file ./world/serverconfig/curios-server.toml for changes
[31Mar2025 02:09:11.448] [Thread-2/DEBUG] [net.minecraftforge.fml.config.ConfigFileTypeHandler/CONFIG]: Config file curios-server.toml changed, sending notifies
[31Mar2025 02:09:11.449] [Server thread/DEBUG] [net.minecraftforge.fml.config.ConfigFileTypeHandler/CONFIG]: Built TOML config for ./world/serverconfig/gravestone-server.toml
[31Mar2025 02:09:11.450] [Server thread/DEBUG] [net.minecraftforge.fml.config.ConfigFileTypeHandler/CONFIG]: Loaded TOML config file ./world/serverconfig/gravestone-server.toml
[31Mar2025 02:09:11.450] [Thread-2/DEBUG] [net.minecraftforge.fml.config.ConfigFileTypeHandler/CONFIG]: Config file curios-server.toml changed, sending notifies
[31Mar2025 02:09:11.450] [Server thread/DEBUG] [net.minecraftforge.fml.config.ConfigFileTypeHandler/CONFIG]: Watching TOML config file ./world/serverconfig/gravestone-server.toml for changes
[31Mar2025 02:09:11.459] [Thread-2/DEBUG] [net.minecraftforge.fml.config.ConfigFileTypeHandler/CONFIG]: Config file gravestone-server.toml changed, sending notifies
[31Mar2025 02:09:11.460] [Thread-2/DEBUG] [net.minecraftforge.fml.config.ConfigFileTypeHandler/CONFIG]: Config file gravestone-server.toml changed, sending notifies
[31Mar2025 02:09:11.462] [Server thread/DEBUG] [net.minecraftforge.fml.config.ConfigFileTypeHandler/CONFIG]: Built TOML config for ./world/serverconfig/chiselsandbits-server.toml
[31Mar2025 02:09:11.462] [Server thread/DEBUG] [net.minecraftforge.fml.config.ConfigFileTypeHandler/CONFIG]: Loaded TOML config file ./world/serverconfig/chiselsandbits-server.toml
[31Mar2025 02:09:11.462] [Server thread/DEBUG] [net.minecraftforge.fml.config.ConfigFileTypeHandler/CONFIG]: Watching TOML config file ./world/serverconfig/chiselsandbits-server.toml for changes
[31Mar2025 02:09:11.463] [Thread-2/DEBUG] [net.minecraftforge.fml.config.ConfigFileTypeHandler/CONFIG]: Config file chiselsandbits-server.toml changed, sending notifies
[31Mar2025 02:09:11.463] [Thread-2/DEBUG] [net.minecraftforge.fml.config.ConfigFileTypeHandler/CONFIG]: Config file chiselsandbits-server.toml changed, sending notifies
[31Mar2025 02:09:11.465] [Server thread/DEBUG] [mixin/]: Mixing accessor.BiomeSpecialEffectsBuilderForgeAccessor from puzzleslib.forge.mixins.json into net.minecraft.world.level.biome.BiomeSpecialEffects$Builder
[31Mar2025 02:09:11.760] [Server thread/INFO] [portb.configlib.ConfigLib/]: Reading stacksize ruleset
[31Mar2025 02:09:11.770] [Config file watcher thread/INFO] [portb.configlib.ConfigLib/]: Starting config file watcher
[31Mar2025 02:09:11.782] [Server thread/INFO] [net.minecraft.server.dedicated.DedicatedServer/]: Preparing level "world"
[31Mar2025 02:09:11.788] [Server thread/DEBUG] [net.minecraftforge.coremod.transformer.CoreModBaseTransformer/COREMOD]: Transforming net/minecraft/world/level/levelgen/PhantomSpawner
[31Mar2025 02:09:11.797] [Server thread/DEBUG] [net.minecraftforge.coremod.transformer.CoreModBaseTransformer/COREMOD]: Transforming net/minecraft/world/level/levelgen/PatrolSpawner
[31Mar2025 02:09:11.803] [Server thread/DEBUG] [net.minecraftforge.coremod.transformer.CoreModBaseTransformer/COREMOD]: Transforming net/minecraft/world/entity/npc/CatSpawner
[31Mar2025 02:09:11.809] [Server thread/DEBUG] [net.minecraftforge.coremod.transformer.CoreModBaseTransformer/COREMOD]: Transforming net/minecraft/world/entity/ai/village/VillageSiege
[31Mar2025 02:09:11.870] [Server thread/DEBUG] [mixin/]: Mixing ChunkMapAccessor from emotecraft.mixins.json into net.minecraft.server.level.ChunkMap
[31Mar2025 02:09:11.870] [Server thread/DEBUG] [mixin/]: emotecraft.mixins.json:ChunkMapAccessor: Class version 61 required is higher than the class version supported by the current version of Mixin (JAVA_16 supports class version 60)
[31Mar2025 02:09:11.886] [Server thread/DEBUG] [mixin/]: Mixing MixinProtoChunk from forge-mca.mixin.json into net.minecraft.world.level.chunk.ProtoChunk
[31Mar2025 02:09:12.309] [Server thread/DEBUG] [ironfurnaces.IronFurnaces/]: Loading config file /workspaces/Minecraft_Server/servidor_minecraft/config/ironfurnaces-client.toml
[31Mar2025 02:09:12.309] [Server thread/DEBUG] [ironfurnaces.IronFurnaces/]: Built TOML config for /workspaces/Minecraft_Server/servidor_minecraft/config/ironfurnaces-client.toml
[31Mar2025 02:09:12.311] [Server thread/DEBUG] [ironfurnaces.IronFurnaces/]: Loaded TOML config file /workspaces/Minecraft_Server/servidor_minecraft/config/ironfurnaces-client.toml
[31Mar2025 02:09:12.313] [Server thread/DEBUG] [ironfurnaces.IronFurnaces/]: Loading config file /workspaces/Minecraft_Server/servidor_minecraft/config/ironfurnaces.toml
[31Mar2025 02:09:12.314] [Server thread/DEBUG] [ironfurnaces.IronFurnaces/]: Built TOML config for /workspaces/Minecraft_Server/servidor_minecraft/config/ironfurnaces.toml
[31Mar2025 02:09:12.314] [Server thread/DEBUG] [ironfurnaces.IronFurnaces/]: Loaded TOML config file /workspaces/Minecraft_Server/servidor_minecraft/config/ironfurnaces.toml
[31Mar2025 02:09:15.576] [Server thread/DEBUG] [ironfurnaces.IronFurnaces/]: Loading config file /workspaces/Minecraft_Server/servidor_minecraft/config/ironfurnaces-client.toml
[31Mar2025 02:09:15.576] [Server thread/DEBUG] [ironfurnaces.IronFurnaces/]: Built TOML config for /workspaces/Minecraft_Server/servidor_minecraft/config/ironfurnaces-client.toml
[31Mar2025 02:09:15.577] [Server thread/DEBUG] [ironfurnaces.IronFurnaces/]: Loaded TOML config file /workspaces/Minecraft_Server/servidor_minecraft/config/ironfurnaces-client.toml
[31Mar2025 02:09:15.577] [Server thread/DEBUG] [ironfurnaces.IronFurnaces/]: Loading config file /workspaces/Minecraft_Server/servidor_minecraft/config/ironfurnaces.toml
[31Mar2025 02:09:15.577] [Server thread/DEBUG] [ironfurnaces.IronFurnaces/]: Built TOML config for /workspaces/Minecraft_Server/servidor_minecraft/config/ironfurnaces.toml
[31Mar2025 02:09:15.577] [Server thread/DEBUG] [ironfurnaces.IronFurnaces/]: Loaded TOML config file /workspaces/Minecraft_Server/servidor_minecraft/config/ironfurnaces.toml
[31Mar2025 02:09:15.583] [Server thread/DEBUG] [ironfurnaces.IronFurnaces/]: Loading config file /workspaces/Minecraft_Server/servidor_minecraft/config/ironfurnaces-client.toml
[31Mar2025 02:09:15.583] [Server thread/DEBUG] [ironfurnaces.IronFurnaces/]: Built TOML config for /workspaces/Minecraft_Server/servidor_minecraft/config/ironfurnaces-client.toml
[31Mar2025 02:09:15.584] [Server thread/DEBUG] [ironfurnaces.IronFurnaces/]: Loaded TOML config file /workspaces/Minecraft_Server/servidor_minecraft/config/ironfurnaces-client.toml
[31Mar2025 02:09:15.584] [Server thread/DEBUG] [ironfurnaces.IronFurnaces/]: Loading config file /workspaces/Minecraft_Server/servidor_minecraft/config/ironfurnaces.toml
[31Mar2025 02:09:15.584] [Server thread/DEBUG] [ironfurnaces.IronFurnaces/]: Built TOML config for /workspaces/Minecraft_Server/servidor_minecraft/config/ironfurnaces.toml
[31Mar2025 02:09:15.584] [Server thread/DEBUG] [ironfurnaces.IronFurnaces/]: Loaded TOML config file /workspaces/Minecraft_Server/servidor_minecraft/config/ironfurnaces.toml
[31Mar2025 02:09:15.606] [Server thread/DEBUG] [ironfurnaces.IronFurnaces/]: Loading config file /workspaces/Minecraft_Server/servidor_minecraft/config/ironfurnaces-client.toml
[31Mar2025 02:09:15.606] [Server thread/DEBUG] [ironfurnaces.IronFurnaces/]: Built TOML config for /workspaces/Minecraft_Server/servidor_minecraft/config/ironfurnaces-client.toml
[31Mar2025 02:09:15.607] [Server thread/DEBUG] [ironfurnaces.IronFurnaces/]: Loaded TOML config file /workspaces/Minecraft_Server/servidor_minecraft/config/ironfurnaces-client.toml
[31Mar2025 02:09:15.607] [Server thread/DEBUG] [ironfurnaces.IronFurnaces/]: Loading config file /workspaces/Minecraft_Server/servidor_minecraft/config/ironfurnaces.toml
[31Mar2025 02:09:15.607] [Server thread/DEBUG] [ironfurnaces.IronFurnaces/]: Built TOML config for /workspaces/Minecraft_Server/servidor_minecraft/config/ironfurnaces.toml
[31Mar2025 02:09:15.607] [Server thread/DEBUG] [ironfurnaces.IronFurnaces/]: Loaded TOML config file /workspaces/Minecraft_Server/servidor_minecraft/config/ironfurnaces.toml
[31Mar2025 02:09:15.614] [Server thread/DEBUG] [ironfurnaces.IronFurnaces/]: Loading config file /workspaces/Minecraft_Server/servidor_minecraft/config/ironfurnaces-client.toml
[31Mar2025 02:09:15.614] [Server thread/DEBUG] [ironfurnaces.IronFurnaces/]: Built TOML config for /workspaces/Minecraft_Server/servidor_minecraft/config/ironfurnaces-client.toml
[31Mar2025 02:09:15.615] [Server thread/DEBUG] [ironfurnaces.IronFurnaces/]: Loaded TOML config file /workspaces/Minecraft_Server/servidor_minecraft/config/ironfurnaces-client.toml
[31Mar2025 02:09:15.616] [Server thread/DEBUG] [ironfurnaces.IronFurnaces/]: Loading config file /workspaces/Minecraft_Server/servidor_minecraft/config/ironfurnaces.toml
[31Mar2025 02:09:15.616] [Server thread/DEBUG] [ironfurnaces.IronFurnaces/]: Built TOML config for /workspaces/Minecraft_Server/servidor_minecraft/config/ironfurnaces.toml
[31Mar2025 02:09:15.616] [Server thread/DEBUG] [ironfurnaces.IronFurnaces/]: Loaded TOML config file /workspaces/Minecraft_Server/servidor_minecraft/config/ironfurnaces.toml
[31Mar2025 02:09:15.625] [Server thread/DEBUG] [ironfurnaces.IronFurnaces/]: Loading config file /workspaces/Minecraft_Server/servidor_minecraft/config/ironfurnaces-client.toml
[31Mar2025 02:09:15.625] [Server thread/DEBUG] [ironfurnaces.IronFurnaces/]: Built TOML config for /workspaces/Minecraft_Server/servidor_minecraft/config/ironfurnaces-client.toml
[31Mar2025 02:09:15.626] [Server thread/DEBUG] [ironfurnaces.IronFurnaces/]: Loaded TOML config file /workspaces/Minecraft_Server/servidor_minecraft/config/ironfurnaces-client.toml
[31Mar2025 02:09:15.626] [Server thread/DEBUG] [ironfurnaces.IronFurnaces/]: Loading config file /workspaces/Minecraft_Server/servidor_minecraft/config/ironfurnaces.toml
[31Mar2025 02:09:15.626] [Server thread/DEBUG] [ironfurnaces.IronFurnaces/]: Built TOML config for /workspaces/Minecraft_Server/servidor_minecraft/config/ironfurnaces.toml
[31Mar2025 02:09:15.626] [Server thread/DEBUG] [ironfurnaces.IronFurnaces/]: Loaded TOML config file /workspaces/Minecraft_Server/servidor_minecraft/config/ironfurnaces.toml
[31Mar2025 02:09:15.628] [Server thread/DEBUG] [ironfurnaces.IronFurnaces/]: Loading config file /workspaces/Minecraft_Server/servidor_minecraft/config/ironfurnaces-client.toml
[31Mar2025 02:09:15.628] [Server thread/DEBUG] [ironfurnaces.IronFurnaces/]: Built TOML config for /workspaces/Minecraft_Server/servidor_minecraft/config/ironfurnaces-client.toml
[31Mar2025 02:09:15.629] [Server thread/DEBUG] [ironfurnaces.IronFurnaces/]: Loaded TOML config file /workspaces/Minecraft_Server/servidor_minecraft/config/ironfurnaces-client.toml
[31Mar2025 02:09:15.630] [Server thread/DEBUG] [ironfurnaces.IronFurnaces/]: Loading config file /workspaces/Minecraft_Server/servidor_minecraft/config/ironfurnaces.toml
[31Mar2025 02:09:15.630] [Server thread/DEBUG] [ironfurnaces.IronFurnaces/]: Built TOML config for /workspaces/Minecraft_Server/servidor_minecraft/config/ironfurnaces.toml
[31Mar2025 02:09:15.630] [Server thread/DEBUG] [ironfurnaces.IronFurnaces/]: Loaded TOML config file /workspaces/Minecraft_Server/servidor_minecraft/config/ironfurnaces.toml
[31Mar2025 02:09:15.638] [Server thread/DEBUG] [ironfurnaces.IronFurnaces/]: Loading config file /workspaces/Minecraft_Server/servidor_minecraft/config/ironfurnaces-client.toml
[31Mar2025 02:09:15.638] [Server thread/DEBUG] [ironfurnaces.IronFurnaces/]: Built TOML config for /workspaces/Minecraft_Server/servidor_minecraft/config/ironfurnaces-client.toml
[31Mar2025 02:09:15.638] [Server thread/DEBUG] [ironfurnaces.IronFurnaces/]: Loaded TOML config file /workspaces/Minecraft_Server/servidor_minecraft/config/ironfurnaces-client.toml
[31Mar2025 02:09:15.639] [Server thread/DEBUG] [ironfurnaces.IronFurnaces/]: Loading config file /workspaces/Minecraft_Server/servidor_minecraft/config/ironfurnaces.toml
[31Mar2025 02:09:15.639] [Server thread/DEBUG] [ironfurnaces.IronFurnaces/]: Built TOML config for /workspaces/Minecraft_Server/servidor_minecraft/config/ironfurnaces.toml
[31Mar2025 02:09:15.639] [Server thread/DEBUG] [ironfurnaces.IronFurnaces/]: Loaded TOML config file /workspaces/Minecraft_Server/servidor_minecraft/config/ironfurnaces.toml
[31Mar2025 02:09:15.644] [Server thread/DEBUG] [ironfurnaces.IronFurnaces/]: Loading config file /workspaces/Minecraft_Server/servidor_minecraft/config/ironfurnaces-client.toml
[31Mar2025 02:09:15.644] [Server thread/DEBUG] [ironfurnaces.IronFurnaces/]: Built TOML config for /workspaces/Minecraft_Server/servidor_minecraft/config/ironfurnaces-client.toml
[31Mar2025 02:09:15.645] [Server thread/DEBUG] [ironfurnaces.IronFurnaces/]: Loaded TOML config file /workspaces/Minecraft_Server/servidor_minecraft/config/ironfurnaces-client.toml
[31Mar2025 02:09:15.645] [Server thread/DEBUG] [ironfurnaces.IronFurnaces/]: Loading config file /workspaces/Minecraft_Server/servidor_minecraft/config/ironfurnaces.toml
[31Mar2025 02:09:15.645] [Server thread/DEBUG] [ironfurnaces.IronFurnaces/]: Built TOML config for /workspaces/Minecraft_Server/servidor_minecraft/config/ironfurnaces.toml
[31Mar2025 02:09:15.645] [Server thread/DEBUG] [ironfurnaces.IronFurnaces/]: Loaded TOML config file /workspaces/Minecraft_Server/servidor_minecraft/config/ironfurnaces.toml
[31Mar2025 02:09:15.647] [Server thread/DEBUG] [ironfurnaces.IronFurnaces/]: Loading config file /workspaces/Minecraft_Server/servidor_minecraft/config/ironfurnaces-client.toml
[31Mar2025 02:09:15.647] [Server thread/DEBUG] [ironfurnaces.IronFurnaces/]: Built TOML config for /workspaces/Minecraft_Server/servidor_minecraft/config/ironfurnaces-client.toml
[31Mar2025 02:09:15.648] [Server thread/DEBUG] [ironfurnaces.IronFurnaces/]: Loaded TOML config file /workspaces/Minecraft_Server/servidor_minecraft/config/ironfurnaces-client.toml
[31Mar2025 02:09:15.648] [Server thread/DEBUG] [ironfurnaces.IronFurnaces/]: Loading config file /workspaces/Minecraft_Server/servidor_minecraft/config/ironfurnaces.toml
[31Mar2025 02:09:15.648] [Server thread/DEBUG] [ironfurnaces.IronFurnaces/]: Built TOML config for /workspaces/Minecraft_Server/servidor_minecraft/config/ironfurnaces.toml
[31Mar2025 02:09:15.648] [Server thread/DEBUG] [ironfurnaces.IronFurnaces/]: Loaded TOML config file /workspaces/Minecraft_Server/servidor_minecraft/config/ironfurnaces.toml
[31Mar2025 02:09:15.652] [Server thread/DEBUG] [ironfurnaces.IronFurnaces/]: Loading config file /workspaces/Minecraft_Server/servidor_minecraft/config/ironfurnaces-client.toml
[31Mar2025 02:09:15.652] [Server thread/DEBUG] [ironfurnaces.IronFurnaces/]: Built TOML config for /workspaces/Minecraft_Server/servidor_minecraft/config/ironfurnaces-client.toml
[31Mar2025 02:09:15.653] [Server thread/DEBUG] [ironfurnaces.IronFurnaces/]: Loaded TOML config file /workspaces/Minecraft_Server/servidor_minecraft/config/ironfurnaces-client.toml
[31Mar2025 02:09:15.653] [Server thread/DEBUG] [ironfurnaces.IronFurnaces/]: Loading config file /workspaces/Minecraft_Server/servidor_minecraft/config/ironfurnaces.toml
[31Mar2025 02:09:15.653] [Server thread/DEBUG] [ironfurnaces.IronFurnaces/]: Built TOML config for /workspaces/Minecraft_Server/servidor_minecraft/config/ironfurnaces.toml
[31Mar2025 02:09:15.653] [Server thread/DEBUG] [ironfurnaces.IronFurnaces/]: Loaded TOML config file /workspaces/Minecraft_Server/servidor_minecraft/config/ironfurnaces.toml
[31Mar2025 02:09:15.654] [Server thread/DEBUG] [ironfurnaces.IronFurnaces/]: Loading config file /workspaces/Minecraft_Server/servidor_minecraft/config/ironfurnaces-client.toml
[31Mar2025 02:09:15.655] [Server thread/DEBUG] [ironfurnaces.IronFurnaces/]: Built TOML config for /workspaces/Minecraft_Server/servidor_minecraft/config/ironfurnaces-client.toml
[31Mar2025 02:09:15.655] [Server thread/DEBUG] [ironfurnaces.IronFurnaces/]: Loaded TOML config file /workspaces/Minecraft_Server/servidor_minecraft/config/ironfurnaces-client.toml
[31Mar2025 02:09:15.655] [Server thread/DEBUG] [ironfurnaces.IronFurnaces/]: Loading config file /workspaces/Minecraft_Server/servidor_minecraft/config/ironfurnaces.toml
[31Mar2025 02:09:15.655] [Server thread/DEBUG] [ironfurnaces.IronFurnaces/]: Built TOML config for /workspaces/Minecraft_Server/servidor_minecraft/config/ironfurnaces.toml
[31Mar2025 02:09:15.655] [Server thread/DEBUG] [ironfurnaces.IronFurnaces/]: Loaded TOML config file /workspaces/Minecraft_Server/servidor_minecraft/config/ironfurnaces.toml
[31Mar2025 02:09:15.663] [Server thread/DEBUG] [ironfurnaces.IronFurnaces/]: Loading config file /workspaces/Minecraft_Server/servidor_minecraft/config/ironfurnaces-client.toml
[31Mar2025 02:09:15.663] [Server thread/DEBUG] [ironfurnaces.IronFurnaces/]: Built TOML config for /workspaces/Minecraft_Server/servidor_minecraft/config/ironfurnaces-client.toml
[31Mar2025 02:09:15.664] [Server thread/DEBUG] [ironfurnaces.IronFurnaces/]: Loaded TOML config file /workspaces/Minecraft_Server/servidor_minecraft/config/ironfurnaces-client.toml
[31Mar2025 02:09:15.664] [Server thread/DEBUG] [ironfurnaces.IronFurnaces/]: Loading config file /workspaces/Minecraft_Server/servidor_minecraft/config/ironfurnaces.toml
[31Mar2025 02:09:15.664] [Server thread/DEBUG] [ironfurnaces.IronFurnaces/]: Built TOML config for /workspaces/Minecraft_Server/servidor_minecraft/config/ironfurnaces.toml
[31Mar2025 02:09:15.665] [Server thread/DEBUG] [ironfurnaces.IronFurnaces/]: Loaded TOML config file /workspaces/Minecraft_Server/servidor_minecraft/config/ironfurnaces.toml
[31Mar2025 02:09:15.668] [Server thread/DEBUG] [ironfurnaces.IronFurnaces/]: Loading config file /workspaces/Minecraft_Server/servidor_minecraft/config/ironfurnaces-client.toml
[31Mar2025 02:09:15.668] [Server thread/DEBUG] [ironfurnaces.IronFurnaces/]: Built TOML config for /workspaces/Minecraft_Server/servidor_minecraft/config/ironfurnaces-client.toml
[31Mar2025 02:09:15.668] [Server thread/DEBUG] [ironfurnaces.IronFurnaces/]: Loaded TOML config file /workspaces/Minecraft_Server/servidor_minecraft/config/ironfurnaces-client.toml
[31Mar2025 02:09:15.669] [Server thread/DEBUG] [ironfurnaces.IronFurnaces/]: Loading config file /workspaces/Minecraft_Server/servidor_minecraft/config/ironfurnaces.toml
[31Mar2025 02:09:15.669] [Server thread/DEBUG] [ironfurnaces.IronFurnaces/]: Built TOML config for /workspaces/Minecraft_Server/servidor_minecraft/config/ironfurnaces.toml
[31Mar2025 02:09:15.669] [Server thread/DEBUG] [ironfurnaces.IronFurnaces/]: Loaded TOML config file /workspaces/Minecraft_Server/servidor_minecraft/config/ironfurnaces.toml
[31Mar2025 02:09:15.670] [Server thread/DEBUG] [ironfurnaces.IronFurnaces/]: Loading config file /workspaces/Minecraft_Server/servidor_minecraft/config/ironfurnaces-client.toml
[31Mar2025 02:09:15.670] [Server thread/DEBUG] [ironfurnaces.IronFurnaces/]: Built TOML config for /workspaces/Minecraft_Server/servidor_minecraft/config/ironfurnaces-client.toml
[31Mar2025 02:09:15.671] [Server thread/DEBUG] [ironfurnaces.IronFurnaces/]: Loaded TOML config file /workspaces/Minecraft_Server/servidor_minecraft/config/ironfurnaces-client.toml
[31Mar2025 02:09:15.671] [Server thread/DEBUG] [ironfurnaces.IronFurnaces/]: Loading config file /workspaces/Minecraft_Server/servidor_minecraft/config/ironfurnaces.toml
[31Mar2025 02:09:15.671] [Server thread/DEBUG] [ironfurnaces.IronFurnaces/]: Built TOML config for /workspaces/Minecraft_Server/servidor_minecraft/config/ironfurnaces.toml
[31Mar2025 02:09:15.671] [Server thread/DEBUG] [ironfurnaces.IronFurnaces/]: Loaded TOML config file /workspaces/Minecraft_Server/servidor_minecraft/config/ironfurnaces.toml
[31Mar2025 02:09:15.673] [Server thread/DEBUG] [ironfurnaces.IronFurnaces/]: Loading config file /workspaces/Minecraft_Server/servidor_minecraft/config/ironfurnaces-client.toml
[31Mar2025 02:09:15.673] [Server thread/DEBUG] [ironfurnaces.IronFurnaces/]: Built TOML config for /workspaces/Minecraft_Server/servidor_minecraft/config/ironfurnaces-client.toml
[31Mar2025 02:09:15.674] [Server thread/DEBUG] [ironfurnaces.IronFurnaces/]: Loaded TOML config file /workspaces/Minecraft_Server/servidor_minecraft/config/ironfurnaces-client.toml
[31Mar2025 02:09:15.674] [Server thread/DEBUG] [ironfurnaces.IronFurnaces/]: Loading config file /workspaces/Minecraft_Server/servidor_minecraft/config/ironfurnaces.toml
[31Mar2025 02:09:15.674] [Server thread/DEBUG] [ironfurnaces.IronFurnaces/]: Built TOML config for /workspaces/Minecraft_Server/servidor_minecraft/config/ironfurnaces.toml
[31Mar2025 02:09:15.674] [Server thread/DEBUG] [ironfurnaces.IronFurnaces/]: Loaded TOML config file /workspaces/Minecraft_Server/servidor_minecraft/config/ironfurnaces.toml
[31Mar2025 02:09:15.677] [Server thread/INFO] [net.minecraft.server.MinecraftServer/]: Preparing start region for dimension minecraft:overworld
[31Mar2025 02:09:16.672] [Server thread/DEBUG] [mixin/]: Mixing MixinChunkSerializer from architectury.mixins.json into net.minecraft.world.level.chunk.storage.ChunkSerializer
[31Mar2025 02:09:18.504] [Server thread/DEBUG] [net.minecraftforge.coremod.transformer.CoreModBaseTransformer/COREMOD]: Transforming net/minecraft/world/level/levelgen/structure/templatesystem/StructureTemplate
[31Mar2025 02:09:18.571] [Server thread/DEBUG] [mixin/]: Mixing structures.StructureTemplateMixin from mss-common.mixins.json into net.minecraft.world.level.levelgen.structure.templatesystem.StructureTemplate
[31Mar2025 02:09:18.571] [Server thread/DEBUG] [mixin/]: Renaming synthetic method lambda$mss_preventAutoWaterlogging$0(Lnet/minecraft/world/level/levelgen/structure/templatesystem/StructureProcessor;)Z to md3e34bd$lambda$mss_preventAutoWaterlogging$0$0 in mss-common.mixins.json:structures.StructureTemplateMixin
[31Mar2025 02:09:18.573] [Server thread/DEBUG] [mixin/]: Mixing structures.TemplateAccessor from mss-common.mixins.json into net.minecraft.world.level.levelgen.structure.templatesystem.StructureTemplate
[31Mar2025 02:09:20.333] [Worker-Main-3/INFO] [net.minecraft.server.level.progress.LoggerChunkProgressListener/]: Preparing spawn area: 0%
[31Mar2025 02:09:20.360] [Worker-Main-3/INFO] [net.minecraft.server.level.progress.LoggerChunkProgressListener/]: Preparing spawn area: 0%
[31Mar2025 02:09:20.474] [Worker-Main-2/INFO] [net.minecraft.server.level.progress.LoggerChunkProgressListener/]: Preparing spawn area: 0%
[31Mar2025 02:09:20.483] [Worker-Main-3/INFO] [net.minecraft.server.level.progress.LoggerChunkProgressListener/]: Preparing spawn area: 0%
[31Mar2025 02:09:20.490] [Worker-Main-2/INFO] [net.minecraft.server.level.progress.LoggerChunkProgressListener/]: Preparing spawn area: 0%
[31Mar2025 02:09:20.508] [Worker-Main-2/INFO] [net.minecraft.server.level.progress.LoggerChunkProgressListener/]: Preparing spawn area: 0%
[31Mar2025 02:09:20.514] [Worker-Main-3/INFO] [net.minecraft.server.level.progress.LoggerChunkProgressListener/]: Preparing spawn area: 0%
[31Mar2025 02:09:20.537] [Worker-Main-1/INFO] [net.minecraft.server.level.progress.LoggerChunkProgressListener/]: Preparing spawn area: 0%
[31Mar2025 02:09:20.552] [Worker-Main-3/INFO] [net.minecraft.server.level.progress.LoggerChunkProgressListener/]: Preparing spawn area: 0%
[31Mar2025 02:09:20.561] [Worker-Main-2/INFO] [net.minecraft.server.level.progress.LoggerChunkProgressListener/]: Preparing spawn area: 0%
[31Mar2025 02:09:20.684] [Worker-Main-3/INFO] [net.minecraft.server.level.progress.LoggerChunkProgressListener/]: Preparing spawn area: 0%
[31Mar2025 02:09:21.198] [Worker-Main-2/INFO] [net.minecraft.server.level.progress.LoggerChunkProgressListener/]: Preparing spawn area: 0%
[31Mar2025 02:09:21.680] [Worker-Main-1/INFO] [net.minecraft.server.level.progress.LoggerChunkProgressListener/]: Preparing spawn area: 0%
[31Mar2025 02:09:22.182] [Worker-Main-2/INFO] [net.minecraft.server.level.progress.LoggerChunkProgressListener/]: Preparing spawn area: 0%
[31Mar2025 02:09:22.679] [Worker-Main-3/INFO] [net.minecraft.server.level.progress.LoggerChunkProgressListener/]: Preparing spawn area: 0%
[31Mar2025 02:09:23.208] [Worker-Main-1/INFO] [net.minecraft.server.level.progress.LoggerChunkProgressListener/]: Preparing spawn area: 0%
[31Mar2025 02:09:23.679] [Worker-Main-2/INFO] [net.minecraft.server.level.progress.LoggerChunkProgressListener/]: Preparing spawn area: 4%
[31Mar2025 02:09:23.722] [Server thread/DEBUG] [portb.transformerlib.TransformerLib/]: Transforming net/minecraftforge/items/wrapper/EntityEquipmentInvWrapper (target of net/minecraftforge/items/IItemHandler)
[31Mar2025 02:09:23.790] [Server thread/DEBUG] [io.netty.buffer.AbstractByteBuf/]: -Dio.netty.buffer.checkAccessible: true
[31Mar2025 02:09:23.791] [Server thread/DEBUG] [io.netty.buffer.AbstractByteBuf/]: -Dio.netty.buffer.checkBounds: true
[31Mar2025 02:09:23.793] [Server thread/DEBUG] [io.netty.util.ResourceLeakDetectorFactory/]: Loaded default ResourceLeakDetector: io.netty.util.ResourceLeakDetector@75930f77
[31Mar2025 02:09:23.896] [Server thread/DEBUG] [portb.transformerlib.TransformerLib/]: Transforming top/theillusivec4/curios/common/inventory/DynamicStackHandler (target of net/minecraftforge/items/IItemHandler)
[31Mar2025 02:09:23.897] [Server thread/DEBUG] [portb.transformerlib.TransformerLib/]: Transforming net/minecraftforge/items/ItemStackHandler (target of net/minecraftforge/items/IItemHandler)
[31Mar2025 02:09:23.990] [Server thread/DEBUG] [portb.transformerlib.TransformerLib/]: Transforming net/minecraftforge/items/wrapper/SidedInvWrapper (target of net/minecraftforge/items/IItemHandler)
[31Mar2025 02:09:24.095] [Server thread/DEBUG] [portb.transformerlib.TransformerLib/]: Transforming net/minecraftforge/items/wrapper/InvWrapper (target of net/minecraftforge/items/IItemHandler)
[31Mar2025 02:09:24.178] [Worker-Main-1/INFO] [net.minecraft.server.level.progress.LoggerChunkProgressListener/]: Preparing spawn area: 38%
[31Mar2025 02:09:24.762] [Worker-Main-2/INFO] [net.minecraft.server.level.progress.LoggerChunkProgressListener/]: Preparing spawn area: 55%
[31Mar2025 02:09:25.254] [Worker-Main-3/INFO] [net.minecraft.server.level.progress.LoggerChunkProgressListener/]: Preparing spawn area: 73%
[31Mar2025 02:09:25.707] [Worker-Main-3/INFO] [net.minecraft.server.level.progress.LoggerChunkProgressListener/]: Preparing spawn area: 92%
[31Mar2025 02:09:25.778] [Server thread/INFO] [net.minecraft.server.level.progress.LoggerChunkProgressListener/]: Time elapsed: 10100 ms
[31Mar2025 02:09:25.779] [Server thread/INFO] [net.minecraft.server.dedicated.DedicatedServer/]: Done (14.370s)! For help, type "help"
[31Mar2025 02:09:25.790] [Server thread/DEBUG] [net.minecraftforge.network.DualStackUtils/]: Detected IPv6 address: "0:0:0:0:0:0:0:0"
[31Mar2025 02:09:25.835] [Server thread/DEBUG] [net.minecraftforge.common.ForgeI18n/CORE]: Loading I18N data entries: 10040
[31Mar2025 02:09:25.841] [Server thread/INFO] [net.minecraftforge.server.permission.PermissionAPI/]: Successfully initialized permission handler forge:default_handler
[31Mar2025 02:09:26.015] [Server thread/INFO] [cyclopscore/]: Loading infobook /data/cyclopscore/info/test.xml
[31Mar2025 02:09:26.029] [Server thread/INFO] [evilcraft/]: Loading infobook /data/evilcraft/info/book.xml
[31Mar2025 02:09:26.073] [Server thread/WARN] [evilcraft/]: Invalid appendix info_book.evilcraft.second_age.tools.broom from mod evilcraft in an infobook: The broom modifier evilcraft:witherer has no valid items
[31Mar2025 02:09:26.074] [Server thread/WARN] [evilcraft/]: Invalid appendix info_book.evilcraft.second_age.tools.broom from mod evilcraft in an infobook: The broom modifier evilcraft:hungerer has no valid items
[31Mar2025 02:09:26.074] [Server thread/WARN] [evilcraft/]: Invalid appendix info_book.evilcraft.second_age.tools.broom from mod evilcraft in an infobook: The broom modifier evilcraft:kamikaze has no valid items
[31Mar2025 02:09:26.074] [Server thread/WARN] [evilcraft/]: Invalid appendix info_book.evilcraft.second_age.tools.broom from mod evilcraft in an infobook: The broom modifier evilcraft:withershield has no valid items
[31Mar2025 02:09:26.110] [Server thread/INFO] [patchouli/]: Sending reload packet to clients
[31Mar2025 02:09:26.221] [Server thread/DEBUG] [net.minecraftforge.coremod.transformer.CoreModBaseTransformer/COREMOD]: Transforming net/minecraft/world/level/NaturalSpawner
[31Mar2025 02:09:26.255] [Server thread/DEBUG] [mixin/]: Mixing item.wearable.NaturalSpawnerMixin from mixins.artifacts.common.json into net.minecraft.world.level.NaturalSpawner
[31Mar2025 02:09:26.256] [Server thread/DEBUG] [mixin/]: Renaming synthetic method lambda$spawnCategoryForPosition$0(Lnet/minecraft/world/entity/Mob;Lnet/minecraft/world/item/ItemStack;)V to md3e34bd$lambda$spawnCategoryForPosition$0$0 in mixins.artifacts.common.json:item.wearable.NaturalSpawnerMixin
[31Mar2025 02:09:26.286] [Server thread/DEBUG] [mixin/]: Mixing TrackedEntityAccessor from emotecraft.mixins.json into net.minecraft.server.level.ChunkMap$TrackedEntity
[31Mar2025 02:09:26.286] [Server thread/DEBUG] [mixin/]: emotecraft.mixins.json:TrackedEntityAccessor: Class version 61 required is higher than the class version supported by the current version of Mixin (JAVA_16 supports class version 60)
[31Mar2025 02:09:26.289] [Server thread/DEBUG] [net.minecraftforge.coremod.transformer.CoreModBaseTransformer/COREMOD]: Transforming m_8543_ with desc ()V
[31Mar2025 02:09:26.289] [Server thread/DEBUG] [mixin/]: Mixing ServerPlayTrackerMixin from emotecraft-arch.mixins.json into net.minecraft.server.level.ServerEntity
[31Mar2025 02:09:26.289] [Server thread/DEBUG] [mixin/]: emotecraft-arch.mixins.json:ServerPlayTrackerMixin: Class version 61 required is higher than the class version supported by the current version of Mixin (JAVA_16 supports class version 60)
[31Mar2025 02:09:26.367] [Server thread/DEBUG] [artifacts.Artifacts/]: Loaded artifacts.forge.platform.ForgePlatformHelper@18a43aaf for service interface artifacts.platform.PlatformHelper
[31Mar2025 02:09:26.694] [Server thread/DEBUG] [portb.transformerlib.TransformerLib/]: Transforming net/minecraftforge/items/wrapper/ShulkerItemStackInvWrapper (target of net/minecraftforge/items/IItemHandler)
[31Mar2025 02:09:40.915] [Netty Epoll Server IO #1/DEBUG] [io.netty.util.Recycler/]: -Dio.netty.recycler.maxCapacityPerThread: 4096
[31Mar2025 02:09:40.916] [Netty Epoll Server IO #1/DEBUG] [io.netty.util.Recycler/]: -Dio.netty.recycler.ratio: 8
[31Mar2025 02:09:40.916] [Netty Epoll Server IO #1/DEBUG] [io.netty.util.Recycler/]: -Dio.netty.recycler.chunkSize: 32
[31Mar2025 02:09:40.916] [Netty Epoll Server IO #1/DEBUG] [io.netty.util.Recycler/]: -Dio.netty.recycler.blocking: false
[31Mar2025 02:09:40.987] [Netty Epoll Server IO #1/DEBUG] [net.minecraftforge.network.HandshakeHandler/FMLHANDSHAKE]: Starting new modded impl connection. Found 38 messages to dispatch.
[31Mar2025 02:09:41.019] [Server thread/DEBUG] [net.minecraftforge.network.HandshakeHandler/FMLHANDSHAKE]: Sending ticking packet info 'portb.biggerstacks.net.ClientboundRulesHandshakePacket' to 'biggerstacks:rules' sequence 0
[31Mar2025 02:09:41.067] [Server thread/DEBUG] [net.minecraftforge.network.HandshakeHandler/FMLHANDSHAKE]: Sending ticking packet info 'net.minecraftforge.network.HandshakeMessages$S2CModData' to 'fml:handshake' sequence 1
[31Mar2025 02:09:41.117] [Server thread/DEBUG] [net.minecraftforge.network.HandshakeHandler/FMLHANDSHAKE]: Sending ticking packet info 'net.minecraftforge.network.HandshakeMessages$S2CModList' to 'fml:handshake' sequence 2
[31Mar2025 02:09:41.167] [Server thread/DEBUG] [net.minecraftforge.network.HandshakeHandler/FMLHANDSHAKE]: Sending ticking packet info 'Registry minecraft:command_argument_type' to 'fml:handshake' sequence 3
[31Mar2025 02:09:41.218] [Server thread/DEBUG] [net.minecraftforge.network.HandshakeHandler/FMLHANDSHAKE]: Sending ticking packet info 'Registry aether:moa_type' to 'fml:handshake' sequence 4
[31Mar2025 02:09:41.267] [Server thread/DEBUG] [net.minecraftforge.network.HandshakeHandler/FMLHANDSHAKE]: Sending ticking packet info 'Registry minecraft:villager_profession' to 'fml:handshake' sequence 5
[31Mar2025 02:09:41.275] [Netty Epoll Server IO #1/DEBUG] [net.minecraftforge.network.LoginWrapper/FMLHANDSHAKE]: Recieved login wrapper packet event for channel fml:handshake with index 2
[31Mar2025 02:09:41.278] [Netty Epoll Server IO #1/DEBUG] [net.minecraftforge.network.HandshakeHandler/FMLHANDSHAKE]: Received client indexed reply 2 of type net.minecraftforge.network.HandshakeMessages$C2SModListReply
[31Mar2025 02:09:41.278] [Netty Epoll Server IO #1/DEBUG] [net.minecraftforge.network.HandshakeHandler/FMLHANDSHAKE]: Received client connection with modlist [cyclopscore, animation_overhaul, mutantmonsters, geckolib, scena, mss, botarium, playeranimator, aether, jei, incendium, fabledweaponry, journeymap, citadel, alexsmobs, travelersbackpack, artifacts, evilcraft, evilcraftcompat, mixinextras, oreharvester, terralith, biggerstacks, mythicmounts, puzzlesaccessapi, cloth_config, forge, pfm, twilightforest, tlskincape, konkrete, emotecraft, useless_sword, minecraft, necronomicon, jade, ironfurnaces, resourcefulconfig, curios, patchouli, gravestone, collective, mr_dungeons_andtaverns, inventoryhud, resourcefullib, cumulus_menus, architectury, mca, puzzleslib, justzoom, nitrogen_internals, celestisynth, expandability, chiselsandbits, ad_astra]
[31Mar2025 02:09:41.279] [Netty Epoll Server IO #1/DEBUG] [net.minecraftforge.network.NetworkRegistry/NETREGISTRY]: Channel 'evilcraftcompat:channel_main' : Version test of '1.0.0' from client : ACCEPTED
[31Mar2025 02:09:41.279] [Netty Epoll Server IO #1/DEBUG] [net.minecraftforge.network.NetworkRegistry/NETREGISTRY]: Channel 'architectury:network' : Version test of '1' from client : ACCEPTED
[31Mar2025 02:09:41.279] [Netty Epoll Server IO #1/DEBUG] [net.minecraftforge.network.NetworkRegistry/NETREGISTRY]: Channel 'pfm:main_channel' : Version test of '1' from client : ACCEPTED
[31Mar2025 02:09:41.279] [Netty Epoll Server IO #1/DEBUG] [net.minecraftforge.network.NetworkRegistry/NETREGISTRY]: Channel 'celestisynth:messages' : Version test of '1.0' from client : ACCEPTED
[31Mar2025 02:09:41.279] [Netty Epoll Server IO #1/DEBUG] [net.minecraftforge.network.NetworkRegistry/NETREGISTRY]: Channel 'jei:channel' : Version test of '1.0.0' from client : ACCEPTED
[31Mar2025 02:09:41.279] [Netty Epoll Server IO #1/DEBUG] [net.minecraftforge.network.NetworkRegistry/NETREGISTRY]: Channel 'aether:main' : Version test of '1' from client : ACCEPTED
[31Mar2025 02:09:41.279] [Netty Epoll Server IO #1/DEBUG] [net.minecraftforge.network.NetworkRegistry/NETREGISTRY]: Channel 'minecraft:unregister' : Version test of 'FML3' from client : ACCEPTED
[31Mar2025 02:09:41.279] [Netty Epoll Server IO #1/DEBUG] [net.minecraftforge.network.NetworkRegistry/NETREGISTRY]: Channel 'citadel:main_channel' : Version test of '1' from client : ACCEPTED
[31Mar2025 02:09:41.279] [Netty Epoll Server IO #1/DEBUG] [net.minecraftforge.network.NetworkRegistry/NETREGISTRY]: Channel 'puzzleslib:1' : Version test of '1' from client : ACCEPTED
[31Mar2025 02:09:41.279] [Netty Epoll Server IO #1/DEBUG] [net.minecraftforge.network.NetworkRegistry/NETREGISTRY]: Channel 'ironfurnaces:ironfurnaces_network' : Version test of '1.0' from client : ACCEPTED
[31Mar2025 02:09:41.279] [Netty Epoll Server IO #1/DEBUG] [net.minecraftforge.network.NetworkRegistry/NETREGISTRY]: Channel 'nitrogen_internals:main' : Version test of '1' from client : ACCEPTED
[31Mar2025 02:09:41.279] [Netty Epoll Server IO #1/DEBUG] [net.minecraftforge.network.NetworkRegistry/NETREGISTRY]: Channel 'journeymap:version' : Version test of '1' from client : ACCEPTED
[31Mar2025 02:09:41.279] [Netty Epoll Server IO #1/DEBUG] [net.minecraftforge.network.NetworkRegistry/NETREGISTRY]: Channel 'ad_astra:main' : Version test of '0' from client : ACCEPTED
[31Mar2025 02:09:41.279] [Netty Epoll Server IO #1/DEBUG] [net.minecraftforge.network.NetworkRegistry/NETREGISTRY]: Channel 'travelersbackpack:network' : Version test of 'travelersbackpack:1' from client : ACCEPTED
[31Mar2025 02:09:41.279] [Netty Epoll Server IO #1/DEBUG] [net.minecraftforge.network.NetworkRegistry/NETREGISTRY]: Channel 'curios:main' : Version test of '1' from client : ACCEPTED
[31Mar2025 02:09:41.279] [Netty Epoll Server IO #1/DEBUG] [net.minecraftforge.network.NetworkRegistry/NETREGISTRY]: Channel 'worldinfo:world_id' : Version test of '1' from client : ACCEPTED
[31Mar2025 02:09:41.279] [Netty Epoll Server IO #1/DEBUG] [net.minecraftforge.network.NetworkRegistry/NETREGISTRY]: Channel 'cyclopscore:channel_main' : Version test of '1.0.0' from client : ACCEPTED
[31Mar2025 02:09:41.279] [Netty Epoll Server IO #1/DEBUG] [net.minecraftforge.network.NetworkRegistry/NETREGISTRY]: Channel 'journeymap:admin_req' : Version test of '1' from client : ACCEPTED
[31Mar2025 02:09:41.279] [Netty Epoll Server IO #1/DEBUG] [net.minecraftforge.network.NetworkRegistry/NETREGISTRY]: Channel 'journeymap:mp_options_req' : Version test of '1' from client : ACCEPTED
[31Mar2025 02:09:41.279] [Netty Epoll Server IO #1/DEBUG] [net.minecraftforge.network.NetworkRegistry/NETREGISTRY]: Channel 'journeymap:waypoint' : Version test of '1' from client : ACCEPTED
[31Mar2025 02:09:41.279] [Netty Epoll Server IO #1/DEBUG] [net.minecraftforge.network.NetworkRegistry/NETREGISTRY]: Channel 'fml:loginwrapper' : Version test of 'FML3' from client : ACCEPTED
[31Mar2025 02:09:41.279] [Netty Epoll Server IO #1/DEBUG] [net.minecraftforge.network.NetworkRegistry/NETREGISTRY]: Channel 'forge:tier_sorting' : Version test of '1.0' from client : ACCEPTED
[31Mar2025 02:09:41.279] [Netty Epoll Server IO #1/DEBUG] [net.minecraftforge.network.NetworkRegistry/NETREGISTRY]: Channel 'evilcraft:channel_main' : Version test of '1.0.0' from client : ACCEPTED
[31Mar2025 02:09:41.279] [Netty Epoll Server IO #1/DEBUG] [net.minecraftforge.network.NetworkRegistry/NETREGISTRY]: Channel 'biggerstacks:rules' : Version test of '1' from client : ACCEPTED
[31Mar2025 02:09:41.279] [Netty Epoll Server IO #1/DEBUG] [net.minecraftforge.network.NetworkRegistry/NETREGISTRY]: Channel 'alexsmobs:main_channel' : Version test of '1' from client : ACCEPTED
[31Mar2025 02:09:41.279] [Netty Epoll Server IO #1/DEBUG] [net.minecraftforge.network.NetworkRegistry/NETREGISTRY]: Channel 'chiselsandbits:chiselsandbits' : Version test of '1.0' from client : ACCEPTED
[31Mar2025 02:09:41.279] [Netty Epoll Server IO #1/DEBUG] [net.minecraftforge.network.NetworkRegistry/NETREGISTRY]: Channel 'mca:main' : Version test of '1' from client : ACCEPTED
[31Mar2025 02:09:41.280] [Netty Epoll Server IO #1/DEBUG] [net.minecraftforge.network.NetworkRegistry/NETREGISTRY]: Channel 'fml:play' : Version test of 'FML3' from client : ACCEPTED
[31Mar2025 02:09:41.280] [Netty Epoll Server IO #1/DEBUG] [net.minecraftforge.network.NetworkRegistry/NETREGISTRY]: Channel 'journeymap:player_loc' : Version test of '1' from client : ACCEPTED
[31Mar2025 02:09:41.280] [Netty Epoll Server IO #1/DEBUG] [net.minecraftforge.network.NetworkRegistry/NETREGISTRY]: Channel 'journeymap:admin_save' : Version test of '1' from client : ACCEPTED
[31Mar2025 02:09:41.280] [Netty Epoll Server IO #1/DEBUG] [net.minecraftforge.network.NetworkRegistry/NETREGISTRY]: Channel 'geyser:emote' : Version test of '0' from client : ACCEPTED
[31Mar2025 02:09:41.280] [Netty Epoll Server IO #1/DEBUG] [net.minecraftforge.network.NetworkRegistry/NETREGISTRY]: Channel 'gravestone:default' : Version test of '1.0.0' from client : ACCEPTED
[31Mar2025 02:09:41.280] [Netty Epoll Server IO #1/DEBUG] [net.minecraftforge.network.NetworkRegistry/NETREGISTRY]: Channel 'mythicmounts:messages' : Version test of '1.0' from client : ACCEPTED
[31Mar2025 02:09:41.280] [Netty Epoll Server IO #1/DEBUG] [net.minecraftforge.network.NetworkRegistry/NETREGISTRY]: Channel 'patchouli:main' : Version test of '1' from client : ACCEPTED
[31Mar2025 02:09:41.280] [Netty Epoll Server IO #1/DEBUG] [net.minecraftforge.network.NetworkRegistry/NETREGISTRY]: Channel 'journeymap:teleport_req' : Version test of '1' from client : ACCEPTED
[31Mar2025 02:09:41.280] [Netty Epoll Server IO #1/DEBUG] [net.minecraftforge.network.NetworkRegistry/NETREGISTRY]: Channel 'fml:handshake' : Version test of 'FML3' from client : ACCEPTED
[31Mar2025 02:09:41.280] [Netty Epoll Server IO #1/DEBUG] [net.minecraftforge.network.NetworkRegistry/NETREGISTRY]: Channel 'journeymap:common' : Version test of '1' from client : ACCEPTED
[31Mar2025 02:09:41.280] [Netty Epoll Server IO #1/DEBUG] [net.minecraftforge.network.NetworkRegistry/NETREGISTRY]: Channel 'useless_sword:useless_sword' : Version test of '1' from client : ACCEPTED
[31Mar2025 02:09:41.280] [Netty Epoll Server IO #1/DEBUG] [net.minecraftforge.network.NetworkRegistry/NETREGISTRY]: Channel 'mutantmonsters:1' : Version test of '1' from client : ACCEPTED
[31Mar2025 02:09:41.280] [Netty Epoll Server IO #1/DEBUG] [net.minecraftforge.network.NetworkRegistry/NETREGISTRY]: Channel 'minecraft:register' : Version test of 'FML3' from client : ACCEPTED
[31Mar2025 02:09:41.280] [Netty Epoll Server IO #1/DEBUG] [net.minecraftforge.network.NetworkRegistry/NETREGISTRY]: Channel 'forge:split' : Version test of '1.1' from client : ACCEPTED
[31Mar2025 02:09:41.280] [Netty Epoll Server IO #1/DEBUG] [net.minecraftforge.network.NetworkRegistry/NETREGISTRY]: Channel 'journeymap:perm_req' : Version test of '1' from client : ACCEPTED
[31Mar2025 02:09:41.280] [Netty Epoll Server IO #1/DEBUG] [net.minecraftforge.network.NetworkRegistry/NETREGISTRY]: Channel 'twilightforest:channel' : Version test of '2' from client : ACCEPTED
[31Mar2025 02:09:41.280] [Netty Epoll Server IO #1/DEBUG] [net.minecraftforge.network.NetworkRegistry/NETREGISTRY]: Channel 'geckolib:main' : Version test of '1' from client : ACCEPTED
[31Mar2025 02:09:41.280] [Netty Epoll Server IO #1/DEBUG] [net.minecraftforge.network.NetworkRegistry/NETREGISTRY]: Channel 'jade:networking' : Version test of '2' from client : ACCEPTED
[31Mar2025 02:09:41.280] [Netty Epoll Server IO #1/DEBUG] [net.minecraftforge.network.NetworkRegistry/NETREGISTRY]: Channel 'emotecraft:emote' : Version test of '8' from client : ACCEPTED
[31Mar2025 02:09:41.280] [Netty Epoll Server IO #1/DEBUG] [net.minecraftforge.network.NetworkRegistry/NETREGISTRY]: Accepting channel list from client
[31Mar2025 02:09:41.281] [Netty Epoll Server IO #1/DEBUG] [net.minecraftforge.network.HandshakeHandler/FMLHANDSHAKE]: Accepted client connection mod list
[31Mar2025 02:09:41.300] [Netty Epoll Server IO #1/DEBUG] [net.minecraftforge.network.LoginWrapper/FMLHANDSHAKE]: Recieved login wrapper packet event for channel fml:handshake with index 3
[31Mar2025 02:09:41.300] [Netty Epoll Server IO #1/DEBUG] [net.minecraftforge.network.HandshakeHandler/FMLHANDSHAKE]: Received client indexed reply 3 of type net.minecraftforge.network.HandshakeMessages$C2SAcknowledge
[31Mar2025 02:09:41.300] [Netty Epoll Server IO #1/DEBUG] [net.minecraftforge.network.HandshakeHandler/FMLHANDSHAKE]: Received acknowledgement from client
[31Mar2025 02:09:41.318] [Server thread/DEBUG] [net.minecraftforge.network.HandshakeHandler/FMLHANDSHAKE]: Sending ticking packet info 'Registry minecraft:item' to 'fml:handshake' sequence 6
[31Mar2025 02:09:41.366] [Server thread/DEBUG] [net.minecraftforge.network.HandshakeHandler/FMLHANDSHAKE]: Sending ticking packet info 'Registry minecraft:potion' to 'fml:handshake' sequence 7
[31Mar2025 02:09:41.390] [Netty Epoll Server IO #1/DEBUG] [net.minecraftforge.network.LoginWrapper/FMLHANDSHAKE]: Recieved login wrapper packet event for channel fml:handshake with index 4
[31Mar2025 02:09:41.390] [Netty Epoll Server IO #1/DEBUG] [net.minecraftforge.network.HandshakeHandler/FMLHANDSHAKE]: Received client indexed reply 4 of type net.minecraftforge.network.HandshakeMessages$C2SAcknowledge
[31Mar2025 02:09:41.390] [Netty Epoll Server IO #1/DEBUG] [net.minecraftforge.network.HandshakeHandler/FMLHANDSHAKE]: Received acknowledgement from client
[31Mar2025 02:09:41.409] [Netty Epoll Server IO #1/DEBUG] [net.minecraftforge.network.LoginWrapper/FMLHANDSHAKE]: Recieved login wrapper packet event for channel fml:handshake with index 5
[31Mar2025 02:09:41.409] [Netty Epoll Server IO #1/DEBUG] [net.minecraftforge.network.HandshakeHandler/FMLHANDSHAKE]: Received client indexed reply 5 of type net.minecraftforge.network.HandshakeMessages$C2SAcknowledge
[31Mar2025 02:09:41.409] [Netty Epoll Server IO #1/DEBUG] [net.minecraftforge.network.HandshakeHandler/FMLHANDSHAKE]: Received acknowledgement from client
[31Mar2025 02:09:41.417] [Server thread/DEBUG] [net.minecraftforge.network.HandshakeHandler/FMLHANDSHAKE]: Sending ticking packet info 'Registry celestisynth:cs_visuals' to 'fml:handshake' sequence 8
[31Mar2025 02:09:41.469] [Server thread/DEBUG] [net.minecraftforge.network.HandshakeHandler/FMLHANDSHAKE]: Sending ticking packet info 'Registry minecraft:block_entity_type' to 'fml:handshake' sequence 9
[31Mar2025 02:09:41.517] [Server thread/DEBUG] [net.minecraftforge.network.HandshakeHandler/FMLHANDSHAKE]: Sending ticking packet info 'Registry forge:display_contexts' to 'fml:handshake' sequence 10
[31Mar2025 02:09:41.568] [Server thread/DEBUG] [net.minecraftforge.network.HandshakeHandler/FMLHANDSHAKE]: Sending ticking packet info 'Registry minecraft:stat_type' to 'fml:handshake' sequence 11
[31Mar2025 02:09:41.619] [Server thread/DEBUG] [net.minecraftforge.network.HandshakeHandler/FMLHANDSHAKE]: Sending ticking packet info 'Registry celestisynth:cs_player_animations' to 'fml:handshake' sequence 12
[31Mar2025 02:09:41.669] [Server thread/DEBUG] [net.minecraftforge.network.HandshakeHandler/FMLHANDSHAKE]: Sending ticking packet info 'Registry twilightforest:enforcement' to 'fml:handshake' sequence 13
[31Mar2025 02:09:41.719] [Server thread/DEBUG] [net.minecraftforge.network.HandshakeHandler/FMLHANDSHAKE]: Sending ticking packet info 'Registry minecraft:menu' to 'fml:handshake' sequence 14
[31Mar2025 02:09:41.767] [Server thread/DEBUG] [net.minecraftforge.network.HandshakeHandler/FMLHANDSHAKE]: Sending ticking packet info 'Registry minecraft:fluid' to 'fml:handshake' sequence 15
[31Mar2025 02:09:41.818] [Server thread/DEBUG] [net.minecraftforge.network.HandshakeHandler/FMLHANDSHAKE]: Sending ticking packet info 'Registry minecraft:recipe_serializer' to 'fml:handshake' sequence 16
[31Mar2025 02:09:41.867] [Server thread/DEBUG] [net.minecraftforge.network.HandshakeHandler/FMLHANDSHAKE]: Sending ticking packet info 'Registry minecraft:sound_event' to 'fml:handshake' sequence 17
[31Mar2025 02:09:41.919] [Server thread/DEBUG] [net.minecraftforge.network.HandshakeHandler/FMLHANDSHAKE]: Sending ticking packet info 'Registry minecraft:particle_type' to 'fml:handshake' sequence 18
[31Mar2025 02:09:41.940] [Netty Epoll Server IO #1/DEBUG] [net.minecraftforge.network.LoginWrapper/FMLHANDSHAKE]: Recieved login wrapper packet event for channel fml:handshake with index 6
[31Mar2025 02:09:41.941] [Netty Epoll Server IO #1/DEBUG] [net.minecraftforge.network.HandshakeHandler/FMLHANDSHAKE]: Received client indexed reply 6 of type net.minecraftforge.network.HandshakeMessages$C2SAcknowledge
[31Mar2025 02:09:41.941] [Netty Epoll Server IO #1/DEBUG] [net.minecraftforge.network.HandshakeHandler/FMLHANDSHAKE]: Received acknowledgement from client
[31Mar2025 02:09:41.948] [Netty Epoll Server IO #1/DEBUG] [net.minecraftforge.network.LoginWrapper/FMLHANDSHAKE]: Recieved login wrapper packet event for channel fml:handshake with index 7
[31Mar2025 02:09:41.948] [Netty Epoll Server IO #1/DEBUG] [net.minecraftforge.network.HandshakeHandler/FMLHANDSHAKE]: Received client indexed reply 7 of type net.minecraftforge.network.HandshakeMessages$C2SAcknowledge
[31Mar2025 02:09:41.948] [Netty Epoll Server IO #1/DEBUG] [net.minecraftforge.network.HandshakeHandler/FMLHANDSHAKE]: Received acknowledgement from client
[31Mar2025 02:09:41.949] [Netty Epoll Server IO #1/DEBUG] [net.minecraftforge.network.LoginWrapper/FMLHANDSHAKE]: Recieved login wrapper packet event for channel fml:handshake with index 8
[31Mar2025 02:09:41.949] [Netty Epoll Server IO #1/DEBUG] [net.minecraftforge.network.HandshakeHandler/FMLHANDSHAKE]: Received client indexed reply 8 of type net.minecraftforge.network.HandshakeMessages$C2SAcknowledge
[31Mar2025 02:09:41.949] [Netty Epoll Server IO #1/DEBUG] [net.minecraftforge.network.HandshakeHandler/FMLHANDSHAKE]: Received acknowledgement from client
[31Mar2025 02:09:41.949] [Netty Epoll Server IO #1/DEBUG] [net.minecraftforge.network.LoginWrapper/FMLHANDSHAKE]: Recieved login wrapper packet event for channel fml:handshake with index 9
[31Mar2025 02:09:41.949] [Netty Epoll Server IO #1/DEBUG] [net.minecraftforge.network.HandshakeHandler/FMLHANDSHAKE]: Received client indexed reply 9 of type net.minecraftforge.network.HandshakeMessages$C2SAcknowledge
[31Mar2025 02:09:41.949] [Netty Epoll Server IO #1/DEBUG] [net.minecraftforge.network.HandshakeHandler/FMLHANDSHAKE]: Received acknowledgement from client
[31Mar2025 02:09:41.949] [Netty Epoll Server IO #1/DEBUG] [net.minecraftforge.network.LoginWrapper/FMLHANDSHAKE]: Recieved login wrapper packet event for channel fml:handshake with index 10
[31Mar2025 02:09:41.950] [Netty Epoll Server IO #1/DEBUG] [net.minecraftforge.network.HandshakeHandler/FMLHANDSHAKE]: Received client indexed reply 10 of type net.minecraftforge.network.HandshakeMessages$C2SAcknowledge
[31Mar2025 02:09:41.950] [Netty Epoll Server IO #1/DEBUG] [net.minecraftforge.network.HandshakeHandler/FMLHANDSHAKE]: Received acknowledgement from client
[31Mar2025 02:09:41.950] [Netty Epoll Server IO #1/DEBUG] [net.minecraftforge.network.LoginWrapper/FMLHANDSHAKE]: Recieved login wrapper packet event for channel fml:handshake with index 11
[31Mar2025 02:09:41.950] [Netty Epoll Server IO #1/DEBUG] [net.minecraftforge.network.HandshakeHandler/FMLHANDSHAKE]: Received client indexed reply 11 of type net.minecraftforge.network.HandshakeMessages$C2SAcknowledge
[31Mar2025 02:09:41.950] [Netty Epoll Server IO #1/DEBUG] [net.minecraftforge.network.HandshakeHandler/FMLHANDSHAKE]: Received acknowledgement from client
[31Mar2025 02:09:41.950] [Netty Epoll Server IO #1/DEBUG] [net.minecraftforge.network.LoginWrapper/FMLHANDSHAKE]: Recieved login wrapper packet event for channel fml:handshake with index 12
[31Mar2025 02:09:41.950] [Netty Epoll Server IO #1/DEBUG] [net.minecraftforge.network.HandshakeHandler/FMLHANDSHAKE]: Received client indexed reply 12 of type net.minecraftforge.network.HandshakeMessages$C2SAcknowledge
[31Mar2025 02:09:41.950] [Netty Epoll Server IO #1/DEBUG] [net.minecraftforge.network.HandshakeHandler/FMLHANDSHAKE]: Received acknowledgement from client
[31Mar2025 02:09:41.950] [Netty Epoll Server IO #1/DEBUG] [net.minecraftforge.network.LoginWrapper/FMLHANDSHAKE]: Recieved login wrapper packet event for channel fml:handshake with index 13
[31Mar2025 02:09:41.951] [Netty Epoll Server IO #1/DEBUG] [net.minecraftforge.network.HandshakeHandler/FMLHANDSHAKE]: Received client indexed reply 13 of type net.minecraftforge.network.HandshakeMessages$C2SAcknowledge
[31Mar2025 02:09:41.951] [Netty Epoll Server IO #1/DEBUG] [net.minecraftforge.network.HandshakeHandler/FMLHANDSHAKE]: Received acknowledgement from client
[31Mar2025 02:09:41.951] [Netty Epoll Server IO #1/DEBUG] [net.minecraftforge.network.LoginWrapper/FMLHANDSHAKE]: Recieved login wrapper packet event for channel fml:handshake with index 14
[31Mar2025 02:09:41.951] [Netty Epoll Server IO #1/DEBUG] [net.minecraftforge.network.HandshakeHandler/FMLHANDSHAKE]: Received client indexed reply 14 of type net.minecraftforge.network.HandshakeMessages$C2SAcknowledge
[31Mar2025 02:09:41.951] [Netty Epoll Server IO #1/DEBUG] [net.minecraftforge.network.HandshakeHandler/FMLHANDSHAKE]: Received acknowledgement from client
[31Mar2025 02:09:41.951] [Netty Epoll Server IO #1/DEBUG] [net.minecraftforge.network.LoginWrapper/FMLHANDSHAKE]: Recieved login wrapper packet event for channel fml:handshake with index 15
[31Mar2025 02:09:41.951] [Netty Epoll Server IO #1/DEBUG] [net.minecraftforge.network.HandshakeHandler/FMLHANDSHAKE]: Received client indexed reply 15 of type net.minecraftforge.network.HandshakeMessages$C2SAcknowledge
[31Mar2025 02:09:41.951] [Netty Epoll Server IO #1/DEBUG] [net.minecraftforge.network.HandshakeHandler/FMLHANDSHAKE]: Received acknowledgement from client
[31Mar2025 02:09:41.951] [Netty Epoll Server IO #1/DEBUG] [net.minecraftforge.network.LoginWrapper/FMLHANDSHAKE]: Recieved login wrapper packet event for channel fml:handshake with index 16
[31Mar2025 02:09:41.952] [Netty Epoll Server IO #1/DEBUG] [net.minecraftforge.network.HandshakeHandler/FMLHANDSHAKE]: Received client indexed reply 16 of type net.minecraftforge.network.HandshakeMessages$C2SAcknowledge
[31Mar2025 02:09:41.952] [Netty Epoll Server IO #1/DEBUG] [net.minecraftforge.network.HandshakeHandler/FMLHANDSHAKE]: Received acknowledgement from client
[31Mar2025 02:09:41.966] [Server thread/DEBUG] [net.minecraftforge.network.HandshakeHandler/FMLHANDSHAKE]: Sending ticking packet info 'Registry twilightforest:tiny_bird_variant' to 'fml:handshake' sequence 19
[31Mar2025 02:09:42.017] [Server thread/DEBUG] [net.minecraftforge.network.HandshakeHandler/FMLHANDSHAKE]: Sending ticking packet info 'Registry minecraft:painting_variant' to 'fml:handshake' sequence 20
[31Mar2025 02:09:42.067] [Server thread/DEBUG] [net.minecraftforge.network.HandshakeHandler/FMLHANDSHAKE]: Sending ticking packet info 'Registry forge:fluid_type' to 'fml:handshake' sequence 21
[31Mar2025 02:09:42.134] [Netty Epoll Server IO #1/DEBUG] [net.minecraftforge.network.LoginWrapper/FMLHANDSHAKE]: Recieved login wrapper packet event for channel fml:handshake with index 17
[31Mar2025 02:09:42.134] [Netty Epoll Server IO #1/DEBUG] [net.minecraftforge.network.HandshakeHandler/FMLHANDSHAKE]: Received client indexed reply 17 of type net.minecraftforge.network.HandshakeMessages$C2SAcknowledge
[31Mar2025 02:09:42.134] [Netty Epoll Server IO #1/DEBUG] [net.minecraftforge.network.HandshakeHandler/FMLHANDSHAKE]: Received acknowledgement from client
[31Mar2025 02:09:42.138] [Server thread/DEBUG] [net.minecraftforge.network.HandshakeHandler/FMLHANDSHAKE]: Sending ticking packet info 'Registry minecraft:block' to 'fml:handshake' sequence 22
[31Mar2025 02:09:42.139] [Netty Epoll Server IO #1/DEBUG] [net.minecraftforge.network.LoginWrapper/FMLHANDSHAKE]: Recieved login wrapper packet event for channel fml:handshake with index 18
[31Mar2025 02:09:42.139] [Netty Epoll Server IO #1/DEBUG] [net.minecraftforge.network.HandshakeHandler/FMLHANDSHAKE]: Received client indexed reply 18 of type net.minecraftforge.network.HandshakeMessages$C2SAcknowledge
[31Mar2025 02:09:42.139] [Netty Epoll Server IO #1/DEBUG] [net.minecraftforge.network.HandshakeHandler/FMLHANDSHAKE]: Received acknowledgement from client
[31Mar2025 02:09:42.139] [Netty Epoll Server IO #1/DEBUG] [net.minecraftforge.network.LoginWrapper/FMLHANDSHAKE]: Recieved login wrapper packet event for channel fml:handshake with index 19
[31Mar2025 02:09:42.139] [Netty Epoll Server IO #1/DEBUG] [net.minecraftforge.network.HandshakeHandler/FMLHANDSHAKE]: Received client indexed reply 19 of type net.minecraftforge.network.HandshakeMessages$C2SAcknowledge
[31Mar2025 02:09:42.139] [Netty Epoll Server IO #1/DEBUG] [net.minecraftforge.network.HandshakeHandler/FMLHANDSHAKE]: Received acknowledgement from client
[31Mar2025 02:09:42.140] [Netty Epoll Server IO #1/DEBUG] [net.minecraftforge.network.LoginWrapper/FMLHANDSHAKE]: Recieved login wrapper packet event for channel fml:handshake with index 20
[31Mar2025 02:09:42.140] [Netty Epoll Server IO #1/DEBUG] [net.minecraftforge.network.HandshakeHandler/FMLHANDSHAKE]: Received client indexed reply 20 of type net.minecraftforge.network.HandshakeMessages$C2SAcknowledge
[31Mar2025 02:09:42.140] [Netty Epoll Server IO #1/DEBUG] [net.minecraftforge.network.HandshakeHandler/FMLHANDSHAKE]: Received acknowledgement from client
[31Mar2025 02:09:42.170] [Server thread/DEBUG] [net.minecraftforge.network.HandshakeHandler/FMLHANDSHAKE]: Sending ticking packet info 'Registry forge:entity_data_serializers' to 'fml:handshake' sequence 23
[31Mar2025 02:09:42.222] [Server thread/DEBUG] [net.minecraftforge.network.HandshakeHandler/FMLHANDSHAKE]: Sending ticking packet info 'Registry minecraft:mob_effect' to 'fml:handshake' sequence 24
[31Mar2025 02:09:42.223] [Netty Epoll Server IO #1/DEBUG] [net.minecraftforge.network.LoginWrapper/FMLHANDSHAKE]: Recieved login wrapper packet event for channel fml:handshake with index 21
[31Mar2025 02:09:42.223] [Netty Epoll Server IO #1/DEBUG] [net.minecraftforge.network.HandshakeHandler/FMLHANDSHAKE]: Received client indexed reply 21 of type net.minecraftforge.network.HandshakeMessages$C2SAcknowledge
[31Mar2025 02:09:42.223] [Netty Epoll Server IO #1/DEBUG] [net.minecraftforge.network.HandshakeHandler/FMLHANDSHAKE]: Received acknowledgement from client
[31Mar2025 02:09:42.269] [Server thread/DEBUG] [net.minecraftforge.network.HandshakeHandler/FMLHANDSHAKE]: Sending ticking packet info 'Registry twilightforest:dwarf_rabbit_variant' to 'fml:handshake' sequence 25
[31Mar2025 02:09:42.319] [Server thread/DEBUG] [net.minecraftforge.network.HandshakeHandler/FMLHANDSHAKE]: Sending ticking packet info 'Registry minecraft:enchantment' to 'fml:handshake' sequence 26
[31Mar2025 02:09:42.369] [Server thread/DEBUG] [net.minecraftforge.network.HandshakeHandler/FMLHANDSHAKE]: Sending ticking packet info 'Registry minecraft:entity_type' to 'fml:handshake' sequence 27
[31Mar2025 02:09:42.419] [Server thread/DEBUG] [net.minecraftforge.network.HandshakeHandler/FMLHANDSHAKE]: Sending ticking packet info 'Config journeymap-server.toml' to 'fml:handshake' sequence 28
[31Mar2025 02:09:42.469] [Server thread/DEBUG] [net.minecraftforge.network.HandshakeHandler/FMLHANDSHAKE]: Sending ticking packet info 'Config curios-server.toml' to 'fml:handshake' sequence 29
[31Mar2025 02:09:42.506] [Netty Epoll Server IO #1/DEBUG] [net.minecraftforge.network.LoginWrapper/FMLHANDSHAKE]: Recieved login wrapper packet event for channel fml:handshake with index 22
[31Mar2025 02:09:42.506] [Netty Epoll Server IO #1/DEBUG] [net.minecraftforge.network.HandshakeHandler/FMLHANDSHAKE]: Received client indexed reply 22 of type net.minecraftforge.network.HandshakeMessages$C2SAcknowledge
[31Mar2025 02:09:42.506] [Netty Epoll Server IO #1/DEBUG] [net.minecraftforge.network.HandshakeHandler/FMLHANDSHAKE]: Received acknowledgement from client
[31Mar2025 02:09:42.518] [Server thread/DEBUG] [net.minecraftforge.network.HandshakeHandler/FMLHANDSHAKE]: Sending ticking packet info 'Config biggerstacks-server.toml' to 'fml:handshake' sequence 30
[31Mar2025 02:09:42.519] [Netty Epoll Server IO #1/DEBUG] [net.minecraftforge.network.LoginWrapper/FMLHANDSHAKE]: Recieved login wrapper packet event for channel fml:handshake with index 23
[31Mar2025 02:09:42.519] [Netty Epoll Server IO #1/DEBUG] [net.minecraftforge.network.HandshakeHandler/FMLHANDSHAKE]: Received client indexed reply 23 of type net.minecraftforge.network.HandshakeMessages$C2SAcknowledge
[31Mar2025 02:09:42.520] [Netty Epoll Server IO #1/DEBUG] [net.minecraftforge.network.HandshakeHandler/FMLHANDSHAKE]: Received acknowledgement from client
[31Mar2025 02:09:42.520] [Netty Epoll Server IO #1/DEBUG] [net.minecraftforge.network.LoginWrapper/FMLHANDSHAKE]: Recieved login wrapper packet event for channel fml:handshake with index 24
[31Mar2025 02:09:42.520] [Netty Epoll Server IO #1/DEBUG] [net.minecraftforge.network.HandshakeHandler/FMLHANDSHAKE]: Received client indexed reply 24 of type net.minecraftforge.network.HandshakeMessages$C2SAcknowledge
[31Mar2025 02:09:42.520] [Netty Epoll Server IO #1/DEBUG] [net.minecraftforge.network.HandshakeHandler/FMLHANDSHAKE]: Received acknowledgement from client
[31Mar2025 02:09:42.521] [Netty Epoll Server IO #1/DEBUG] [net.minecraftforge.network.LoginWrapper/FMLHANDSHAKE]: Recieved login wrapper packet event for channel fml:handshake with index 25
[31Mar2025 02:09:42.521] [Netty Epoll Server IO #1/DEBUG] [net.minecraftforge.network.HandshakeHandler/FMLHANDSHAKE]: Received client indexed reply 25 of type net.minecraftforge.network.HandshakeMessages$C2SAcknowledge
[31Mar2025 02:09:42.521] [Netty Epoll Server IO #1/DEBUG] [net.minecraftforge.network.HandshakeHandler/FMLHANDSHAKE]: Received acknowledgement from client
[31Mar2025 02:09:42.521] [Netty Epoll Server IO #1/DEBUG] [net.minecraftforge.network.LoginWrapper/FMLHANDSHAKE]: Recieved login wrapper packet event for channel fml:handshake with index 26
[31Mar2025 02:09:42.521] [Netty Epoll Server IO #1/DEBUG] [net.minecraftforge.network.HandshakeHandler/FMLHANDSHAKE]: Received client indexed reply 26 of type net.minecraftforge.network.HandshakeMessages$C2SAcknowledge
[31Mar2025 02:09:42.521] [Netty Epoll Server IO #1/DEBUG] [net.minecraftforge.network.HandshakeHandler/FMLHANDSHAKE]: Received acknowledgement from client
[31Mar2025 02:09:42.570] [Server thread/DEBUG] [net.minecraftforge.network.HandshakeHandler/FMLHANDSHAKE]: Sending ticking packet info 'Config chiselsandbits-server.toml' to 'fml:handshake' sequence 31
[31Mar2025 02:09:42.618] [Server thread/DEBUG] [net.minecraftforge.network.HandshakeHandler/FMLHANDSHAKE]: Sending ticking packet info 'Config travelersbackpack-server.toml' to 'fml:handshake' sequence 32
[31Mar2025 02:09:42.668] [Server thread/DEBUG] [net.minecraftforge.network.HandshakeHandler/FMLHANDSHAKE]: Sending ticking packet info 'Config gravestone-server.toml' to 'fml:handshake' sequence 33
[31Mar2025 02:09:42.717] [Server thread/DEBUG] [net.minecraftforge.network.HandshakeHandler/FMLHANDSHAKE]: Sending ticking packet info 'Config mutantmonsters-server.toml' to 'fml:handshake' sequence 34
[31Mar2025 02:09:42.769] [Server thread/DEBUG] [net.minecraftforge.network.HandshakeHandler/FMLHANDSHAKE]: Sending ticking packet info 'Config aether-server.toml' to 'fml:handshake' sequence 35
[31Mar2025 02:09:42.817] [Server thread/DEBUG] [net.minecraftforge.network.HandshakeHandler/FMLHANDSHAKE]: Sending ticking packet info 'Config jei-server.toml' to 'fml:handshake' sequence 36
[31Mar2025 02:09:42.867] [Server thread/DEBUG] [net.minecraftforge.network.HandshakeHandler/FMLHANDSHAKE]: Sending ticking packet info 'Config forge-server.toml' to 'fml:handshake' sequence 37
[31Mar2025 02:09:46.425] [Server thread/DEBUG] [mixin/]: Mixing swimming.FallLocationMixin from expandability-common.mixins.json into net.minecraft.world.damagesource.FallLocation
[31Mar2025 02:09:47.765] [Netty Epoll Server IO #1/DEBUG] [net.minecraftforge.network.LoginWrapper/FMLHANDSHAKE]: Recieved login wrapper packet event for channel fml:handshake with index 27
[31Mar2025 02:09:47.765] [Netty Epoll Server IO #1/DEBUG] [net.minecraftforge.network.HandshakeHandler/FMLHANDSHAKE]: Received client indexed reply 27 of type net.minecraftforge.network.HandshakeMessages$C2SAcknowledge
[31Mar2025 02:09:47.765] [Netty Epoll Server IO #1/DEBUG] [net.minecraftforge.network.HandshakeHandler/FMLHANDSHAKE]: Received acknowledgement from client
[31Mar2025 02:09:47.777] [Netty Epoll Server IO #1/DEBUG] [net.minecraftforge.network.LoginWrapper/FMLHANDSHAKE]: Recieved login wrapper packet event for channel fml:handshake with index 28
[31Mar2025 02:09:47.777] [Netty Epoll Server IO #1/DEBUG] [net.minecraftforge.network.HandshakeHandler/FMLHANDSHAKE]: Received client indexed reply 28 of type net.minecraftforge.network.HandshakeMessages$C2SAcknowledge
[31Mar2025 02:09:47.778] [Netty Epoll Server IO #1/DEBUG] [net.minecraftforge.network.HandshakeHandler/FMLHANDSHAKE]: Received acknowledgement from client
[31Mar2025 02:09:47.778] [Netty Epoll Server IO #1/DEBUG] [net.minecraftforge.network.LoginWrapper/FMLHANDSHAKE]: Recieved login wrapper packet event for channel fml:handshake with index 29
[31Mar2025 02:09:47.778] [Netty Epoll Server IO #1/DEBUG] [net.minecraftforge.network.HandshakeHandler/FMLHANDSHAKE]: Received client indexed reply 29 of type net.minecraftforge.network.HandshakeMessages$C2SAcknowledge
[31Mar2025 02:09:47.778] [Netty Epoll Server IO #1/DEBUG] [net.minecraftforge.network.HandshakeHandler/FMLHANDSHAKE]: Received acknowledgement from client
[31Mar2025 02:09:47.779] [Netty Epoll Server IO #1/DEBUG] [net.minecraftforge.network.LoginWrapper/FMLHANDSHAKE]: Recieved login wrapper packet event for channel fml:handshake with index 30
[31Mar2025 02:09:47.779] [Netty Epoll Server IO #1/DEBUG] [net.minecraftforge.network.HandshakeHandler/FMLHANDSHAKE]: Received client indexed reply 30 of type net.minecraftforge.network.HandshakeMessages$C2SAcknowledge
[31Mar2025 02:09:47.779] [Netty Epoll Server IO #1/DEBUG] [net.minecraftforge.network.HandshakeHandler/FMLHANDSHAKE]: Received acknowledgement from client
[31Mar2025 02:09:47.780] [Netty Epoll Server IO #1/DEBUG] [net.minecraftforge.network.LoginWrapper/FMLHANDSHAKE]: Recieved login wrapper packet event for channel fml:handshake with index 31
[31Mar2025 02:09:47.780] [Netty Epoll Server IO #1/DEBUG] [net.minecraftforge.network.HandshakeHandler/FMLHANDSHAKE]: Received client indexed reply 31 of type net.minecraftforge.network.HandshakeMessages$C2SAcknowledge
[31Mar2025 02:09:47.780] [Netty Epoll Server IO #1/DEBUG] [net.minecraftforge.network.HandshakeHandler/FMLHANDSHAKE]: Received acknowledgement from client
[31Mar2025 02:09:47.782] [Netty Epoll Server IO #1/DEBUG] [net.minecraftforge.network.LoginWrapper/FMLHANDSHAKE]: Recieved login wrapper packet event for channel fml:handshake with index 32
[31Mar2025 02:09:47.782] [Netty Epoll Server IO #1/DEBUG] [net.minecraftforge.network.HandshakeHandler/FMLHANDSHAKE]: Received client indexed reply 32 of type net.minecraftforge.network.HandshakeMessages$C2SAcknowledge
[31Mar2025 02:09:47.782] [Netty Epoll Server IO #1/DEBUG] [net.minecraftforge.network.HandshakeHandler/FMLHANDSHAKE]: Received acknowledgement from client
[31Mar2025 02:09:47.783] [Netty Epoll Server IO #1/DEBUG] [net.minecraftforge.network.LoginWrapper/FMLHANDSHAKE]: Recieved login wrapper packet event for channel fml:handshake with index 33
[31Mar2025 02:09:47.783] [Netty Epoll Server IO #1/DEBUG] [net.minecraftforge.network.HandshakeHandler/FMLHANDSHAKE]: Received client indexed reply 33 of type net.minecraftforge.network.HandshakeMessages$C2SAcknowledge
[31Mar2025 02:09:47.783] [Netty Epoll Server IO #1/DEBUG] [net.minecraftforge.network.HandshakeHandler/FMLHANDSHAKE]: Received acknowledgement from client
[31Mar2025 02:09:47.801] [Netty Epoll Server IO #1/DEBUG] [net.minecraftforge.network.LoginWrapper/FMLHANDSHAKE]: Recieved login wrapper packet event for channel fml:handshake with index 34
[31Mar2025 02:09:47.801] [Netty Epoll Server IO #1/DEBUG] [net.minecraftforge.network.HandshakeHandler/FMLHANDSHAKE]: Received client indexed reply 34 of type net.minecraftforge.network.HandshakeMessages$C2SAcknowledge
[31Mar2025 02:09:47.801] [Netty Epoll Server IO #1/DEBUG] [net.minecraftforge.network.HandshakeHandler/FMLHANDSHAKE]: Received acknowledgement from client
[31Mar2025 02:09:47.802] [Netty Epoll Server IO #1/DEBUG] [net.minecraftforge.network.LoginWrapper/FMLHANDSHAKE]: Recieved login wrapper packet event for channel fml:handshake with index 35
[31Mar2025 02:09:47.802] [Netty Epoll Server IO #1/DEBUG] [net.minecraftforge.network.HandshakeHandler/FMLHANDSHAKE]: Received client indexed reply 35 of type net.minecraftforge.network.HandshakeMessages$C2SAcknowledge
[31Mar2025 02:09:47.802] [Netty Epoll Server IO #1/DEBUG] [net.minecraftforge.network.HandshakeHandler/FMLHANDSHAKE]: Received acknowledgement from client
[31Mar2025 02:09:47.802] [Netty Epoll Server IO #1/DEBUG] [net.minecraftforge.network.LoginWrapper/FMLHANDSHAKE]: Recieved login wrapper packet event for channel fml:handshake with index 36
[31Mar2025 02:09:47.803] [Netty Epoll Server IO #1/DEBUG] [net.minecraftforge.network.HandshakeHandler/FMLHANDSHAKE]: Received client indexed reply 36 of type net.minecraftforge.network.HandshakeMessages$C2SAcknowledge
[31Mar2025 02:09:47.803] [Netty Epoll Server IO #1/DEBUG] [net.minecraftforge.network.HandshakeHandler/FMLHANDSHAKE]: Received acknowledgement from client
[31Mar2025 02:09:47.803] [Netty Epoll Server IO #1/DEBUG] [net.minecraftforge.network.LoginWrapper/FMLHANDSHAKE]: Recieved login wrapper packet event for channel fml:handshake with index 37
[31Mar2025 02:09:47.803] [Netty Epoll Server IO #1/DEBUG] [net.minecraftforge.network.HandshakeHandler/FMLHANDSHAKE]: Received client indexed reply 37 of type net.minecraftforge.network.HandshakeMessages$C2SAcknowledge
[31Mar2025 02:09:47.803] [Netty Epoll Server IO #1/DEBUG] [net.minecraftforge.network.HandshakeHandler/FMLHANDSHAKE]: Received acknowledgement from client
[31Mar2025 02:09:47.817] [Server thread/DEBUG] [net.minecraftforge.network.HandshakeHandler/FMLHANDSHAKE]: Handshake complete!
[31Mar2025 02:09:47.887] [Server thread/DEBUG] [portb.transformerlib.TransformerLib/]: Transforming net/minecraft/world/inventory/PlayerEnderChestContainer (target of net/minecraft/world/Container)
[31Mar2025 02:09:47.889] [Server thread/DEBUG] [portb.transformerlib.TransformerLib/]: Transforming net/minecraft/world/inventory/TransientCraftingContainer (target of net/minecraft/world/Container)
[31Mar2025 02:09:47.992] [Server thread/INFO] [net.minecraft.server.players.PlayerList/]: Joc_512[/127.150.30.202:58995] logged in with entity id 150 at (1293.5121755603634, 63.49520087700592, 72.76106231374298)
[31Mar2025 02:09:48.004] [Server thread/DEBUG] [net.minecraftforge.network.filters.NetworkFilters/]: Injected net.minecraftforge.network.filters.ForgeConnectionNetworkFilter@f0835ff into net.minecraft.network.Connection@6c9d931b
[31Mar2025 02:09:48.146] [Server thread/INFO] [net.minecraft.server.MinecraftServer/]: Joc_512 joined the game
[31Mar2025 02:09:48.324] [Server thread/INFO] [Jade/]: Syncing config to Joc_512 (a4818cf5-df0b-3b18-a01b-01bd46e431fa)
[31Mar2025 02:09:48.547] [Netty Epoll Server IO #1/DEBUG] [emotecraft/]: [emotes server] Received data from: a4818cf5-df0b-3b18-a01b-01bd46e431fa data: NetData{purpose=CONFIG, threshold=8.0, stopEmoteID=null, emoteData=null, startingAt=0, player=null}
[31Mar2025 02:09:51.871] [Netty Epoll Server IO #2/DEBUG] [net.minecraftforge.network.HandshakeHandler/FMLHANDSHAKE]: Starting new modded impl connection. Found 38 messages to dispatch.
[31Mar2025 02:09:51.914] [Server thread/DEBUG] [net.minecraftforge.network.HandshakeHandler/FMLHANDSHAKE]: Sending ticking packet info 'portb.biggerstacks.net.ClientboundRulesHandshakePacket' to 'biggerstacks:rules' sequence 0
[31Mar2025 02:09:51.957] [Server thread/DEBUG] [net.minecraftforge.network.HandshakeHandler/FMLHANDSHAKE]: Sending ticking packet info 'net.minecraftforge.network.HandshakeMessages$S2CModData' to 'fml:handshake' sequence 1
[31Mar2025 02:09:52.022] [Server thread/DEBUG] [net.minecraftforge.network.HandshakeHandler/FMLHANDSHAKE]: Sending ticking packet info 'net.minecraftforge.network.HandshakeMessages$S2CModList' to 'fml:handshake' sequence 2
[31Mar2025 02:09:52.061] [Server thread/DEBUG] [net.minecraftforge.network.HandshakeHandler/FMLHANDSHAKE]: Sending ticking packet info 'Registry minecraft:command_argument_type' to 'fml:handshake' sequence 3
[31Mar2025 02:09:52.118] [Server thread/DEBUG] [net.minecraftforge.network.HandshakeHandler/FMLHANDSHAKE]: Sending ticking packet info 'Registry aether:moa_type' to 'fml:handshake' sequence 4
[31Mar2025 02:09:52.178] [Server thread/DEBUG] [net.minecraftforge.network.HandshakeHandler/FMLHANDSHAKE]: Sending ticking packet info 'Registry minecraft:villager_profession' to 'fml:handshake' sequence 5
[31Mar2025 02:09:52.195] [Netty Epoll Server IO #2/DEBUG] [net.minecraftforge.network.LoginWrapper/FMLHANDSHAKE]: Recieved login wrapper packet event for channel fml:handshake with index 2
[31Mar2025 02:09:52.199] [Netty Epoll Server IO #2/DEBUG] [net.minecraftforge.network.HandshakeHandler/FMLHANDSHAKE]: Received client indexed reply 2 of type net.minecraftforge.network.HandshakeMessages$C2SModListReply
[31Mar2025 02:09:52.199] [Netty Epoll Server IO #2/DEBUG] [net.minecraftforge.network.HandshakeHandler/FMLHANDSHAKE]: Received client connection with modlist [cyclopscore, animation_overhaul, mutantmonsters, geckolib, scena, mss, botarium, playeranimator, aether, jei, incendium, fabledweaponry, journeymap, citadel, alexsmobs, travelersbackpack, artifacts, evilcraft, evilcraftcompat, mixinextras, oreharvester, terralith, biggerstacks, mythicmounts, puzzlesaccessapi, cloth_config, forge, pfm, twilightforest, tlskincape, konkrete, emotecraft, useless_sword, minecraft, necronomicon, jade, ironfurnaces, resourcefulconfig, curios, patchouli, gravestone, collective, mr_dungeons_andtaverns, inventoryhud, resourcefullib, cumulus_menus, architectury, mca, puzzleslib, justzoom, nitrogen_internals, celestisynth, expandability, chiselsandbits, ad_astra]
[31Mar2025 02:09:52.200] [Netty Epoll Server IO #2/DEBUG] [net.minecraftforge.network.NetworkRegistry/NETREGISTRY]: Channel 'evilcraftcompat:channel_main' : Version test of '1.0.0' from client : ACCEPTED
[31Mar2025 02:09:52.200] [Netty Epoll Server IO #2/DEBUG] [net.minecraftforge.network.NetworkRegistry/NETREGISTRY]: Channel 'architectury:network' : Version test of '1' from client : ACCEPTED
[31Mar2025 02:09:52.200] [Netty Epoll Server IO #2/DEBUG] [net.minecraftforge.network.NetworkRegistry/NETREGISTRY]: Channel 'pfm:main_channel' : Version test of '1' from client : ACCEPTED
[31Mar2025 02:09:52.201] [Netty Epoll Server IO #2/DEBUG] [net.minecraftforge.network.NetworkRegistry/NETREGISTRY]: Channel 'celestisynth:messages' : Version test of '1.0' from client : ACCEPTED
[31Mar2025 02:09:52.201] [Netty Epoll Server IO #2/DEBUG] [net.minecraftforge.network.NetworkRegistry/NETREGISTRY]: Channel 'jei:channel' : Version test of '1.0.0' from client : ACCEPTED
[31Mar2025 02:09:52.201] [Netty Epoll Server IO #2/DEBUG] [net.minecraftforge.network.NetworkRegistry/NETREGISTRY]: Channel 'aether:main' : Version test of '1' from client : ACCEPTED
[31Mar2025 02:09:52.201] [Netty Epoll Server IO #2/DEBUG] [net.minecraftforge.network.NetworkRegistry/NETREGISTRY]: Channel 'minecraft:unregister' : Version test of 'FML3' from client : ACCEPTED
[31Mar2025 02:09:52.201] [Netty Epoll Server IO #2/DEBUG] [net.minecraftforge.network.NetworkRegistry/NETREGISTRY]: Channel 'citadel:main_channel' : Version test of '1' from client : ACCEPTED
[31Mar2025 02:09:52.201] [Netty Epoll Server IO #2/DEBUG] [net.minecraftforge.network.NetworkRegistry/NETREGISTRY]: Channel 'puzzleslib:1' : Version test of '1' from client : ACCEPTED
[31Mar2025 02:09:52.201] [Netty Epoll Server IO #2/DEBUG] [net.minecraftforge.network.NetworkRegistry/NETREGISTRY]: Channel 'ironfurnaces:ironfurnaces_network' : Version test of '1.0' from client : ACCEPTED
[31Mar2025 02:09:52.201] [Netty Epoll Server IO #2/DEBUG] [net.minecraftforge.network.NetworkRegistry/NETREGISTRY]: Channel 'nitrogen_internals:main' : Version test of '1' from client : ACCEPTED
[31Mar2025 02:09:52.202] [Netty Epoll Server IO #2/DEBUG] [net.minecraftforge.network.NetworkRegistry/NETREGISTRY]: Channel 'journeymap:version' : Version test of '1' from client : ACCEPTED
[31Mar2025 02:09:52.202] [Netty Epoll Server IO #2/DEBUG] [net.minecraftforge.network.NetworkRegistry/NETREGISTRY]: Channel 'ad_astra:main' : Version test of '0' from client : ACCEPTED
[31Mar2025 02:09:52.202] [Netty Epoll Server IO #2/DEBUG] [net.minecraftforge.network.NetworkRegistry/NETREGISTRY]: Channel 'travelersbackpack:network' : Version test of 'travelersbackpack:1' from client : ACCEPTED
[31Mar2025 02:09:52.202] [Netty Epoll Server IO #2/DEBUG] [net.minecraftforge.network.NetworkRegistry/NETREGISTRY]: Channel 'curios:main' : Version test of '1' from client : ACCEPTED
[31Mar2025 02:09:52.202] [Netty Epoll Server IO #2/DEBUG] [net.minecraftforge.network.NetworkRegistry/NETREGISTRY]: Channel 'worldinfo:world_id' : Version test of '1' from client : ACCEPTED
[31Mar2025 02:09:52.202] [Netty Epoll Server IO #2/DEBUG] [net.minecraftforge.network.NetworkRegistry/NETREGISTRY]: Channel 'cyclopscore:channel_main' : Version test of '1.0.0' from client : ACCEPTED
[31Mar2025 02:09:52.202] [Netty Epoll Server IO #2/DEBUG] [net.minecraftforge.network.NetworkRegistry/NETREGISTRY]: Channel 'journeymap:admin_req' : Version test of '1' from client : ACCEPTED
[31Mar2025 02:09:52.203] [Netty Epoll Server IO #2/DEBUG] [net.minecraftforge.network.NetworkRegistry/NETREGISTRY]: Channel 'journeymap:mp_options_req' : Version test of '1' from client : ACCEPTED
[31Mar2025 02:09:52.203] [Netty Epoll Server IO #2/DEBUG] [net.minecraftforge.network.NetworkRegistry/NETREGISTRY]: Channel 'journeymap:waypoint' : Version test of '1' from client : ACCEPTED
[31Mar2025 02:09:52.203] [Netty Epoll Server IO #2/DEBUG] [net.minecraftforge.network.NetworkRegistry/NETREGISTRY]: Channel 'fml:loginwrapper' : Version test of 'FML3' from client : ACCEPTED
[31Mar2025 02:09:52.203] [Netty Epoll Server IO #2/DEBUG] [net.minecraftforge.network.NetworkRegistry/NETREGISTRY]: Channel 'forge:tier_sorting' : Version test of '1.0' from client : ACCEPTED
[31Mar2025 02:09:52.203] [Netty Epoll Server IO #2/DEBUG] [net.minecraftforge.network.NetworkRegistry/NETREGISTRY]: Channel 'evilcraft:channel_main' : Version test of '1.0.0' from client : ACCEPTED
[31Mar2025 02:09:52.203] [Netty Epoll Server IO #2/DEBUG] [net.minecraftforge.network.NetworkRegistry/NETREGISTRY]: Channel 'biggerstacks:rules' : Version test of '1' from client : ACCEPTED
[31Mar2025 02:09:52.203] [Netty Epoll Server IO #2/DEBUG] [net.minecraftforge.network.NetworkRegistry/NETREGISTRY]: Channel 'alexsmobs:main_channel' : Version test of '1' from client : ACCEPTED
[31Mar2025 02:09:52.203] [Netty Epoll Server IO #2/DEBUG] [net.minecraftforge.network.NetworkRegistry/NETREGISTRY]: Channel 'chiselsandbits:chiselsandbits' : Version test of '1.0' from client : ACCEPTED
[31Mar2025 02:09:52.204] [Netty Epoll Server IO #2/DEBUG] [net.minecraftforge.network.NetworkRegistry/NETREGISTRY]: Channel 'mca:main' : Version test of '1' from client : ACCEPTED
[31Mar2025 02:09:52.204] [Netty Epoll Server IO #2/DEBUG] [net.minecraftforge.network.NetworkRegistry/NETREGISTRY]: Channel 'fml:play' : Version test of 'FML3' from client : ACCEPTED
[31Mar2025 02:09:52.204] [Netty Epoll Server IO #2/DEBUG] [net.minecraftforge.network.NetworkRegistry/NETREGISTRY]: Channel 'journeymap:player_loc' : Version test of '1' from client : ACCEPTED
[31Mar2025 02:09:52.204] [Netty Epoll Server IO #2/DEBUG] [net.minecraftforge.network.NetworkRegistry/NETREGISTRY]: Channel 'journeymap:admin_save' : Version test of '1' from client : ACCEPTED
[31Mar2025 02:09:52.204] [Netty Epoll Server IO #2/DEBUG] [net.minecraftforge.network.NetworkRegistry/NETREGISTRY]: Channel 'geyser:emote' : Version test of '0' from client : ACCEPTED
[31Mar2025 02:09:52.204] [Netty Epoll Server IO #2/DEBUG] [net.minecraftforge.network.NetworkRegistry/NETREGISTRY]: Channel 'gravestone:default' : Version test of '1.0.0' from client : ACCEPTED
[31Mar2025 02:09:52.204] [Netty Epoll Server IO #2/DEBUG] [net.minecraftforge.network.NetworkRegistry/NETREGISTRY]: Channel 'mythicmounts:messages' : Version test of '1.0' from client : ACCEPTED
[31Mar2025 02:09:52.204] [Netty Epoll Server IO #2/DEBUG] [net.minecraftforge.network.NetworkRegistry/NETREGISTRY]: Channel 'patchouli:main' : Version test of '1' from client : ACCEPTED
[31Mar2025 02:09:52.205] [Netty Epoll Server IO #2/DEBUG] [net.minecraftforge.network.NetworkRegistry/NETREGISTRY]: Channel 'journeymap:teleport_req' : Version test of '1' from client : ACCEPTED
[31Mar2025 02:09:52.205] [Netty Epoll Server IO #2/DEBUG] [net.minecraftforge.network.NetworkRegistry/NETREGISTRY]: Channel 'fml:handshake' : Version test of 'FML3' from client : ACCEPTED
[31Mar2025 02:09:52.205] [Netty Epoll Server IO #2/DEBUG] [net.minecraftforge.network.NetworkRegistry/NETREGISTRY]: Channel 'journeymap:common' : Version test of '1' from client : ACCEPTED
[31Mar2025 02:09:52.205] [Netty Epoll Server IO #2/DEBUG] [net.minecraftforge.network.NetworkRegistry/NETREGISTRY]: Channel 'useless_sword:useless_sword' : Version test of '1' from client : ACCEPTED
[31Mar2025 02:09:52.205] [Netty Epoll Server IO #2/DEBUG] [net.minecraftforge.network.NetworkRegistry/NETREGISTRY]: Channel 'mutantmonsters:1' : Version test of '1' from client : ACCEPTED
[31Mar2025 02:09:52.205] [Netty Epoll Server IO #2/DEBUG] [net.minecraftforge.network.NetworkRegistry/NETREGISTRY]: Channel 'minecraft:register' : Version test of 'FML3' from client : ACCEPTED
[31Mar2025 02:09:52.205] [Netty Epoll Server IO #2/DEBUG] [net.minecraftforge.network.NetworkRegistry/NETREGISTRY]: Channel 'forge:split' : Version test of '1.1' from client : ACCEPTED
[31Mar2025 02:09:52.205] [Netty Epoll Server IO #2/DEBUG] [net.minecraftforge.network.NetworkRegistry/NETREGISTRY]: Channel 'journeymap:perm_req' : Version test of '1' from client : ACCEPTED
[31Mar2025 02:09:52.207] [Netty Epoll Server IO #2/DEBUG] [net.minecraftforge.network.NetworkRegistry/NETREGISTRY]: Channel 'twilightforest:channel' : Version test of '2' from client : ACCEPTED
[31Mar2025 02:09:52.207] [Netty Epoll Server IO #2/DEBUG] [net.minecraftforge.network.NetworkRegistry/NETREGISTRY]: Channel 'geckolib:main' : Version test of '1' from client : ACCEPTED
[31Mar2025 02:09:52.207] [Netty Epoll Server IO #2/DEBUG] [net.minecraftforge.network.NetworkRegistry/NETREGISTRY]: Channel 'jade:networking' : Version test of '2' from client : ACCEPTED
[31Mar2025 02:09:52.207] [Netty Epoll Server IO #2/DEBUG] [net.minecraftforge.network.NetworkRegistry/NETREGISTRY]: Channel 'emotecraft:emote' : Version test of '8' from client : ACCEPTED
[31Mar2025 02:09:52.207] [Netty Epoll Server IO #2/DEBUG] [net.minecraftforge.network.NetworkRegistry/NETREGISTRY]: Accepting channel list from client
[31Mar2025 02:09:52.207] [Netty Epoll Server IO #2/DEBUG] [net.minecraftforge.network.HandshakeHandler/FMLHANDSHAKE]: Accepted client connection mod list
[31Mar2025 02:09:52.209] [Server thread/DEBUG] [net.minecraftforge.network.HandshakeHandler/FMLHANDSHAKE]: Sending ticking packet info 'Registry minecraft:item' to 'fml:handshake' sequence 6
[31Mar2025 02:09:52.240] [Server thread/DEBUG] [net.minecraftforge.network.HandshakeHandler/FMLHANDSHAKE]: Sending ticking packet info 'Registry minecraft:potion' to 'fml:handshake' sequence 7
[31Mar2025 02:09:52.243] [Netty Epoll Server IO #2/DEBUG] [net.minecraftforge.network.LoginWrapper/FMLHANDSHAKE]: Recieved login wrapper packet event for channel fml:handshake with index 3
[31Mar2025 02:09:52.243] [Netty Epoll Server IO #2/DEBUG] [net.minecraftforge.network.HandshakeHandler/FMLHANDSHAKE]: Received client indexed reply 3 of type net.minecraftforge.network.HandshakeMessages$C2SAcknowledge
[31Mar2025 02:09:52.243] [Netty Epoll Server IO #2/DEBUG] [net.minecraftforge.network.HandshakeHandler/FMLHANDSHAKE]: Received acknowledgement from client
[31Mar2025 02:09:52.284] [Netty Epoll Server IO #2/DEBUG] [net.minecraftforge.network.LoginWrapper/FMLHANDSHAKE]: Recieved login wrapper packet event for channel fml:handshake with index 4
[31Mar2025 02:09:52.284] [Netty Epoll Server IO #2/DEBUG] [net.minecraftforge.network.HandshakeHandler/FMLHANDSHAKE]: Received client indexed reply 4 of type net.minecraftforge.network.HandshakeMessages$C2SAcknowledge
[31Mar2025 02:09:52.284] [Netty Epoll Server IO #2/DEBUG] [net.minecraftforge.network.HandshakeHandler/FMLHANDSHAKE]: Received acknowledgement from client
[31Mar2025 02:09:52.327] [Netty Epoll Server IO #2/DEBUG] [net.minecraftforge.network.LoginWrapper/FMLHANDSHAKE]: Recieved login wrapper packet event for channel fml:handshake with index 5
[31Mar2025 02:09:52.327] [Netty Epoll Server IO #2/DEBUG] [net.minecraftforge.network.HandshakeHandler/FMLHANDSHAKE]: Received client indexed reply 5 of type net.minecraftforge.network.HandshakeMessages$C2SAcknowledge
[31Mar2025 02:09:52.327] [Netty Epoll Server IO #2/DEBUG] [net.minecraftforge.network.HandshakeHandler/FMLHANDSHAKE]: Received acknowledgement from client
[31Mar2025 02:09:52.328] [Server thread/WARN] [net.minecraft.network.syncher.SynchedEntityData/]: defineId called for: class forge.net.mca.entity.ZombieVillagerEntityMCA from class forge.net.mca.util.network.datasync.CDataParameter
[31Mar2025 02:09:52.328] [Server thread/WARN] [net.minecraft.network.syncher.SynchedEntityData/]: defineId called for: class forge.net.mca.entity.ZombieVillagerEntityMCA from class forge.net.mca.util.network.datasync.CDataParameter
[31Mar2025 02:09:52.328] [Server thread/WARN] [net.minecraft.network.syncher.SynchedEntityData/]: defineId called for: class forge.net.mca.entity.ZombieVillagerEntityMCA from class forge.net.mca.util.network.datasync.CDataParameter
[31Mar2025 02:09:52.329] [Server thread/WARN] [net.minecraft.network.syncher.SynchedEntityData/]: defineId called for: class forge.net.mca.entity.ZombieVillagerEntityMCA from class forge.net.mca.util.network.datasync.CDataParameter
[31Mar2025 02:09:52.329] [Server thread/WARN] [net.minecraft.network.syncher.SynchedEntityData/]: defineId called for: class forge.net.mca.entity.ZombieVillagerEntityMCA from class forge.net.mca.util.network.datasync.CDataParameter
[31Mar2025 02:09:52.329] [Server thread/WARN] [net.minecraft.network.syncher.SynchedEntityData/]: defineId called for: class forge.net.mca.entity.ZombieVillagerEntityMCA from class forge.net.mca.util.network.datasync.CDataParameter
[31Mar2025 02:09:52.330] [Server thread/WARN] [net.minecraft.network.syncher.SynchedEntityData/]: defineId called for: class forge.net.mca.entity.ZombieVillagerEntityMCA from class forge.net.mca.util.network.datasync.CDataParameter
[31Mar2025 02:09:52.330] [Server thread/WARN] [net.minecraft.network.syncher.SynchedEntityData/]: defineId called for: class forge.net.mca.entity.ZombieVillagerEntityMCA from class forge.net.mca.util.network.datasync.CEnumParameter
[31Mar2025 02:09:52.330] [Server thread/WARN] [net.minecraft.network.syncher.SynchedEntityData/]: defineId called for: class forge.net.mca.entity.ZombieVillagerEntityMCA from class forge.net.mca.util.network.datasync.CDataParameter
[31Mar2025 02:09:52.330] [Server thread/WARN] [net.minecraft.network.syncher.SynchedEntityData/]: defineId called for: class forge.net.mca.entity.ZombieVillagerEntityMCA from class forge.net.mca.util.network.datasync.CDataParameter
[31Mar2025 02:09:52.331] [Server thread/WARN] [net.minecraft.network.syncher.SynchedEntityData/]: defineId called for: class forge.net.mca.entity.ZombieVillagerEntityMCA from class forge.net.mca.util.network.datasync.CDataParameter
[31Mar2025 02:09:52.331] [Server thread/WARN] [net.minecraft.network.syncher.SynchedEntityData/]: defineId called for: class forge.net.mca.entity.ZombieVillagerEntityMCA from class forge.net.mca.util.network.datasync.CDataParameter
[31Mar2025 02:09:52.331] [Server thread/WARN] [net.minecraft.network.syncher.SynchedEntityData/]: defineId called for: class forge.net.mca.entity.ZombieVillagerEntityMCA from class forge.net.mca.util.network.datasync.CDataParameter
[31Mar2025 02:09:52.331] [Server thread/WARN] [net.minecraft.network.syncher.SynchedEntityData/]: defineId called for: class forge.net.mca.entity.ZombieVillagerEntityMCA from class forge.net.mca.util.network.datasync.CDataParameter
[31Mar2025 02:09:52.332] [Server thread/WARN] [net.minecraft.network.syncher.SynchedEntityData/]: defineId called for: class forge.net.mca.entity.ZombieVillagerEntityMCA from class forge.net.mca.util.network.datasync.CDataParameter
[31Mar2025 02:09:52.332] [Server thread/WARN] [net.minecraft.network.syncher.SynchedEntityData/]: defineId called for: class forge.net.mca.entity.ZombieVillagerEntityMCA from class forge.net.mca.util.network.datasync.CDataParameter
[31Mar2025 02:09:52.332] [Server thread/WARN] [net.minecraft.network.syncher.SynchedEntityData/]: defineId called for: class forge.net.mca.entity.ZombieVillagerEntityMCA from class forge.net.mca.util.network.datasync.CDataParameter
[31Mar2025 02:09:52.332] [Server thread/WARN] [net.minecraft.network.syncher.SynchedEntityData/]: defineId called for: class forge.net.mca.entity.ZombieVillagerEntityMCA from class forge.net.mca.util.network.datasync.CDataParameter
[31Mar2025 02:09:52.333] [Server thread/WARN] [net.minecraft.network.syncher.SynchedEntityData/]: defineId called for: class forge.net.mca.entity.ZombieVillagerEntityMCA from class forge.net.mca.util.network.datasync.CDataParameter
[31Mar2025 02:09:52.333] [Server thread/WARN] [net.minecraft.network.syncher.SynchedEntityData/]: defineId called for: class forge.net.mca.entity.ZombieVillagerEntityMCA from class forge.net.mca.util.network.datasync.CEnumParameter
[31Mar2025 02:09:52.333] [Server thread/WARN] [net.minecraft.network.syncher.SynchedEntityData/]: defineId called for: class forge.net.mca.entity.ZombieVillagerEntityMCA from class forge.net.mca.util.network.datasync.CDataParameter
[31Mar2025 02:09:52.333] [Server thread/WARN] [net.minecraft.network.syncher.SynchedEntityData/]: defineId called for: class forge.net.mca.entity.ZombieVillagerEntityMCA from class forge.net.mca.util.network.datasync.CDataParameter
[31Mar2025 02:09:52.334] [Server thread/WARN] [net.minecraft.network.syncher.SynchedEntityData/]: defineId called for: class forge.net.mca.entity.ZombieVillagerEntityMCA from class forge.net.mca.util.network.datasync.CEnumParameter
[31Mar2025 02:09:52.334] [Server thread/WARN] [net.minecraft.network.syncher.SynchedEntityData/]: defineId called for: class forge.net.mca.entity.ZombieVillagerEntityMCA from class forge.net.mca.util.network.datasync.CDataParameter
[31Mar2025 02:09:52.334] [Server thread/WARN] [net.minecraft.network.syncher.SynchedEntityData/]: defineId called for: class forge.net.mca.entity.ZombieVillagerEntityMCA from class forge.net.mca.util.network.datasync.CEnumParameter
[31Mar2025 02:09:52.334] [Server thread/WARN] [net.minecraft.network.syncher.SynchedEntityData/]: defineId called for: class forge.net.mca.entity.ZombieVillagerEntityMCA from class forge.net.mca.util.network.datasync.CEnumParameter
[31Mar2025 02:09:52.334] [Server thread/WARN] [net.minecraft.network.syncher.SynchedEntityData/]: defineId called for: class forge.net.mca.entity.ZombieVillagerEntityMCA from class forge.net.mca.util.network.datasync.CDataParameter
[31Mar2025 02:09:52.335] [Server thread/WARN] [net.minecraft.network.syncher.SynchedEntityData/]: defineId called for: class forge.net.mca.entity.ZombieVillagerEntityMCA from class forge.net.mca.util.network.datasync.CDataParameter
[31Mar2025 02:09:52.335] [Server thread/WARN] [net.minecraft.network.syncher.SynchedEntityData/]: defineId called for: class forge.net.mca.entity.ZombieVillagerEntityMCA from class forge.net.mca.util.network.datasync.CDataParameter
[31Mar2025 02:09:52.335] [Server thread/WARN] [net.minecraft.network.syncher.SynchedEntityData/]: defineId called for: class forge.net.mca.entity.ZombieVillagerEntityMCA from class forge.net.mca.util.network.datasync.CDataParameter
[31Mar2025 02:09:52.335] [Server thread/WARN] [net.minecraft.network.syncher.SynchedEntityData/]: defineId called for: class forge.net.mca.entity.ZombieVillagerEntityMCA from class forge.net.mca.util.network.datasync.CDataParameter
[31Mar2025 02:09:52.335] [Server thread/WARN] [net.minecraft.network.syncher.SynchedEntityData/]: defineId called for: class forge.net.mca.entity.ZombieVillagerEntityMCA from class forge.net.mca.util.network.datasync.CDataParameter
[31Mar2025 02:09:52.336] [Server thread/WARN] [net.minecraft.network.syncher.SynchedEntityData/]: defineId called for: class forge.net.mca.entity.ZombieVillagerEntityMCA from class forge.net.mca.util.network.datasync.CDataParameter
[31Mar2025 02:09:52.336] [Server thread/WARN] [net.minecraft.network.syncher.SynchedEntityData/]: defineId called for: class forge.net.mca.entity.ZombieVillagerEntityMCA from class forge.net.mca.util.network.datasync.CDataParameter
[31Mar2025 02:09:52.336] [Server thread/WARN] [net.minecraft.network.syncher.SynchedEntityData/]: defineId called for: class forge.net.mca.entity.ZombieVillagerEntityMCA from class forge.net.mca.util.network.datasync.CDataParameter
[31Mar2025 02:09:52.336] [Server thread/WARN] [net.minecraft.network.syncher.SynchedEntityData/]: defineId called for: class forge.net.mca.entity.ZombieVillagerEntityMCA from class forge.net.mca.util.network.datasync.CDataParameter
[31Mar2025 02:09:52.336] [Server thread/WARN] [net.minecraft.network.syncher.SynchedEntityData/]: defineId called for: class forge.net.mca.entity.ZombieVillagerEntityMCA from class forge.net.mca.util.network.datasync.CDataParameter
[31Mar2025 02:09:52.348] [Server thread/DEBUG] [net.minecraftforge.network.HandshakeHandler/FMLHANDSHAKE]: Sending ticking packet info 'Registry celestisynth:cs_visuals' to 'fml:handshake' sequence 8
[31Mar2025 02:09:52.387] [Server thread/DEBUG] [net.minecraftforge.network.HandshakeHandler/FMLHANDSHAKE]: Sending ticking packet info 'Registry minecraft:block_entity_type' to 'fml:handshake' sequence 9
[31Mar2025 02:09:52.433] [Server thread/DEBUG] [net.minecraftforge.network.HandshakeHandler/FMLHANDSHAKE]: Sending ticking packet info 'Registry forge:display_contexts' to 'fml:handshake' sequence 10
[31Mar2025 02:09:52.466] [Server thread/DEBUG] [net.minecraftforge.network.HandshakeHandler/FMLHANDSHAKE]: Sending ticking packet info 'Registry minecraft:stat_type' to 'fml:handshake' sequence 11
[31Mar2025 02:09:52.517] [Server thread/DEBUG] [net.minecraftforge.network.HandshakeHandler/FMLHANDSHAKE]: Sending ticking packet info 'Registry celestisynth:cs_player_animations' to 'fml:handshake' sequence 12
[31Mar2025 02:09:52.549] [Server thread/DEBUG] [net.minecraftforge.network.HandshakeHandler/FMLHANDSHAKE]: Sending ticking packet info 'Registry twilightforest:enforcement' to 'fml:handshake' sequence 13
[31Mar2025 02:09:52.602] [Server thread/DEBUG] [net.minecraftforge.network.HandshakeHandler/FMLHANDSHAKE]: Sending ticking packet info 'Registry minecraft:menu' to 'fml:handshake' sequence 14
[31Mar2025 02:09:52.644] [Server thread/DEBUG] [net.minecraftforge.network.HandshakeHandler/FMLHANDSHAKE]: Sending ticking packet info 'Registry minecraft:fluid' to 'fml:handshake' sequence 15
[31Mar2025 02:09:52.711] [Server thread/DEBUG] [net.minecraftforge.network.HandshakeHandler/FMLHANDSHAKE]: Sending ticking packet info 'Registry minecraft:recipe_serializer' to 'fml:handshake' sequence 16
[31Mar2025 02:09:52.748] [Server thread/DEBUG] [net.minecraftforge.network.HandshakeHandler/FMLHANDSHAKE]: Sending ticking packet info 'Registry minecraft:sound_event' to 'fml:handshake' sequence 17
[31Mar2025 02:09:52.803] [Server thread/DEBUG] [net.minecraftforge.network.HandshakeHandler/FMLHANDSHAKE]: Sending ticking packet info 'Registry minecraft:particle_type' to 'fml:handshake' sequence 18
[31Mar2025 02:09:52.843] [Server thread/DEBUG] [net.minecraftforge.network.HandshakeHandler/FMLHANDSHAKE]: Sending ticking packet info 'Registry twilightforest:tiny_bird_variant' to 'fml:handshake' sequence 19
[31Mar2025 02:09:52.899] [Netty Epoll Server IO #2/DEBUG] [net.minecraftforge.network.LoginWrapper/FMLHANDSHAKE]: Recieved login wrapper packet event for channel fml:handshake with index 6
[31Mar2025 02:09:52.899] [Netty Epoll Server IO #2/DEBUG] [net.minecraftforge.network.HandshakeHandler/FMLHANDSHAKE]: Received client indexed reply 6 of type net.minecraftforge.network.HandshakeMessages$C2SAcknowledge
[31Mar2025 02:09:52.899] [Netty Epoll Server IO #2/DEBUG] [net.minecraftforge.network.HandshakeHandler/FMLHANDSHAKE]: Received acknowledgement from client
[31Mar2025 02:09:52.899] [Netty Epoll Server IO #2/DEBUG] [net.minecraftforge.network.LoginWrapper/FMLHANDSHAKE]: Recieved login wrapper packet event for channel fml:handshake with index 7
[31Mar2025 02:09:52.899] [Netty Epoll Server IO #2/DEBUG] [net.minecraftforge.network.HandshakeHandler/FMLHANDSHAKE]: Received client indexed reply 7 of type net.minecraftforge.network.HandshakeMessages$C2SAcknowledge
[31Mar2025 02:09:52.899] [Netty Epoll Server IO #2/DEBUG] [net.minecraftforge.network.HandshakeHandler/FMLHANDSHAKE]: Received acknowledgement from client
[31Mar2025 02:09:52.908] [Server thread/DEBUG] [net.minecraftforge.network.HandshakeHandler/FMLHANDSHAKE]: Sending ticking packet info 'Registry minecraft:painting_variant' to 'fml:handshake' sequence 20
[31Mar2025 02:09:52.911] [Netty Epoll Server IO #2/DEBUG] [net.minecraftforge.network.LoginWrapper/FMLHANDSHAKE]: Recieved login wrapper packet event for channel fml:handshake with index 8
[31Mar2025 02:09:52.911] [Netty Epoll Server IO #2/DEBUG] [net.minecraftforge.network.HandshakeHandler/FMLHANDSHAKE]: Received client indexed reply 8 of type net.minecraftforge.network.HandshakeMessages$C2SAcknowledge
[31Mar2025 02:09:52.911] [Netty Epoll Server IO #2/DEBUG] [net.minecraftforge.network.HandshakeHandler/FMLHANDSHAKE]: Received acknowledgement from client
[31Mar2025 02:09:52.911] [Netty Epoll Server IO #2/DEBUG] [net.minecraftforge.network.LoginWrapper/FMLHANDSHAKE]: Recieved login wrapper packet event for channel fml:handshake with index 9
[31Mar2025 02:09:52.911] [Netty Epoll Server IO #2/DEBUG] [net.minecraftforge.network.HandshakeHandler/FMLHANDSHAKE]: Received client indexed reply 9 of type net.minecraftforge.network.HandshakeMessages$C2SAcknowledge
[31Mar2025 02:09:52.911] [Netty Epoll Server IO #2/DEBUG] [net.minecraftforge.network.HandshakeHandler/FMLHANDSHAKE]: Received acknowledgement from client
[31Mar2025 02:09:52.911] [Netty Epoll Server IO #2/DEBUG] [net.minecraftforge.network.LoginWrapper/FMLHANDSHAKE]: Recieved login wrapper packet event for channel fml:handshake with index 10
[31Mar2025 02:09:52.911] [Netty Epoll Server IO #2/DEBUG] [net.minecraftforge.network.HandshakeHandler/FMLHANDSHAKE]: Received client indexed reply 10 of type net.minecraftforge.network.HandshakeMessages$C2SAcknowledge
[31Mar2025 02:09:52.911] [Netty Epoll Server IO #2/DEBUG] [net.minecraftforge.network.HandshakeHandler/FMLHANDSHAKE]: Received acknowledgement from client
[31Mar2025 02:09:52.911] [Netty Epoll Server IO #2/DEBUG] [net.minecraftforge.network.LoginWrapper/FMLHANDSHAKE]: Recieved login wrapper packet event for channel fml:handshake with index 11
[31Mar2025 02:09:52.911] [Netty Epoll Server IO #2/DEBUG] [net.minecraftforge.network.HandshakeHandler/FMLHANDSHAKE]: Received client indexed reply 11 of type net.minecraftforge.network.HandshakeMessages$C2SAcknowledge
[31Mar2025 02:09:52.911] [Netty Epoll Server IO #2/DEBUG] [net.minecraftforge.network.HandshakeHandler/FMLHANDSHAKE]: Received acknowledgement from client
[31Mar2025 02:09:52.911] [Netty Epoll Server IO #2/DEBUG] [net.minecraftforge.network.LoginWrapper/FMLHANDSHAKE]: Recieved login wrapper packet event for channel fml:handshake with index 12
[31Mar2025 02:09:52.911] [Netty Epoll Server IO #2/DEBUG] [net.minecraftforge.network.HandshakeHandler/FMLHANDSHAKE]: Received client indexed reply 12 of type net.minecraftforge.network.HandshakeMessages$C2SAcknowledge
[31Mar2025 02:09:52.911] [Netty Epoll Server IO #2/DEBUG] [net.minecraftforge.network.HandshakeHandler/FMLHANDSHAKE]: Received acknowledgement from client
[31Mar2025 02:09:52.911] [Netty Epoll Server IO #2/DEBUG] [net.minecraftforge.network.LoginWrapper/FMLHANDSHAKE]: Recieved login wrapper packet event for channel fml:handshake with index 13
[31Mar2025 02:09:52.911] [Netty Epoll Server IO #2/DEBUG] [net.minecraftforge.network.HandshakeHandler/FMLHANDSHAKE]: Received client indexed reply 13 of type net.minecraftforge.network.HandshakeMessages$C2SAcknowledge
[31Mar2025 02:09:52.911] [Netty Epoll Server IO #2/DEBUG] [net.minecraftforge.network.HandshakeHandler/FMLHANDSHAKE]: Received acknowledgement from client
[31Mar2025 02:09:52.912] [Netty Epoll Server IO #2/DEBUG] [net.minecraftforge.network.LoginWrapper/FMLHANDSHAKE]: Recieved login wrapper packet event for channel fml:handshake with index 14
[31Mar2025 02:09:52.912] [Netty Epoll Server IO #2/DEBUG] [net.minecraftforge.network.HandshakeHandler/FMLHANDSHAKE]: Received client indexed reply 14 of type net.minecraftforge.network.HandshakeMessages$C2SAcknowledge
[31Mar2025 02:09:52.912] [Netty Epoll Server IO #2/DEBUG] [net.minecraftforge.network.HandshakeHandler/FMLHANDSHAKE]: Received acknowledgement from client
[31Mar2025 02:09:52.912] [Netty Epoll Server IO #2/DEBUG] [net.minecraftforge.network.LoginWrapper/FMLHANDSHAKE]: Recieved login wrapper packet event for channel fml:handshake with index 15
[31Mar2025 02:09:52.912] [Netty Epoll Server IO #2/DEBUG] [net.minecraftforge.network.HandshakeHandler/FMLHANDSHAKE]: Received client indexed reply 15 of type net.minecraftforge.network.HandshakeMessages$C2SAcknowledge
[31Mar2025 02:09:52.912] [Netty Epoll Server IO #2/DEBUG] [net.minecraftforge.network.HandshakeHandler/FMLHANDSHAKE]: Received acknowledgement from client
[31Mar2025 02:09:52.912] [Netty Epoll Server IO #2/DEBUG] [net.minecraftforge.network.LoginWrapper/FMLHANDSHAKE]: Recieved login wrapper packet event for channel fml:handshake with index 16
[31Mar2025 02:09:52.912] [Netty Epoll Server IO #2/DEBUG] [net.minecraftforge.network.HandshakeHandler/FMLHANDSHAKE]: Received client indexed reply 16 of type net.minecraftforge.network.HandshakeMessages$C2SAcknowledge
[31Mar2025 02:09:52.912] [Netty Epoll Server IO #2/DEBUG] [net.minecraftforge.network.HandshakeHandler/FMLHANDSHAKE]: Received acknowledgement from client
[31Mar2025 02:09:52.942] [Server thread/DEBUG] [net.minecraftforge.network.HandshakeHandler/FMLHANDSHAKE]: Sending ticking packet info 'Registry forge:fluid_type' to 'fml:handshake' sequence 21
[31Mar2025 02:09:53.004] [Server thread/DEBUG] [net.minecraftforge.network.HandshakeHandler/FMLHANDSHAKE]: Sending ticking packet info 'Registry minecraft:block' to 'fml:handshake' sequence 22
[31Mar2025 02:09:53.078] [Server thread/DEBUG] [net.minecraftforge.network.HandshakeHandler/FMLHANDSHAKE]: Sending ticking packet info 'Registry forge:entity_data_serializers' to 'fml:handshake' sequence 23
[31Mar2025 02:09:53.123] [Server thread/DEBUG] [net.minecraftforge.network.HandshakeHandler/FMLHANDSHAKE]: Sending ticking packet info 'Registry minecraft:mob_effect' to 'fml:handshake' sequence 24
[31Mar2025 02:09:53.151] [Server thread/DEBUG] [net.minecraftforge.network.HandshakeHandler/FMLHANDSHAKE]: Sending ticking packet info 'Registry twilightforest:dwarf_rabbit_variant' to 'fml:handshake' sequence 25
[31Mar2025 02:09:53.214] [Server thread/DEBUG] [net.minecraftforge.network.HandshakeHandler/FMLHANDSHAKE]: Sending ticking packet info 'Registry minecraft:enchantment' to 'fml:handshake' sequence 26
[31Mar2025 02:09:53.238] [Server thread/DEBUG] [net.minecraftforge.network.HandshakeHandler/FMLHANDSHAKE]: Sending ticking packet info 'Registry minecraft:entity_type' to 'fml:handshake' sequence 27
[31Mar2025 02:09:53.306] [Server thread/DEBUG] [net.minecraftforge.network.HandshakeHandler/FMLHANDSHAKE]: Sending ticking packet info 'Config journeymap-server.toml' to 'fml:handshake' sequence 28
[31Mar2025 02:09:53.348] [Server thread/DEBUG] [net.minecraftforge.network.HandshakeHandler/FMLHANDSHAKE]: Sending ticking packet info 'Config curios-server.toml' to 'fml:handshake' sequence 29
[31Mar2025 02:09:53.419] [Netty Epoll Server IO #2/DEBUG] [net.minecraftforge.network.LoginWrapper/FMLHANDSHAKE]: Recieved login wrapper packet event for channel fml:handshake with index 17
[31Mar2025 02:09:53.419] [Netty Epoll Server IO #2/DEBUG] [net.minecraftforge.network.HandshakeHandler/FMLHANDSHAKE]: Received client indexed reply 17 of type net.minecraftforge.network.HandshakeMessages$C2SAcknowledge
[31Mar2025 02:09:53.419] [Netty Epoll Server IO #2/DEBUG] [net.minecraftforge.network.HandshakeHandler/FMLHANDSHAKE]: Received acknowledgement from client
[31Mar2025 02:09:53.419] [Netty Epoll Server IO #2/DEBUG] [net.minecraftforge.network.LoginWrapper/FMLHANDSHAKE]: Recieved login wrapper packet event for channel fml:handshake with index 18
[31Mar2025 02:09:53.419] [Netty Epoll Server IO #2/DEBUG] [net.minecraftforge.network.HandshakeHandler/FMLHANDSHAKE]: Received client indexed reply 18 of type net.minecraftforge.network.HandshakeMessages$C2SAcknowledge
[31Mar2025 02:09:53.419] [Netty Epoll Server IO #2/DEBUG] [net.minecraftforge.network.HandshakeHandler/FMLHANDSHAKE]: Received acknowledgement from client
[31Mar2025 02:09:53.419] [Netty Epoll Server IO #2/DEBUG] [net.minecraftforge.network.LoginWrapper/FMLHANDSHAKE]: Recieved login wrapper packet event for channel fml:handshake with index 19
[31Mar2025 02:09:53.419] [Netty Epoll Server IO #2/DEBUG] [net.minecraftforge.network.HandshakeHandler/FMLHANDSHAKE]: Received client indexed reply 19 of type net.minecraftforge.network.HandshakeMessages$C2SAcknowledge
[31Mar2025 02:09:53.419] [Netty Epoll Server IO #2/DEBUG] [net.minecraftforge.network.HandshakeHandler/FMLHANDSHAKE]: Received acknowledgement from client
[31Mar2025 02:09:53.419] [Netty Epoll Server IO #2/DEBUG] [net.minecraftforge.network.LoginWrapper/FMLHANDSHAKE]: Recieved login wrapper packet event for channel fml:handshake with index 20
[31Mar2025 02:09:53.419] [Server thread/DEBUG] [net.minecraftforge.network.HandshakeHandler/FMLHANDSHAKE]: Sending ticking packet info 'Config biggerstacks-server.toml' to 'fml:handshake' sequence 30
[31Mar2025 02:09:53.420] [Netty Epoll Server IO #2/DEBUG] [net.minecraftforge.network.HandshakeHandler/FMLHANDSHAKE]: Received client indexed reply 20 of type net.minecraftforge.network.HandshakeMessages$C2SAcknowledge
[31Mar2025 02:09:53.420] [Netty Epoll Server IO #2/DEBUG] [net.minecraftforge.network.HandshakeHandler/FMLHANDSHAKE]: Received acknowledgement from client
[31Mar2025 02:09:53.422] [Netty Epoll Server IO #2/DEBUG] [net.minecraftforge.network.LoginWrapper/FMLHANDSHAKE]: Recieved login wrapper packet event for channel fml:handshake with index 21
[31Mar2025 02:09:53.422] [Netty Epoll Server IO #2/DEBUG] [net.minecraftforge.network.HandshakeHandler/FMLHANDSHAKE]: Received client indexed reply 21 of type net.minecraftforge.network.HandshakeMessages$C2SAcknowledge
[31Mar2025 02:09:53.422] [Netty Epoll Server IO #2/DEBUG] [net.minecraftforge.network.HandshakeHandler/FMLHANDSHAKE]: Received acknowledgement from client
[31Mar2025 02:09:53.463] [Server thread/DEBUG] [net.minecraftforge.network.HandshakeHandler/FMLHANDSHAKE]: Sending ticking packet info 'Config chiselsandbits-server.toml' to 'fml:handshake' sequence 31
[31Mar2025 02:09:53.487] [Server thread/DEBUG] [net.minecraftforge.network.HandshakeHandler/FMLHANDSHAKE]: Sending ticking packet info 'Config travelersbackpack-server.toml' to 'fml:handshake' sequence 32
[31Mar2025 02:09:53.561] [Server thread/DEBUG] [net.minecraftforge.network.HandshakeHandler/FMLHANDSHAKE]: Sending ticking packet info 'Config gravestone-server.toml' to 'fml:handshake' sequence 33
[31Mar2025 02:09:53.590] [Server thread/DEBUG] [net.minecraftforge.network.HandshakeHandler/FMLHANDSHAKE]: Sending ticking packet info 'Config mutantmonsters-server.toml' to 'fml:handshake' sequence 34
[31Mar2025 02:09:53.666] [Server thread/DEBUG] [net.minecraftforge.network.HandshakeHandler/FMLHANDSHAKE]: Sending ticking packet info 'Config aether-server.toml' to 'fml:handshake' sequence 35
[31Mar2025 02:09:53.718] [Server thread/DEBUG] [net.minecraftforge.network.HandshakeHandler/FMLHANDSHAKE]: Sending ticking packet info 'Config jei-server.toml' to 'fml:handshake' sequence 36
[31Mar2025 02:09:53.750] [Server thread/DEBUG] [net.minecraftforge.network.HandshakeHandler/FMLHANDSHAKE]: Sending ticking packet info 'Config forge-server.toml' to 'fml:handshake' sequence 37
[31Mar2025 02:09:53.815] [Netty Epoll Server IO #2/DEBUG] [net.minecraftforge.network.LoginWrapper/FMLHANDSHAKE]: Recieved login wrapper packet event for channel fml:handshake with index 22
[31Mar2025 02:09:53.815] [Netty Epoll Server IO #2/DEBUG] [net.minecraftforge.network.HandshakeHandler/FMLHANDSHAKE]: Received client indexed reply 22 of type net.minecraftforge.network.HandshakeMessages$C2SAcknowledge
[31Mar2025 02:09:53.815] [Netty Epoll Server IO #2/DEBUG] [net.minecraftforge.network.HandshakeHandler/FMLHANDSHAKE]: Received acknowledgement from client
[31Mar2025 02:09:53.815] [Netty Epoll Server IO #2/DEBUG] [net.minecraftforge.network.LoginWrapper/FMLHANDSHAKE]: Recieved login wrapper packet event for channel fml:handshake with index 23
[31Mar2025 02:09:53.815] [Netty Epoll Server IO #2/DEBUG] [net.minecraftforge.network.HandshakeHandler/FMLHANDSHAKE]: Received client indexed reply 23 of type net.minecraftforge.network.HandshakeMessages$C2SAcknowledge
[31Mar2025 02:09:53.815] [Netty Epoll Server IO #2/DEBUG] [net.minecraftforge.network.HandshakeHandler/FMLHANDSHAKE]: Received acknowledgement from client
[31Mar2025 02:09:53.857] [Netty Epoll Server IO #2/DEBUG] [net.minecraftforge.network.LoginWrapper/FMLHANDSHAKE]: Recieved login wrapper packet event for channel fml:handshake with index 24
[31Mar2025 02:09:53.858] [Netty Epoll Server IO #2/DEBUG] [net.minecraftforge.network.HandshakeHandler/FMLHANDSHAKE]: Received client indexed reply 24 of type net.minecraftforge.network.HandshakeMessages$C2SAcknowledge
[31Mar2025 02:09:53.858] [Netty Epoll Server IO #2/DEBUG] [net.minecraftforge.network.HandshakeHandler/FMLHANDSHAKE]: Received acknowledgement from client
[31Mar2025 02:09:53.858] [Netty Epoll Server IO #2/DEBUG] [net.minecraftforge.network.LoginWrapper/FMLHANDSHAKE]: Recieved login wrapper packet event for channel fml:handshake with index 25
[31Mar2025 02:09:53.858] [Netty Epoll Server IO #2/DEBUG] [net.minecraftforge.network.HandshakeHandler/FMLHANDSHAKE]: Received client indexed reply 25 of type net.minecraftforge.network.HandshakeMessages$C2SAcknowledge
[31Mar2025 02:09:53.858] [Netty Epoll Server IO #2/DEBUG] [net.minecraftforge.network.HandshakeHandler/FMLHANDSHAKE]: Received acknowledgement from client
[31Mar2025 02:09:53.858] [Netty Epoll Server IO #2/DEBUG] [net.minecraftforge.network.LoginWrapper/FMLHANDSHAKE]: Recieved login wrapper packet event for channel fml:handshake with index 26
[31Mar2025 02:09:53.858] [Netty Epoll Server IO #2/DEBUG] [net.minecraftforge.network.HandshakeHandler/FMLHANDSHAKE]: Received client indexed reply 26 of type net.minecraftforge.network.HandshakeMessages$C2SAcknowledge
[31Mar2025 02:09:53.858] [Netty Epoll Server IO #2/DEBUG] [net.minecraftforge.network.HandshakeHandler/FMLHANDSHAKE]: Received acknowledgement from client
[31Mar2025 02:09:58.601] [Netty Epoll Server IO #2/DEBUG] [net.minecraftforge.network.LoginWrapper/FMLHANDSHAKE]: Recieved login wrapper packet event for channel fml:handshake with index 27
[31Mar2025 02:09:58.601] [Netty Epoll Server IO #2/DEBUG] [net.minecraftforge.network.HandshakeHandler/FMLHANDSHAKE]: Received client indexed reply 27 of type net.minecraftforge.network.HandshakeMessages$C2SAcknowledge
[31Mar2025 02:09:58.601] [Netty Epoll Server IO #2/DEBUG] [net.minecraftforge.network.HandshakeHandler/FMLHANDSHAKE]: Received acknowledgement from client
[31Mar2025 02:09:58.646] [Netty Epoll Server IO #2/DEBUG] [net.minecraftforge.network.LoginWrapper/FMLHANDSHAKE]: Recieved login wrapper packet event for channel fml:handshake with index 28
[31Mar2025 02:09:58.647] [Netty Epoll Server IO #2/DEBUG] [net.minecraftforge.network.HandshakeHandler/FMLHANDSHAKE]: Received client indexed reply 28 of type net.minecraftforge.network.HandshakeMessages$C2SAcknowledge
[31Mar2025 02:09:58.647] [Netty Epoll Server IO #2/DEBUG] [net.minecraftforge.network.HandshakeHandler/FMLHANDSHAKE]: Received acknowledgement from client
[31Mar2025 02:09:58.650] [Netty Epoll Server IO #2/DEBUG] [net.minecraftforge.network.LoginWrapper/FMLHANDSHAKE]: Recieved login wrapper packet event for channel fml:handshake with index 29
[31Mar2025 02:09:58.650] [Netty Epoll Server IO #2/DEBUG] [net.minecraftforge.network.HandshakeHandler/FMLHANDSHAKE]: Received client indexed reply 29 of type net.minecraftforge.network.HandshakeMessages$C2SAcknowledge
[31Mar2025 02:09:58.651] [Netty Epoll Server IO #2/DEBUG] [net.minecraftforge.network.HandshakeHandler/FMLHANDSHAKE]: Received acknowledgement from client
[31Mar2025 02:09:58.654] [Netty Epoll Server IO #2/DEBUG] [net.minecraftforge.network.LoginWrapper/FMLHANDSHAKE]: Recieved login wrapper packet event for channel fml:handshake with index 30
[31Mar2025 02:09:58.654] [Netty Epoll Server IO #2/DEBUG] [net.minecraftforge.network.HandshakeHandler/FMLHANDSHAKE]: Received client indexed reply 30 of type net.minecraftforge.network.HandshakeMessages$C2SAcknowledge
[31Mar2025 02:09:58.654] [Netty Epoll Server IO #2/DEBUG] [net.minecraftforge.network.HandshakeHandler/FMLHANDSHAKE]: Received acknowledgement from client
[31Mar2025 02:09:58.658] [Netty Epoll Server IO #2/DEBUG] [net.minecraftforge.network.LoginWrapper/FMLHANDSHAKE]: Recieved login wrapper packet event for channel fml:handshake with index 31
[31Mar2025 02:09:58.659] [Netty Epoll Server IO #2/DEBUG] [net.minecraftforge.network.HandshakeHandler/FMLHANDSHAKE]: Received client indexed reply 31 of type net.minecraftforge.network.HandshakeMessages$C2SAcknowledge
[31Mar2025 02:09:58.659] [Netty Epoll Server IO #2/DEBUG] [net.minecraftforge.network.HandshakeHandler/FMLHANDSHAKE]: Received acknowledgement from client
[31Mar2025 02:09:58.663] [Netty Epoll Server IO #2/DEBUG] [net.minecraftforge.network.LoginWrapper/FMLHANDSHAKE]: Recieved login wrapper packet event for channel fml:handshake with index 32
[31Mar2025 02:09:58.663] [Netty Epoll Server IO #2/DEBUG] [net.minecraftforge.network.HandshakeHandler/FMLHANDSHAKE]: Received client indexed reply 32 of type net.minecraftforge.network.HandshakeMessages$C2SAcknowledge
[31Mar2025 02:09:58.663] [Netty Epoll Server IO #2/DEBUG] [net.minecraftforge.network.HandshakeHandler/FMLHANDSHAKE]: Received acknowledgement from client
[31Mar2025 02:09:58.670] [Netty Epoll Server IO #2/DEBUG] [net.minecraftforge.network.LoginWrapper/FMLHANDSHAKE]: Recieved login wrapper packet event for channel fml:handshake with index 33
[31Mar2025 02:09:58.670] [Netty Epoll Server IO #2/DEBUG] [net.minecraftforge.network.HandshakeHandler/FMLHANDSHAKE]: Received client indexed reply 33 of type net.minecraftforge.network.HandshakeMessages$C2SAcknowledge
[31Mar2025 02:09:58.670] [Netty Epoll Server IO #2/DEBUG] [net.minecraftforge.network.HandshakeHandler/FMLHANDSHAKE]: Received acknowledgement from client
[31Mar2025 02:09:58.748] [Netty Epoll Server IO #2/DEBUG] [net.minecraftforge.network.LoginWrapper/FMLHANDSHAKE]: Recieved login wrapper packet event for channel fml:handshake with index 34
[31Mar2025 02:09:58.749] [Netty Epoll Server IO #2/DEBUG] [net.minecraftforge.network.HandshakeHandler/FMLHANDSHAKE]: Received client indexed reply 34 of type net.minecraftforge.network.HandshakeMessages$C2SAcknowledge
[31Mar2025 02:09:58.749] [Netty Epoll Server IO #2/DEBUG] [net.minecraftforge.network.HandshakeHandler/FMLHANDSHAKE]: Received acknowledgement from client
[31Mar2025 02:09:58.749] [Netty Epoll Server IO #2/DEBUG] [net.minecraftforge.network.LoginWrapper/FMLHANDSHAKE]: Recieved login wrapper packet event for channel fml:handshake with index 35
[31Mar2025 02:09:58.749] [Netty Epoll Server IO #2/DEBUG] [net.minecraftforge.network.HandshakeHandler/FMLHANDSHAKE]: Received client indexed reply 35 of type net.minecraftforge.network.HandshakeMessages$C2SAcknowledge
[31Mar2025 02:09:58.749] [Netty Epoll Server IO #2/DEBUG] [net.minecraftforge.network.HandshakeHandler/FMLHANDSHAKE]: Received acknowledgement from client
[31Mar2025 02:09:58.749] [Netty Epoll Server IO #2/DEBUG] [net.minecraftforge.network.LoginWrapper/FMLHANDSHAKE]: Recieved login wrapper packet event for channel fml:handshake with index 36
[31Mar2025 02:09:58.749] [Netty Epoll Server IO #2/DEBUG] [net.minecraftforge.network.HandshakeHandler/FMLHANDSHAKE]: Received client indexed reply 36 of type net.minecraftforge.network.HandshakeMessages$C2SAcknowledge
[31Mar2025 02:09:58.749] [Netty Epoll Server IO #2/DEBUG] [net.minecraftforge.network.HandshakeHandler/FMLHANDSHAKE]: Received acknowledgement from client
[31Mar2025 02:09:58.749] [Netty Epoll Server IO #2/DEBUG] [net.minecraftforge.network.LoginWrapper/FMLHANDSHAKE]: Recieved login wrapper packet event for channel fml:handshake with index 37
[31Mar2025 02:09:58.749] [Netty Epoll Server IO #2/DEBUG] [net.minecraftforge.network.HandshakeHandler/FMLHANDSHAKE]: Received client indexed reply 37 of type net.minecraftforge.network.HandshakeMessages$C2SAcknowledge
[31Mar2025 02:09:58.749] [Netty Epoll Server IO #2/DEBUG] [net.minecraftforge.network.HandshakeHandler/FMLHANDSHAKE]: Received acknowledgement from client
[31Mar2025 02:09:58.779] [Server thread/DEBUG] [net.minecraftforge.network.HandshakeHandler/FMLHANDSHAKE]: Handshake complete!
[31Mar2025 02:09:58.852] [Server thread/INFO] [net.minecraft.server.players.PlayerList/]: Gam[/127.130.2.202:35795] logged in with entity id 592 at (1354.0618767510387, 63.0, 93.17645858815861)
[31Mar2025 02:09:58.852] [Server thread/DEBUG] [net.minecraftforge.network.filters.NetworkFilters/]: Injected net.minecraftforge.network.filters.ForgeConnectionNetworkFilter@3cca8ccb into net.minecraft.network.Connection@2b4a2fa1
[31Mar2025 02:09:58.878] [Server thread/INFO] [net.minecraft.server.MinecraftServer/]: Gam joined the game
[31Mar2025 02:09:58.975] [Server thread/INFO] [Jade/]: Syncing config to Gam (77f5e4c4-c57c-343e-87a8-94964d97a761)
[31Mar2025 02:09:59.366] [Netty Epoll Server IO #2/DEBUG] [emotecraft/]: [emotes server] Received data from: 77f5e4c4-c57c-343e-87a8-94964d97a761 data: NetData{purpose=CONFIG, threshold=8.0, stopEmoteID=null, emoteData=null, startingAt=0, player=null}
[31Mar2025 02:10:01.175] [Server thread/DEBUG] [portb.transformerlib.TransformerLib/]: Transforming net/minecraftforge/items/wrapper/CombinedInvWrapper (target of net/minecraftforge/items/IItemHandler)
[31Mar2025 02:10:05.131] [Worker-Main-2/DEBUG] [mixin/]: Mixing world.WorldGenRegionAccessor from mss-common.mixins.json into net.minecraft.server.level.WorldGenRegion
[31Mar2025 02:10:05.132] [Worker-Main-2/DEBUG] [mixin/]: Mixing common.accessor.WorldGenRegionAccessor from aether.mixins.json into net.minecraft.server.level.WorldGenRegion
[31Mar2025 02:10:10.453] [Netty Epoll Server IO #4/DEBUG] [net.minecraftforge.network.HandshakeHandler/FMLHANDSHAKE]: Starting new modded impl connection. Found 38 messages to dispatch.
[31Mar2025 02:10:10.480] [Server thread/DEBUG] [net.minecraftforge.network.HandshakeHandler/FMLHANDSHAKE]: Sending ticking packet info 'portb.biggerstacks.net.ClientboundRulesHandshakePacket' to 'biggerstacks:rules' sequence 0
[31Mar2025 02:10:10.535] [Server thread/DEBUG] [net.minecraftforge.network.HandshakeHandler/FMLHANDSHAKE]: Sending ticking packet info 'net.minecraftforge.network.HandshakeMessages$S2CModData' to 'fml:handshake' sequence 1
[31Mar2025 02:10:10.578] [Server thread/DEBUG] [net.minecraftforge.network.HandshakeHandler/FMLHANDSHAKE]: Sending ticking packet info 'net.minecraftforge.network.HandshakeMessages$S2CModList' to 'fml:handshake' sequence 2
[31Mar2025 02:10:10.630] [Server thread/DEBUG] [net.minecraftforge.network.HandshakeHandler/FMLHANDSHAKE]: Sending ticking packet info 'Registry minecraft:command_argument_type' to 'fml:handshake' sequence 3
[31Mar2025 02:10:10.682] [Server thread/DEBUG] [net.minecraftforge.network.HandshakeHandler/FMLHANDSHAKE]: Sending ticking packet info 'Registry aether:moa_type' to 'fml:handshake' sequence 4
[31Mar2025 02:10:10.722] [Netty Epoll Server IO #4/DEBUG] [net.minecraftforge.network.LoginWrapper/FMLHANDSHAKE]: Recieved login wrapper packet event for channel fml:handshake with index 2
[31Mar2025 02:10:10.722] [Netty Epoll Server IO #4/DEBUG] [net.minecraftforge.network.HandshakeHandler/FMLHANDSHAKE]: Received client indexed reply 2 of type net.minecraftforge.network.HandshakeMessages$C2SModListReply
[31Mar2025 02:10:10.722] [Netty Epoll Server IO #4/DEBUG] [net.minecraftforge.network.HandshakeHandler/FMLHANDSHAKE]: Received client connection with modlist [cyclopscore, animation_overhaul, mutantmonsters, geckolib, scena, mss, botarium, playeranimator, aether, jei, incendium, fabledweaponry, journeymap, citadel, alexsmobs, travelersbackpack, artifacts, evilcraft, evilcraftcompat, mixinextras, oreharvester, terralith, biggerstacks, mythicmounts, puzzlesaccessapi, cloth_config, forge, pfm, twilightforest, tlskincape, konkrete, emotecraft, useless_sword, minecraft, necronomicon, jade, ironfurnaces, resourcefulconfig, curios, patchouli, gravestone, collective, mr_dungeons_andtaverns, inventoryhud, resourcefullib, cumulus_menus, architectury, mca, puzzleslib, justzoom, nitrogen_internals, celestisynth, expandability, chiselsandbits, ad_astra]
[31Mar2025 02:10:10.723] [Netty Epoll Server IO #4/DEBUG] [net.minecraftforge.network.NetworkRegistry/NETREGISTRY]: Channel 'evilcraftcompat:channel_main' : Version test of '1.0.0' from client : ACCEPTED
[31Mar2025 02:10:10.723] [Netty Epoll Server IO #4/DEBUG] [net.minecraftforge.network.NetworkRegistry/NETREGISTRY]: Channel 'architectury:network' : Version test of '1' from client : ACCEPTED
[31Mar2025 02:10:10.723] [Netty Epoll Server IO #4/DEBUG] [net.minecraftforge.network.NetworkRegistry/NETREGISTRY]: Channel 'pfm:main_channel' : Version test of '1' from client : ACCEPTED
[31Mar2025 02:10:10.723] [Netty Epoll Server IO #4/DEBUG] [net.minecraftforge.network.NetworkRegistry/NETREGISTRY]: Channel 'celestisynth:messages' : Version test of '1.0' from client : ACCEPTED
[31Mar2025 02:10:10.723] [Netty Epoll Server IO #4/DEBUG] [net.minecraftforge.network.NetworkRegistry/NETREGISTRY]: Channel 'jei:channel' : Version test of '1.0.0' from client : ACCEPTED
[31Mar2025 02:10:10.723] [Netty Epoll Server IO #4/DEBUG] [net.minecraftforge.network.NetworkRegistry/NETREGISTRY]: Channel 'aether:main' : Version test of '1' from client : ACCEPTED
[31Mar2025 02:10:10.723] [Netty Epoll Server IO #4/DEBUG] [net.minecraftforge.network.NetworkRegistry/NETREGISTRY]: Channel 'minecraft:unregister' : Version test of 'FML3' from client : ACCEPTED
[31Mar2025 02:10:10.723] [Netty Epoll Server IO #4/DEBUG] [net.minecraftforge.network.NetworkRegistry/NETREGISTRY]: Channel 'citadel:main_channel' : Version test of '1' from client : ACCEPTED
[31Mar2025 02:10:10.723] [Netty Epoll Server IO #4/DEBUG] [net.minecraftforge.network.NetworkRegistry/NETREGISTRY]: Channel 'puzzleslib:1' : Version test of '1' from client : ACCEPTED
[31Mar2025 02:10:10.723] [Netty Epoll Server IO #4/DEBUG] [net.minecraftforge.network.NetworkRegistry/NETREGISTRY]: Channel 'ironfurnaces:ironfurnaces_network' : Version test of '1.0' from client : ACCEPTED
[31Mar2025 02:10:10.723] [Netty Epoll Server IO #4/DEBUG] [net.minecraftforge.network.NetworkRegistry/NETREGISTRY]: Channel 'nitrogen_internals:main' : Version test of '1' from client : ACCEPTED
[31Mar2025 02:10:10.723] [Netty Epoll Server IO #4/DEBUG] [net.minecraftforge.network.NetworkRegistry/NETREGISTRY]: Channel 'journeymap:version' : Version test of '1' from client : ACCEPTED
[31Mar2025 02:10:10.723] [Netty Epoll Server IO #4/DEBUG] [net.minecraftforge.network.NetworkRegistry/NETREGISTRY]: Channel 'ad_astra:main' : Version test of '0' from client : ACCEPTED
[31Mar2025 02:10:10.724] [Netty Epoll Server IO #4/DEBUG] [net.minecraftforge.network.NetworkRegistry/NETREGISTRY]: Channel 'travelersbackpack:network' : Version test of 'travelersbackpack:1' from client : ACCEPTED
[31Mar2025 02:10:10.724] [Netty Epoll Server IO #4/DEBUG] [net.minecraftforge.network.NetworkRegistry/NETREGISTRY]: Channel 'curios:main' : Version test of '1' from client : ACCEPTED
[31Mar2025 02:10:10.724] [Netty Epoll Server IO #4/DEBUG] [net.minecraftforge.network.NetworkRegistry/NETREGISTRY]: Channel 'worldinfo:world_id' : Version test of '1' from client : ACCEPTED
[31Mar2025 02:10:10.724] [Netty Epoll Server IO #4/DEBUG] [net.minecraftforge.network.NetworkRegistry/NETREGISTRY]: Channel 'cyclopscore:channel_main' : Version test of '1.0.0' from client : ACCEPTED
[31Mar2025 02:10:10.724] [Netty Epoll Server IO #4/DEBUG] [net.minecraftforge.network.NetworkRegistry/NETREGISTRY]: Channel 'journeymap:admin_req' : Version test of '1' from client : ACCEPTED
[31Mar2025 02:10:10.724] [Netty Epoll Server IO #4/DEBUG] [net.minecraftforge.network.NetworkRegistry/NETREGISTRY]: Channel 'journeymap:mp_options_req' : Version test of '1' from client : ACCEPTED
[31Mar2025 02:10:10.724] [Netty Epoll Server IO #4/DEBUG] [net.minecraftforge.network.NetworkRegistry/NETREGISTRY]: Channel 'journeymap:waypoint' : Version test of '1' from client : ACCEPTED
[31Mar2025 02:10:10.724] [Netty Epoll Server IO #4/DEBUG] [net.minecraftforge.network.NetworkRegistry/NETREGISTRY]: Channel 'fml:loginwrapper' : Version test of 'FML3' from client : ACCEPTED
[31Mar2025 02:10:10.724] [Netty Epoll Server IO #4/DEBUG] [net.minecraftforge.network.NetworkRegistry/NETREGISTRY]: Channel 'forge:tier_sorting' : Version test of '1.0' from client : ACCEPTED
[31Mar2025 02:10:10.724] [Netty Epoll Server IO #4/DEBUG] [net.minecraftforge.network.NetworkRegistry/NETREGISTRY]: Channel 'evilcraft:channel_main' : Version test of '1.0.0' from client : ACCEPTED
[31Mar2025 02:10:10.724] [Netty Epoll Server IO #4/DEBUG] [net.minecraftforge.network.NetworkRegistry/NETREGISTRY]: Channel 'biggerstacks:rules' : Version test of '1' from client : ACCEPTED
[31Mar2025 02:10:10.724] [Netty Epoll Server IO #4/DEBUG] [net.minecraftforge.network.NetworkRegistry/NETREGISTRY]: Channel 'alexsmobs:main_channel' : Version test of '1' from client : ACCEPTED
[31Mar2025 02:10:10.724] [Netty Epoll Server IO #4/DEBUG] [net.minecraftforge.network.NetworkRegistry/NETREGISTRY]: Channel 'chiselsandbits:chiselsandbits' : Version test of '1.0' from client : ACCEPTED
[31Mar2025 02:10:10.724] [Netty Epoll Server IO #4/DEBUG] [net.minecraftforge.network.NetworkRegistry/NETREGISTRY]: Channel 'mca:main' : Version test of '1' from client : ACCEPTED
[31Mar2025 02:10:10.724] [Netty Epoll Server IO #4/DEBUG] [net.minecraftforge.network.NetworkRegistry/NETREGISTRY]: Channel 'fml:play' : Version test of 'FML3' from client : ACCEPTED
[31Mar2025 02:10:10.724] [Netty Epoll Server IO #4/DEBUG] [net.minecraftforge.network.NetworkRegistry/NETREGISTRY]: Channel 'journeymap:player_loc' : Version test of '1' from client : ACCEPTED
[31Mar2025 02:10:10.724] [Netty Epoll Server IO #4/DEBUG] [net.minecraftforge.network.NetworkRegistry/NETREGISTRY]: Channel 'journeymap:admin_save' : Version test of '1' from client : ACCEPTED
[31Mar2025 02:10:10.724] [Netty Epoll Server IO #4/DEBUG] [net.minecraftforge.network.NetworkRegistry/NETREGISTRY]: Channel 'geyser:emote' : Version test of '0' from client : ACCEPTED
[31Mar2025 02:10:10.724] [Netty Epoll Server IO #4/DEBUG] [net.minecraftforge.network.NetworkRegistry/NETREGISTRY]: Channel 'gravestone:default' : Version test of '1.0.0' from client : ACCEPTED
[31Mar2025 02:10:10.724] [Netty Epoll Server IO #4/DEBUG] [net.minecraftforge.network.NetworkRegistry/NETREGISTRY]: Channel 'mythicmounts:messages' : Version test of '1.0' from client : ACCEPTED
[31Mar2025 02:10:10.724] [Netty Epoll Server IO #4/DEBUG] [net.minecraftforge.network.NetworkRegistry/NETREGISTRY]: Channel 'patchouli:main' : Version test of '1' from client : ACCEPTED
[31Mar2025 02:10:10.724] [Netty Epoll Server IO #4/DEBUG] [net.minecraftforge.network.NetworkRegistry/NETREGISTRY]: Channel 'journeymap:teleport_req' : Version test of '1' from client : ACCEPTED
[31Mar2025 02:10:10.724] [Netty Epoll Server IO #4/DEBUG] [net.minecraftforge.network.NetworkRegistry/NETREGISTRY]: Channel 'fml:handshake' : Version test of 'FML3' from client : ACCEPTED
[31Mar2025 02:10:10.724] [Netty Epoll Server IO #4/DEBUG] [net.minecraftforge.network.NetworkRegistry/NETREGISTRY]: Channel 'journeymap:common' : Version test of '1' from client : ACCEPTED
[31Mar2025 02:10:10.724] [Netty Epoll Server IO #4/DEBUG] [net.minecraftforge.network.NetworkRegistry/NETREGISTRY]: Channel 'useless_sword:useless_sword' : Version test of '1' from client : ACCEPTED
[31Mar2025 02:10:10.725] [Netty Epoll Server IO #4/DEBUG] [net.minecraftforge.network.NetworkRegistry/NETREGISTRY]: Channel 'mutantmonsters:1' : Version test of '1' from client : ACCEPTED
[31Mar2025 02:10:10.725] [Netty Epoll Server IO #4/DEBUG] [net.minecraftforge.network.NetworkRegistry/NETREGISTRY]: Channel 'minecraft:register' : Version test of 'FML3' from client : ACCEPTED
[31Mar2025 02:10:10.725] [Netty Epoll Server IO #4/DEBUG] [net.minecraftforge.network.NetworkRegistry/NETREGISTRY]: Channel 'forge:split' : Version test of '1.1' from client : ACCEPTED
[31Mar2025 02:10:10.725] [Netty Epoll Server IO #4/DEBUG] [net.minecraftforge.network.NetworkRegistry/NETREGISTRY]: Channel 'journeymap:perm_req' : Version test of '1' from client : ACCEPTED
[31Mar2025 02:10:10.725] [Netty Epoll Server IO #4/DEBUG] [net.minecraftforge.network.NetworkRegistry/NETREGISTRY]: Channel 'twilightforest:channel' : Version test of '2' from client : ACCEPTED
[31Mar2025 02:10:10.725] [Netty Epoll Server IO #4/DEBUG] [net.minecraftforge.network.NetworkRegistry/NETREGISTRY]: Channel 'geckolib:main' : Version test of '1' from client : ACCEPTED
[31Mar2025 02:10:10.725] [Netty Epoll Server IO #4/DEBUG] [net.minecraftforge.network.NetworkRegistry/NETREGISTRY]: Channel 'jade:networking' : Version test of '2' from client : ACCEPTED
[31Mar2025 02:10:10.725] [Netty Epoll Server IO #4/DEBUG] [net.minecraftforge.network.NetworkRegistry/NETREGISTRY]: Channel 'emotecraft:emote' : Version test of '8' from client : ACCEPTED
[31Mar2025 02:10:10.725] [Netty Epoll Server IO #4/DEBUG] [net.minecraftforge.network.NetworkRegistry/NETREGISTRY]: Accepting channel list from client
[31Mar2025 02:10:10.726] [Netty Epoll Server IO #4/DEBUG] [net.minecraftforge.network.HandshakeHandler/FMLHANDSHAKE]: Accepted client connection mod list
[31Mar2025 02:10:10.731] [Server thread/DEBUG] [net.minecraftforge.network.HandshakeHandler/FMLHANDSHAKE]: Sending ticking packet info 'Registry minecraft:villager_profession' to 'fml:handshake' sequence 5
[31Mar2025 02:10:10.742] [Netty Epoll Server IO #4/DEBUG] [net.minecraftforge.network.LoginWrapper/FMLHANDSHAKE]: Recieved login wrapper packet event for channel fml:handshake with index 3
[31Mar2025 02:10:10.742] [Netty Epoll Server IO #4/DEBUG] [net.minecraftforge.network.HandshakeHandler/FMLHANDSHAKE]: Received client indexed reply 3 of type net.minecraftforge.network.HandshakeMessages$C2SAcknowledge
[31Mar2025 02:10:10.742] [Netty Epoll Server IO #4/DEBUG] [net.minecraftforge.network.HandshakeHandler/FMLHANDSHAKE]: Received acknowledgement from client
[31Mar2025 02:10:10.780] [Server thread/DEBUG] [net.minecraftforge.network.HandshakeHandler/FMLHANDSHAKE]: Sending ticking packet info 'Registry minecraft:item' to 'fml:handshake' sequence 6
[31Mar2025 02:10:10.832] [Server thread/DEBUG] [net.minecraftforge.network.HandshakeHandler/FMLHANDSHAKE]: Sending ticking packet info 'Registry minecraft:potion' to 'fml:handshake' sequence 7
[31Mar2025 02:10:10.832] [Netty Epoll Server IO #4/DEBUG] [net.minecraftforge.network.LoginWrapper/FMLHANDSHAKE]: Recieved login wrapper packet event for channel fml:handshake with index 4
[31Mar2025 02:10:10.833] [Netty Epoll Server IO #4/DEBUG] [net.minecraftforge.network.HandshakeHandler/FMLHANDSHAKE]: Received client indexed reply 4 of type net.minecraftforge.network.HandshakeMessages$C2SAcknowledge
[31Mar2025 02:10:10.833] [Netty Epoll Server IO #4/DEBUG] [net.minecraftforge.network.HandshakeHandler/FMLHANDSHAKE]: Received acknowledgement from client
[31Mar2025 02:10:10.833] [Netty Epoll Server IO #4/DEBUG] [net.minecraftforge.network.LoginWrapper/FMLHANDSHAKE]: Recieved login wrapper packet event for channel fml:handshake with index 5
[31Mar2025 02:10:10.833] [Netty Epoll Server IO #4/DEBUG] [net.minecraftforge.network.HandshakeHandler/FMLHANDSHAKE]: Received client indexed reply 5 of type net.minecraftforge.network.HandshakeMessages$C2SAcknowledge
[31Mar2025 02:10:10.833] [Netty Epoll Server IO #4/DEBUG] [net.minecraftforge.network.HandshakeHandler/FMLHANDSHAKE]: Received acknowledgement from client
[31Mar2025 02:10:10.885] [Server thread/DEBUG] [net.minecraftforge.network.HandshakeHandler/FMLHANDSHAKE]: Sending ticking packet info 'Registry celestisynth:cs_visuals' to 'fml:handshake' sequence 8
[31Mar2025 02:10:10.941] [Server thread/DEBUG] [net.minecraftforge.network.HandshakeHandler/FMLHANDSHAKE]: Sending ticking packet info 'Registry minecraft:block_entity_type' to 'fml:handshake' sequence 9
[31Mar2025 02:10:10.989] [Server thread/DEBUG] [net.minecraftforge.network.HandshakeHandler/FMLHANDSHAKE]: Sending ticking packet info 'Registry forge:display_contexts' to 'fml:handshake' sequence 10
[31Mar2025 02:10:11.031] [Server thread/DEBUG] [net.minecraftforge.network.HandshakeHandler/FMLHANDSHAKE]: Sending ticking packet info 'Registry minecraft:stat_type' to 'fml:handshake' sequence 11
[31Mar2025 02:10:11.079] [Server thread/DEBUG] [net.minecraftforge.network.HandshakeHandler/FMLHANDSHAKE]: Sending ticking packet info 'Registry celestisynth:cs_player_animations' to 'fml:handshake' sequence 12
[31Mar2025 02:10:11.139] [Server thread/DEBUG] [net.minecraftforge.network.HandshakeHandler/FMLHANDSHAKE]: Sending ticking packet info 'Registry twilightforest:enforcement' to 'fml:handshake' sequence 13
[31Mar2025 02:10:11.149] [Netty Epoll Server IO #4/DEBUG] [net.minecraftforge.network.LoginWrapper/FMLHANDSHAKE]: Recieved login wrapper packet event for channel fml:handshake with index 6
[31Mar2025 02:10:11.149] [Netty Epoll Server IO #4/DEBUG] [net.minecraftforge.network.HandshakeHandler/FMLHANDSHAKE]: Received client indexed reply 6 of type net.minecraftforge.network.HandshakeMessages$C2SAcknowledge
[31Mar2025 02:10:11.149] [Netty Epoll Server IO #4/DEBUG] [net.minecraftforge.network.HandshakeHandler/FMLHANDSHAKE]: Received acknowledgement from client
[31Mar2025 02:10:11.149] [Netty Epoll Server IO #4/DEBUG] [net.minecraftforge.network.LoginWrapper/FMLHANDSHAKE]: Recieved login wrapper packet event for channel fml:handshake with index 7
[31Mar2025 02:10:11.149] [Netty Epoll Server IO #4/DEBUG] [net.minecraftforge.network.HandshakeHandler/FMLHANDSHAKE]: Received client indexed reply 7 of type net.minecraftforge.network.HandshakeMessages$C2SAcknowledge
[31Mar2025 02:10:11.149] [Netty Epoll Server IO #4/DEBUG] [net.minecraftforge.network.HandshakeHandler/FMLHANDSHAKE]: Received acknowledgement from client
[31Mar2025 02:10:11.149] [Netty Epoll Server IO #4/DEBUG] [net.minecraftforge.network.LoginWrapper/FMLHANDSHAKE]: Recieved login wrapper packet event for channel fml:handshake with index 8
[31Mar2025 02:10:11.149] [Netty Epoll Server IO #4/DEBUG] [net.minecraftforge.network.HandshakeHandler/FMLHANDSHAKE]: Received client indexed reply 8 of type net.minecraftforge.network.HandshakeMessages$C2SAcknowledge
[31Mar2025 02:10:11.149] [Netty Epoll Server IO #4/DEBUG] [net.minecraftforge.network.HandshakeHandler/FMLHANDSHAKE]: Received acknowledgement from client
[31Mar2025 02:10:11.182] [Server thread/DEBUG] [net.minecraftforge.network.HandshakeHandler/FMLHANDSHAKE]: Sending ticking packet info 'Registry minecraft:menu' to 'fml:handshake' sequence 14
[31Mar2025 02:10:11.193] [Netty Epoll Server IO #4/DEBUG] [net.minecraftforge.network.LoginWrapper/FMLHANDSHAKE]: Recieved login wrapper packet event for channel fml:handshake with index 9
[31Mar2025 02:10:11.193] [Netty Epoll Server IO #4/DEBUG] [net.minecraftforge.network.HandshakeHandler/FMLHANDSHAKE]: Received client indexed reply 9 of type net.minecraftforge.network.HandshakeMessages$C2SAcknowledge
[31Mar2025 02:10:11.193] [Netty Epoll Server IO #4/DEBUG] [net.minecraftforge.network.HandshakeHandler/FMLHANDSHAKE]: Received acknowledgement from client
[31Mar2025 02:10:11.232] [Server thread/DEBUG] [net.minecraftforge.network.HandshakeHandler/FMLHANDSHAKE]: Sending ticking packet info 'Registry minecraft:fluid' to 'fml:handshake' sequence 15
[31Mar2025 02:10:11.233] [Netty Epoll Server IO #4/DEBUG] [net.minecraftforge.network.LoginWrapper/FMLHANDSHAKE]: Recieved login wrapper packet event for channel fml:handshake with index 10
[31Mar2025 02:10:11.233] [Netty Epoll Server IO #4/DEBUG] [net.minecraftforge.network.HandshakeHandler/FMLHANDSHAKE]: Received client indexed reply 10 of type net.minecraftforge.network.HandshakeMessages$C2SAcknowledge
[31Mar2025 02:10:11.233] [Netty Epoll Server IO #4/DEBUG] [net.minecraftforge.network.HandshakeHandler/FMLHANDSHAKE]: Received acknowledgement from client
[31Mar2025 02:10:11.233] [Netty Epoll Server IO #4/DEBUG] [net.minecraftforge.network.LoginWrapper/FMLHANDSHAKE]: Recieved login wrapper packet event for channel fml:handshake with index 11
[31Mar2025 02:10:11.233] [Netty Epoll Server IO #4/DEBUG] [net.minecraftforge.network.HandshakeHandler/FMLHANDSHAKE]: Received client indexed reply 11 of type net.minecraftforge.network.HandshakeMessages$C2SAcknowledge
[31Mar2025 02:10:11.233] [Netty Epoll Server IO #4/DEBUG] [net.minecraftforge.network.HandshakeHandler/FMLHANDSHAKE]: Received acknowledgement from client
[31Mar2025 02:10:11.233] [Netty Epoll Server IO #4/DEBUG] [net.minecraftforge.network.LoginWrapper/FMLHANDSHAKE]: Recieved login wrapper packet event for channel fml:handshake with index 12
[31Mar2025 02:10:11.233] [Netty Epoll Server IO #4/DEBUG] [net.minecraftforge.network.HandshakeHandler/FMLHANDSHAKE]: Received client indexed reply 12 of type net.minecraftforge.network.HandshakeMessages$C2SAcknowledge
[31Mar2025 02:10:11.233] [Netty Epoll Server IO #4/DEBUG] [net.minecraftforge.network.HandshakeHandler/FMLHANDSHAKE]: Received acknowledgement from client
[31Mar2025 02:10:11.274] [Netty Epoll Server IO #4/DEBUG] [net.minecraftforge.network.LoginWrapper/FMLHANDSHAKE]: Recieved login wrapper packet event for channel fml:handshake with index 13
[31Mar2025 02:10:11.276] [Netty Epoll Server IO #4/DEBUG] [net.minecraftforge.network.HandshakeHandler/FMLHANDSHAKE]: Received client indexed reply 13 of type net.minecraftforge.network.HandshakeMessages$C2SAcknowledge
[31Mar2025 02:10:11.276] [Netty Epoll Server IO #4/DEBUG] [net.minecraftforge.network.HandshakeHandler/FMLHANDSHAKE]: Received acknowledgement from client
[31Mar2025 02:10:11.283] [Netty Epoll Server IO #4/DEBUG] [net.minecraftforge.network.LoginWrapper/FMLHANDSHAKE]: Recieved login wrapper packet event for channel fml:handshake with index 14
[31Mar2025 02:10:11.283] [Netty Epoll Server IO #4/DEBUG] [net.minecraftforge.network.HandshakeHandler/FMLHANDSHAKE]: Received client indexed reply 14 of type net.minecraftforge.network.HandshakeMessages$C2SAcknowledge
[31Mar2025 02:10:11.284] [Netty Epoll Server IO #4/DEBUG] [net.minecraftforge.network.HandshakeHandler/FMLHANDSHAKE]: Received acknowledgement from client
[31Mar2025 02:10:11.293] [Server thread/DEBUG] [net.minecraftforge.network.HandshakeHandler/FMLHANDSHAKE]: Sending ticking packet info 'Registry minecraft:recipe_serializer' to 'fml:handshake' sequence 16
[31Mar2025 02:10:11.332] [Server thread/DEBUG] [net.minecraftforge.network.HandshakeHandler/FMLHANDSHAKE]: Sending ticking packet info 'Registry minecraft:sound_event' to 'fml:handshake' sequence 17
[31Mar2025 02:10:11.374] [Netty Epoll Server IO #4/DEBUG] [net.minecraftforge.network.LoginWrapper/FMLHANDSHAKE]: Recieved login wrapper packet event for channel fml:handshake with index 15
[31Mar2025 02:10:11.374] [Netty Epoll Server IO #4/DEBUG] [net.minecraftforge.network.HandshakeHandler/FMLHANDSHAKE]: Received client indexed reply 15 of type net.minecraftforge.network.HandshakeMessages$C2SAcknowledge
[31Mar2025 02:10:11.374] [Netty Epoll Server IO #4/DEBUG] [net.minecraftforge.network.HandshakeHandler/FMLHANDSHAKE]: Received acknowledgement from client
[31Mar2025 02:10:11.377] [Server thread/DEBUG] [net.minecraftforge.network.HandshakeHandler/FMLHANDSHAKE]: Sending ticking packet info 'Registry minecraft:particle_type' to 'fml:handshake' sequence 18
[31Mar2025 02:10:11.423] [Netty Epoll Server IO #4/DEBUG] [net.minecraftforge.network.LoginWrapper/FMLHANDSHAKE]: Recieved login wrapper packet event for channel fml:handshake with index 16
[31Mar2025 02:10:11.423] [Netty Epoll Server IO #4/DEBUG] [net.minecraftforge.network.HandshakeHandler/FMLHANDSHAKE]: Received client indexed reply 16 of type net.minecraftforge.network.HandshakeMessages$C2SAcknowledge
[31Mar2025 02:10:11.424] [Netty Epoll Server IO #4/DEBUG] [net.minecraftforge.network.HandshakeHandler/FMLHANDSHAKE]: Received acknowledgement from client
[31Mar2025 02:10:11.434] [Server thread/DEBUG] [net.minecraftforge.network.HandshakeHandler/FMLHANDSHAKE]: Sending ticking packet info 'Registry twilightforest:tiny_bird_variant' to 'fml:handshake' sequence 19
[31Mar2025 02:10:11.466] [Netty Epoll Server IO #4/DEBUG] [net.minecraftforge.network.LoginWrapper/FMLHANDSHAKE]: Recieved login wrapper packet event for channel fml:handshake with index 17
[31Mar2025 02:10:11.466] [Netty Epoll Server IO #4/DEBUG] [net.minecraftforge.network.HandshakeHandler/FMLHANDSHAKE]: Received client indexed reply 17 of type net.minecraftforge.network.HandshakeMessages$C2SAcknowledge
[31Mar2025 02:10:11.466] [Netty Epoll Server IO #4/DEBUG] [net.minecraftforge.network.HandshakeHandler/FMLHANDSHAKE]: Received acknowledgement from client
[31Mar2025 02:10:11.477] [Server thread/DEBUG] [net.minecraftforge.network.HandshakeHandler/FMLHANDSHAKE]: Sending ticking packet info 'Registry minecraft:painting_variant' to 'fml:handshake' sequence 20
[31Mar2025 02:10:11.531] [Server thread/DEBUG] [net.minecraftforge.network.HandshakeHandler/FMLHANDSHAKE]: Sending ticking packet info 'Registry forge:fluid_type' to 'fml:handshake' sequence 21
[31Mar2025 02:10:11.556] [Netty Epoll Server IO #4/DEBUG] [net.minecraftforge.network.LoginWrapper/FMLHANDSHAKE]: Recieved login wrapper packet event for channel fml:handshake with index 18
[31Mar2025 02:10:11.556] [Netty Epoll Server IO #4/DEBUG] [net.minecraftforge.network.HandshakeHandler/FMLHANDSHAKE]: Received client indexed reply 18 of type net.minecraftforge.network.HandshakeMessages$C2SAcknowledge
[31Mar2025 02:10:11.556] [Netty Epoll Server IO #4/DEBUG] [net.minecraftforge.network.HandshakeHandler/FMLHANDSHAKE]: Received acknowledgement from client
[31Mar2025 02:10:11.586] [Server thread/DEBUG] [net.minecraftforge.network.HandshakeHandler/FMLHANDSHAKE]: Sending ticking packet info 'Registry minecraft:block' to 'fml:handshake' sequence 22
[31Mar2025 02:10:11.586] [Netty Epoll Server IO #4/DEBUG] [net.minecraftforge.network.LoginWrapper/FMLHANDSHAKE]: Recieved login wrapper packet event for channel fml:handshake with index 19
[31Mar2025 02:10:11.586] [Netty Epoll Server IO #4/DEBUG] [net.minecraftforge.network.HandshakeHandler/FMLHANDSHAKE]: Received client indexed reply 19 of type net.minecraftforge.network.HandshakeMessages$C2SAcknowledge
[31Mar2025 02:10:11.586] [Netty Epoll Server IO #4/DEBUG] [net.minecraftforge.network.HandshakeHandler/FMLHANDSHAKE]: Received acknowledgement from client
[31Mar2025 02:10:11.630] [Server thread/DEBUG] [net.minecraftforge.network.HandshakeHandler/FMLHANDSHAKE]: Sending ticking packet info 'Registry forge:entity_data_serializers' to 'fml:handshake' sequence 23
[31Mar2025 02:10:11.646] [Netty Epoll Server IO #4/DEBUG] [net.minecraftforge.network.LoginWrapper/FMLHANDSHAKE]: Recieved login wrapper packet event for channel fml:handshake with index 20
[31Mar2025 02:10:11.646] [Netty Epoll Server IO #4/DEBUG] [net.minecraftforge.network.HandshakeHandler/FMLHANDSHAKE]: Received client indexed reply 20 of type net.minecraftforge.network.HandshakeMessages$C2SAcknowledge
[31Mar2025 02:10:11.646] [Netty Epoll Server IO #4/DEBUG] [net.minecraftforge.network.HandshakeHandler/FMLHANDSHAKE]: Received acknowledgement from client
[31Mar2025 02:10:11.646] [Netty Epoll Server IO #4/DEBUG] [net.minecraftforge.network.LoginWrapper/FMLHANDSHAKE]: Recieved login wrapper packet event for channel fml:handshake with index 21
[31Mar2025 02:10:11.646] [Netty Epoll Server IO #4/DEBUG] [net.minecraftforge.network.HandshakeHandler/FMLHANDSHAKE]: Received client indexed reply 21 of type net.minecraftforge.network.HandshakeMessages$C2SAcknowledge
[31Mar2025 02:10:11.646] [Netty Epoll Server IO #4/DEBUG] [net.minecraftforge.network.HandshakeHandler/FMLHANDSHAKE]: Received acknowledgement from client
[31Mar2025 02:10:11.680] [Server thread/DEBUG] [net.minecraftforge.network.HandshakeHandler/FMLHANDSHAKE]: Sending ticking packet info 'Registry minecraft:mob_effect' to 'fml:handshake' sequence 24
[31Mar2025 02:10:11.730] [Server thread/DEBUG] [net.minecraftforge.network.HandshakeHandler/FMLHANDSHAKE]: Sending ticking packet info 'Registry twilightforest:dwarf_rabbit_variant' to 'fml:handshake' sequence 25
[31Mar2025 02:10:11.740] [Netty Epoll Server IO #4/DEBUG] [net.minecraftforge.network.LoginWrapper/FMLHANDSHAKE]: Recieved login wrapper packet event for channel fml:handshake with index 22
[31Mar2025 02:10:11.740] [Netty Epoll Server IO #4/DEBUG] [net.minecraftforge.network.HandshakeHandler/FMLHANDSHAKE]: Received client indexed reply 22 of type net.minecraftforge.network.HandshakeMessages$C2SAcknowledge
[31Mar2025 02:10:11.740] [Netty Epoll Server IO #4/DEBUG] [net.minecraftforge.network.HandshakeHandler/FMLHANDSHAKE]: Received acknowledgement from client
[31Mar2025 02:10:11.740] [Netty Epoll Server IO #4/DEBUG] [net.minecraftforge.network.LoginWrapper/FMLHANDSHAKE]: Recieved login wrapper packet event for channel fml:handshake with index 23
[31Mar2025 02:10:11.740] [Netty Epoll Server IO #4/DEBUG] [net.minecraftforge.network.HandshakeHandler/FMLHANDSHAKE]: Received client indexed reply 23 of type net.minecraftforge.network.HandshakeMessages$C2SAcknowledge
[31Mar2025 02:10:11.740] [Netty Epoll Server IO #4/DEBUG] [net.minecraftforge.network.HandshakeHandler/FMLHANDSHAKE]: Received acknowledgement from client
[31Mar2025 02:10:11.778] [Server thread/DEBUG] [net.minecraftforge.network.HandshakeHandler/FMLHANDSHAKE]: Sending ticking packet info 'Registry minecraft:enchantment' to 'fml:handshake' sequence 26
[31Mar2025 02:10:11.830] [Netty Epoll Server IO #4/DEBUG] [net.minecraftforge.network.LoginWrapper/FMLHANDSHAKE]: Recieved login wrapper packet event for channel fml:handshake with index 24
[31Mar2025 02:10:11.831] [Netty Epoll Server IO #4/DEBUG] [net.minecraftforge.network.HandshakeHandler/FMLHANDSHAKE]: Received client indexed reply 24 of type net.minecraftforge.network.HandshakeMessages$C2SAcknowledge
[31Mar2025 02:10:11.831] [Netty Epoll Server IO #4/DEBUG] [net.minecraftforge.network.HandshakeHandler/FMLHANDSHAKE]: Received acknowledgement from client
[31Mar2025 02:10:11.834] [Server thread/DEBUG] [net.minecraftforge.network.HandshakeHandler/FMLHANDSHAKE]: Sending ticking packet info 'Registry minecraft:entity_type' to 'fml:handshake' sequence 27
[31Mar2025 02:10:11.835] [Netty Epoll Server IO #4/DEBUG] [net.minecraftforge.network.LoginWrapper/FMLHANDSHAKE]: Recieved login wrapper packet event for channel fml:handshake with index 25
[31Mar2025 02:10:11.835] [Netty Epoll Server IO #4/DEBUG] [net.minecraftforge.network.HandshakeHandler/FMLHANDSHAKE]: Received client indexed reply 25 of type net.minecraftforge.network.HandshakeMessages$C2SAcknowledge
[31Mar2025 02:10:11.835] [Netty Epoll Server IO #4/DEBUG] [net.minecraftforge.network.HandshakeHandler/FMLHANDSHAKE]: Received acknowledgement from client
[31Mar2025 02:10:11.878] [Server thread/DEBUG] [net.minecraftforge.network.HandshakeHandler/FMLHANDSHAKE]: Sending ticking packet info 'Config journeymap-server.toml' to 'fml:handshake' sequence 28
[31Mar2025 02:10:11.921] [Netty Epoll Server IO #4/DEBUG] [net.minecraftforge.network.LoginWrapper/FMLHANDSHAKE]: Recieved login wrapper packet event for channel fml:handshake with index 26
[31Mar2025 02:10:11.921] [Netty Epoll Server IO #4/DEBUG] [net.minecraftforge.network.HandshakeHandler/FMLHANDSHAKE]: Received client indexed reply 26 of type net.minecraftforge.network.HandshakeMessages$C2SAcknowledge
[31Mar2025 02:10:11.921] [Netty Epoll Server IO #4/DEBUG] [net.minecraftforge.network.HandshakeHandler/FMLHANDSHAKE]: Received acknowledgement from client
[31Mar2025 02:10:11.929] [Server thread/DEBUG] [net.minecraftforge.network.HandshakeHandler/FMLHANDSHAKE]: Sending ticking packet info 'Config curios-server.toml' to 'fml:handshake' sequence 29
[31Mar2025 02:10:11.976] [Server thread/DEBUG] [net.minecraftforge.network.HandshakeHandler/FMLHANDSHAKE]: Sending ticking packet info 'Config biggerstacks-server.toml' to 'fml:handshake' sequence 30
[31Mar2025 02:10:12.030] [Server thread/DEBUG] [net.minecraftforge.network.HandshakeHandler/FMLHANDSHAKE]: Sending ticking packet info 'Config chiselsandbits-server.toml' to 'fml:handshake' sequence 31
[31Mar2025 02:10:12.078] [Server thread/DEBUG] [net.minecraftforge.network.HandshakeHandler/FMLHANDSHAKE]: Sending ticking packet info 'Config travelersbackpack-server.toml' to 'fml:handshake' sequence 32
[31Mar2025 02:10:12.136] [Server thread/DEBUG] [net.minecraftforge.network.HandshakeHandler/FMLHANDSHAKE]: Sending ticking packet info 'Config gravestone-server.toml' to 'fml:handshake' sequence 33
[31Mar2025 02:10:12.182] [Server thread/DEBUG] [net.minecraftforge.network.HandshakeHandler/FMLHANDSHAKE]: Sending ticking packet info 'Config mutantmonsters-server.toml' to 'fml:handshake' sequence 34
[31Mar2025 02:10:12.230] [Server thread/DEBUG] [net.minecraftforge.network.HandshakeHandler/FMLHANDSHAKE]: Sending ticking packet info 'Config aether-server.toml' to 'fml:handshake' sequence 35
[31Mar2025 02:10:12.278] [Server thread/DEBUG] [net.minecraftforge.network.HandshakeHandler/FMLHANDSHAKE]: Sending ticking packet info 'Config jei-server.toml' to 'fml:handshake' sequence 36
[31Mar2025 02:10:12.330] [Server thread/DEBUG] [net.minecraftforge.network.HandshakeHandler/FMLHANDSHAKE]: Sending ticking packet info 'Config forge-server.toml' to 'fml:handshake' sequence 37
[31Mar2025 02:10:14.698] [Netty Epoll Server IO #4/DEBUG] [net.minecraftforge.network.LoginWrapper/FMLHANDSHAKE]: Recieved login wrapper packet event for channel fml:handshake with index 27
[31Mar2025 02:10:14.698] [Netty Epoll Server IO #4/DEBUG] [net.minecraftforge.network.HandshakeHandler/FMLHANDSHAKE]: Received client indexed reply 27 of type net.minecraftforge.network.HandshakeMessages$C2SAcknowledge
[31Mar2025 02:10:14.698] [Netty Epoll Server IO #4/DEBUG] [net.minecraftforge.network.HandshakeHandler/FMLHANDSHAKE]: Received acknowledgement from client
[31Mar2025 02:10:14.738] [Netty Epoll Server IO #4/DEBUG] [net.minecraftforge.network.LoginWrapper/FMLHANDSHAKE]: Recieved login wrapper packet event for channel fml:handshake with index 28
[31Mar2025 02:10:14.738] [Netty Epoll Server IO #4/DEBUG] [net.minecraftforge.network.HandshakeHandler/FMLHANDSHAKE]: Received client indexed reply 28 of type net.minecraftforge.network.HandshakeMessages$C2SAcknowledge
[31Mar2025 02:10:14.738] [Netty Epoll Server IO #4/DEBUG] [net.minecraftforge.network.HandshakeHandler/FMLHANDSHAKE]: Received acknowledgement from client
[31Mar2025 02:10:14.739] [Netty Epoll Server IO #4/DEBUG] [net.minecraftforge.network.LoginWrapper/FMLHANDSHAKE]: Recieved login wrapper packet event for channel fml:handshake with index 29
[31Mar2025 02:10:14.739] [Netty Epoll Server IO #4/DEBUG] [net.minecraftforge.network.HandshakeHandler/FMLHANDSHAKE]: Received client indexed reply 29 of type net.minecraftforge.network.HandshakeMessages$C2SAcknowledge
[31Mar2025 02:10:14.739] [Netty Epoll Server IO #4/DEBUG] [net.minecraftforge.network.HandshakeHandler/FMLHANDSHAKE]: Received acknowledgement from client
[31Mar2025 02:10:14.739] [Netty Epoll Server IO #4/DEBUG] [net.minecraftforge.network.LoginWrapper/FMLHANDSHAKE]: Recieved login wrapper packet event for channel fml:handshake with index 30
[31Mar2025 02:10:14.739] [Netty Epoll Server IO #4/DEBUG] [net.minecraftforge.network.HandshakeHandler/FMLHANDSHAKE]: Received client indexed reply 30 of type net.minecraftforge.network.HandshakeMessages$C2SAcknowledge
[31Mar2025 02:10:14.739] [Netty Epoll Server IO #4/DEBUG] [net.minecraftforge.network.HandshakeHandler/FMLHANDSHAKE]: Received acknowledgement from client
[31Mar2025 02:10:14.739] [Netty Epoll Server IO #4/DEBUG] [net.minecraftforge.network.LoginWrapper/FMLHANDSHAKE]: Recieved login wrapper packet event for channel fml:handshake with index 31
[31Mar2025 02:10:14.739] [Netty Epoll Server IO #4/DEBUG] [net.minecraftforge.network.HandshakeHandler/FMLHANDSHAKE]: Received client indexed reply 31 of type net.minecraftforge.network.HandshakeMessages$C2SAcknowledge
[31Mar2025 02:10:14.739] [Netty Epoll Server IO #4/DEBUG] [net.minecraftforge.network.HandshakeHandler/FMLHANDSHAKE]: Received acknowledgement from client
[31Mar2025 02:10:14.739] [Netty Epoll Server IO #4/DEBUG] [net.minecraftforge.network.LoginWrapper/FMLHANDSHAKE]: Recieved login wrapper packet event for channel fml:handshake with index 32
[31Mar2025 02:10:14.739] [Netty Epoll Server IO #4/DEBUG] [net.minecraftforge.network.HandshakeHandler/FMLHANDSHAKE]: Received client indexed reply 32 of type net.minecraftforge.network.HandshakeMessages$C2SAcknowledge
[31Mar2025 02:10:14.739] [Netty Epoll Server IO #4/DEBUG] [net.minecraftforge.network.HandshakeHandler/FMLHANDSHAKE]: Received acknowledgement from client
[31Mar2025 02:10:14.739] [Netty Epoll Server IO #4/DEBUG] [net.minecraftforge.network.LoginWrapper/FMLHANDSHAKE]: Recieved login wrapper packet event for channel fml:handshake with index 33
[31Mar2025 02:10:14.739] [Netty Epoll Server IO #4/DEBUG] [net.minecraftforge.network.HandshakeHandler/FMLHANDSHAKE]: Received client indexed reply 33 of type net.minecraftforge.network.HandshakeMessages$C2SAcknowledge
[31Mar2025 02:10:14.739] [Netty Epoll Server IO #4/DEBUG] [net.minecraftforge.network.HandshakeHandler/FMLHANDSHAKE]: Received acknowledgement from client
[31Mar2025 02:10:14.739] [Netty Epoll Server IO #4/DEBUG] [net.minecraftforge.network.LoginWrapper/FMLHANDSHAKE]: Recieved login wrapper packet event for channel fml:handshake with index 34
[31Mar2025 02:10:14.739] [Netty Epoll Server IO #4/DEBUG] [net.minecraftforge.network.HandshakeHandler/FMLHANDSHAKE]: Received client indexed reply 34 of type net.minecraftforge.network.HandshakeMessages$C2SAcknowledge
[31Mar2025 02:10:14.739] [Netty Epoll Server IO #4/DEBUG] [net.minecraftforge.network.HandshakeHandler/FMLHANDSHAKE]: Received acknowledgement from client
[31Mar2025 02:10:14.739] [Netty Epoll Server IO #4/DEBUG] [net.minecraftforge.network.LoginWrapper/FMLHANDSHAKE]: Recieved login wrapper packet event for channel fml:handshake with index 35
[31Mar2025 02:10:14.739] [Netty Epoll Server IO #4/DEBUG] [net.minecraftforge.network.HandshakeHandler/FMLHANDSHAKE]: Received client indexed reply 35 of type net.minecraftforge.network.HandshakeMessages$C2SAcknowledge
[31Mar2025 02:10:14.739] [Netty Epoll Server IO #4/DEBUG] [net.minecraftforge.network.HandshakeHandler/FMLHANDSHAKE]: Received acknowledgement from client
[31Mar2025 02:10:14.740] [Netty Epoll Server IO #4/DEBUG] [net.minecraftforge.network.LoginWrapper/FMLHANDSHAKE]: Recieved login wrapper packet event for channel fml:handshake with index 36
[31Mar2025 02:10:14.740] [Netty Epoll Server IO #4/DEBUG] [net.minecraftforge.network.HandshakeHandler/FMLHANDSHAKE]: Received client indexed reply 36 of type net.minecraftforge.network.HandshakeMessages$C2SAcknowledge
[31Mar2025 02:10:14.740] [Netty Epoll Server IO #4/DEBUG] [net.minecraftforge.network.HandshakeHandler/FMLHANDSHAKE]: Received acknowledgement from client
[31Mar2025 02:10:14.740] [Netty Epoll Server IO #4/DEBUG] [net.minecraftforge.network.LoginWrapper/FMLHANDSHAKE]: Recieved login wrapper packet event for channel fml:handshake with index 37
[31Mar2025 02:10:14.740] [Netty Epoll Server IO #4/DEBUG] [net.minecraftforge.network.HandshakeHandler/FMLHANDSHAKE]: Received client indexed reply 37 of type net.minecraftforge.network.HandshakeMessages$C2SAcknowledge
[31Mar2025 02:10:14.740] [Netty Epoll Server IO #4/DEBUG] [net.minecraftforge.network.HandshakeHandler/FMLHANDSHAKE]: Received acknowledgement from client
[31Mar2025 02:10:14.774] [Server thread/DEBUG] [net.minecraftforge.network.HandshakeHandler/FMLHANDSHAKE]: Handshake complete!
[31Mar2025 02:10:14.849] [Server thread/INFO] [net.minecraft.server.players.PlayerList/]: Jandro_[/127.53.240.191:51723] logged in with entity id 768 at (458.22371228384753, -1.0, -31.029291401603043)
[31Mar2025 02:10:14.849] [Server thread/DEBUG] [net.minecraftforge.network.filters.NetworkFilters/]: Injected net.minecraftforge.network.filters.ForgeConnectionNetworkFilter@1fb5957e into net.minecraft.network.Connection@6e09c912
[31Mar2025 02:10:14.869] [Server thread/INFO] [net.minecraft.server.MinecraftServer/]: Jandro_ joined the game
[31Mar2025 02:10:14.886] [Server thread/INFO] [Jade/]: Syncing config to Jandro_ (be7d4d5e-94b5-3df6-9174-cd0460e4a156)
[31Mar2025 02:10:15.102] [Netty Epoll Server IO #4/DEBUG] [emotecraft/]: [emotes server] Received data from: be7d4d5e-94b5-3df6-9174-cd0460e4a156 data: NetData{purpose=CONFIG, threshold=8.0, stopEmoteID=null, emoteData=null, startingAt=0, player=null}
[31Mar2025 02:10:16.343] [Netty Epoll Server IO #5/DEBUG] [net.minecraftforge.network.HandshakeHandler/FMLHANDSHAKE]: Starting new modded impl connection. Found 38 messages to dispatch.
[31Mar2025 02:10:16.351] [Server thread/DEBUG] [net.minecraftforge.network.HandshakeHandler/FMLHANDSHAKE]: Sending ticking packet info 'portb.biggerstacks.net.ClientboundRulesHandshakePacket' to 'biggerstacks:rules' sequence 0
[31Mar2025 02:10:16.391] [Server thread/DEBUG] [net.minecraftforge.network.HandshakeHandler/FMLHANDSHAKE]: Sending ticking packet info 'net.minecraftforge.network.HandshakeMessages$S2CModData' to 'fml:handshake' sequence 1
[31Mar2025 02:10:16.452] [Server thread/DEBUG] [net.minecraftforge.network.HandshakeHandler/FMLHANDSHAKE]: Sending ticking packet info 'net.minecraftforge.network.HandshakeMessages$S2CModList' to 'fml:handshake' sequence 2
[31Mar2025 02:10:16.519] [Server thread/DEBUG] [net.minecraftforge.network.HandshakeHandler/FMLHANDSHAKE]: Sending ticking packet info 'Registry minecraft:command_argument_type' to 'fml:handshake' sequence 3
[31Mar2025 02:10:16.568] [Server thread/DEBUG] [net.minecraftforge.network.HandshakeHandler/FMLHANDSHAKE]: Sending ticking packet info 'Registry aether:moa_type' to 'fml:handshake' sequence 4
[31Mar2025 02:10:16.603] [Server thread/DEBUG] [net.minecraftforge.network.HandshakeHandler/FMLHANDSHAKE]: Sending ticking packet info 'Registry minecraft:villager_profession' to 'fml:handshake' sequence 5
[31Mar2025 02:10:16.615] [Netty Epoll Server IO #5/DEBUG] [net.minecraftforge.network.LoginWrapper/FMLHANDSHAKE]: Recieved login wrapper packet event for channel fml:handshake with index 2
[31Mar2025 02:10:16.616] [Netty Epoll Server IO #5/DEBUG] [net.minecraftforge.network.HandshakeHandler/FMLHANDSHAKE]: Received client indexed reply 2 of type net.minecraftforge.network.HandshakeMessages$C2SModListReply
[31Mar2025 02:10:16.616] [Netty Epoll Server IO #5/DEBUG] [net.minecraftforge.network.HandshakeHandler/FMLHANDSHAKE]: Received client connection with modlist [cyclopscore, animation_overhaul, mutantmonsters, geckolib, scena, mss, customskinloader, botarium, playeranimator, aether, jei, incendium, fabledweaponry, journeymap, citadel, alexsmobs, travelersbackpack, artifacts, evilcraft, evilcraftcompat, mixinextras, oreharvester, terralith, biggerstacks, mythicmounts, puzzlesaccessapi, cloth_config, forge, pfm, twilightforest, konkrete, emotecraft, useless_sword, minecraft, necronomicon, jade, ironfurnaces, resourcefulconfig, curios, patchouli, gravestone, collective, mr_dungeons_andtaverns, offlineskins, inventoryhud, resourcefullib, cumulus_menus, architectury, mca, puzzleslib, justzoom, nitrogen_internals, celestisynth, expandability, chiselsandbits, ad_astra]
[31Mar2025 02:10:16.616] [Netty Epoll Server IO #5/DEBUG] [net.minecraftforge.network.NetworkRegistry/NETREGISTRY]: Channel 'evilcraftcompat:channel_main' : Version test of '1.0.0' from client : ACCEPTED
[31Mar2025 02:10:16.616] [Netty Epoll Server IO #5/DEBUG] [net.minecraftforge.network.NetworkRegistry/NETREGISTRY]: Channel 'architectury:network' : Version test of '1' from client : ACCEPTED
[31Mar2025 02:10:16.616] [Netty Epoll Server IO #5/DEBUG] [net.minecraftforge.network.NetworkRegistry/NETREGISTRY]: Channel 'pfm:main_channel' : Version test of '1' from client : ACCEPTED
[31Mar2025 02:10:16.616] [Netty Epoll Server IO #5/DEBUG] [net.minecraftforge.network.NetworkRegistry/NETREGISTRY]: Channel 'celestisynth:messages' : Version test of '1.0' from client : ACCEPTED
[31Mar2025 02:10:16.616] [Netty Epoll Server IO #5/DEBUG] [net.minecraftforge.network.NetworkRegistry/NETREGISTRY]: Channel 'jei:channel' : Version test of '1.0.0' from client : ACCEPTED
[31Mar2025 02:10:16.616] [Netty Epoll Server IO #5/DEBUG] [net.minecraftforge.network.NetworkRegistry/NETREGISTRY]: Channel 'aether:main' : Version test of '1' from client : ACCEPTED
[31Mar2025 02:10:16.616] [Netty Epoll Server IO #5/DEBUG] [net.minecraftforge.network.NetworkRegistry/NETREGISTRY]: Channel 'minecraft:unregister' : Version test of 'FML3' from client : ACCEPTED
[31Mar2025 02:10:16.616] [Netty Epoll Server IO #5/DEBUG] [net.minecraftforge.network.NetworkRegistry/NETREGISTRY]: Channel 'citadel:main_channel' : Version test of '1' from client : ACCEPTED
[31Mar2025 02:10:16.616] [Netty Epoll Server IO #5/DEBUG] [net.minecraftforge.network.NetworkRegistry/NETREGISTRY]: Channel 'puzzleslib:1' : Version test of '1' from client : ACCEPTED
[31Mar2025 02:10:16.616] [Netty Epoll Server IO #5/DEBUG] [net.minecraftforge.network.NetworkRegistry/NETREGISTRY]: Channel 'ironfurnaces:ironfurnaces_network' : Version test of '1.0' from client : ACCEPTED
[31Mar2025 02:10:16.616] [Netty Epoll Server IO #5/DEBUG] [net.minecraftforge.network.NetworkRegistry/NETREGISTRY]: Channel 'nitrogen_internals:main' : Version test of '1' from client : ACCEPTED
[31Mar2025 02:10:16.616] [Netty Epoll Server IO #5/DEBUG] [net.minecraftforge.network.NetworkRegistry/NETREGISTRY]: Channel 'journeymap:version' : Version test of '1' from client : ACCEPTED
[31Mar2025 02:10:16.616] [Netty Epoll Server IO #5/DEBUG] [net.minecraftforge.network.NetworkRegistry/NETREGISTRY]: Channel 'ad_astra:main' : Version test of '0' from client : ACCEPTED
[31Mar2025 02:10:16.616] [Netty Epoll Server IO #5/DEBUG] [net.minecraftforge.network.NetworkRegistry/NETREGISTRY]: Channel 'travelersbackpack:network' : Version test of 'travelersbackpack:1' from client : ACCEPTED
[31Mar2025 02:10:16.616] [Netty Epoll Server IO #5/DEBUG] [net.minecraftforge.network.NetworkRegistry/NETREGISTRY]: Channel 'curios:main' : Version test of '1' from client : ACCEPTED
[31Mar2025 02:10:16.616] [Netty Epoll Server IO #5/DEBUG] [net.minecraftforge.network.NetworkRegistry/NETREGISTRY]: Channel 'worldinfo:world_id' : Version test of '1' from client : ACCEPTED
[31Mar2025 02:10:16.616] [Netty Epoll Server IO #5/DEBUG] [net.minecraftforge.network.NetworkRegistry/NETREGISTRY]: Channel 'cyclopscore:channel_main' : Version test of '1.0.0' from client : ACCEPTED
[31Mar2025 02:10:16.616] [Netty Epoll Server IO #5/DEBUG] [net.minecraftforge.network.NetworkRegistry/NETREGISTRY]: Channel 'journeymap:admin_req' : Version test of '1' from client : ACCEPTED
[31Mar2025 02:10:16.616] [Netty Epoll Server IO #5/DEBUG] [net.minecraftforge.network.NetworkRegistry/NETREGISTRY]: Channel 'journeymap:mp_options_req' : Version test of '1' from client : ACCEPTED
[31Mar2025 02:10:16.616] [Netty Epoll Server IO #5/DEBUG] [net.minecraftforge.network.NetworkRegistry/NETREGISTRY]: Channel 'journeymap:waypoint' : Version test of '1' from client : ACCEPTED
[31Mar2025 02:10:16.616] [Netty Epoll Server IO #5/DEBUG] [net.minecraftforge.network.NetworkRegistry/NETREGISTRY]: Channel 'fml:loginwrapper' : Version test of 'FML3' from client : ACCEPTED
[31Mar2025 02:10:16.616] [Netty Epoll Server IO #5/DEBUG] [net.minecraftforge.network.NetworkRegistry/NETREGISTRY]: Channel 'forge:tier_sorting' : Version test of '1.0' from client : ACCEPTED
[31Mar2025 02:10:16.616] [Netty Epoll Server IO #5/DEBUG] [net.minecraftforge.network.NetworkRegistry/NETREGISTRY]: Channel 'evilcraft:channel_main' : Version test of '1.0.0' from client : ACCEPTED
[31Mar2025 02:10:16.616] [Netty Epoll Server IO #5/DEBUG] [net.minecraftforge.network.NetworkRegistry/NETREGISTRY]: Channel 'biggerstacks:rules' : Version test of '1' from client : ACCEPTED
[31Mar2025 02:10:16.616] [Netty Epoll Server IO #5/DEBUG] [net.minecraftforge.network.NetworkRegistry/NETREGISTRY]: Channel 'alexsmobs:main_channel' : Version test of '1' from client : ACCEPTED
[31Mar2025 02:10:16.616] [Netty Epoll Server IO #5/DEBUG] [net.minecraftforge.network.NetworkRegistry/NETREGISTRY]: Channel 'chiselsandbits:chiselsandbits' : Version test of '1.0' from client : ACCEPTED
[31Mar2025 02:10:16.617] [Netty Epoll Server IO #5/DEBUG] [net.minecraftforge.network.NetworkRegistry/NETREGISTRY]: Channel 'mca:main' : Version test of '1' from client : ACCEPTED
[31Mar2025 02:10:16.617] [Netty Epoll Server IO #5/DEBUG] [net.minecraftforge.network.NetworkRegistry/NETREGISTRY]: Channel 'fml:play' : Version test of 'FML3' from client : ACCEPTED
[31Mar2025 02:10:16.617] [Netty Epoll Server IO #5/DEBUG] [net.minecraftforge.network.NetworkRegistry/NETREGISTRY]: Channel 'journeymap:player_loc' : Version test of '1' from client : ACCEPTED
[31Mar2025 02:10:16.617] [Netty Epoll Server IO #5/DEBUG] [net.minecraftforge.network.NetworkRegistry/NETREGISTRY]: Channel 'journeymap:admin_save' : Version test of '1' from client : ACCEPTED
[31Mar2025 02:10:16.617] [Netty Epoll Server IO #5/DEBUG] [net.minecraftforge.network.NetworkRegistry/NETREGISTRY]: Channel 'geyser:emote' : Version test of '0' from client : ACCEPTED
[31Mar2025 02:10:16.617] [Netty Epoll Server IO #5/DEBUG] [net.minecraftforge.network.NetworkRegistry/NETREGISTRY]: Channel 'gravestone:default' : Version test of '1.0.0' from client : ACCEPTED
[31Mar2025 02:10:16.617] [Netty Epoll Server IO #5/DEBUG] [net.minecraftforge.network.NetworkRegistry/NETREGISTRY]: Channel 'mythicmounts:messages' : Version test of '1.0' from client : ACCEPTED
[31Mar2025 02:10:16.617] [Netty Epoll Server IO #5/DEBUG] [net.minecraftforge.network.NetworkRegistry/NETREGISTRY]: Channel 'patchouli:main' : Version test of '1' from client : ACCEPTED
[31Mar2025 02:10:16.617] [Netty Epoll Server IO #5/DEBUG] [net.minecraftforge.network.NetworkRegistry/NETREGISTRY]: Channel 'journeymap:teleport_req' : Version test of '1' from client : ACCEPTED
[31Mar2025 02:10:16.617] [Netty Epoll Server IO #5/DEBUG] [net.minecraftforge.network.NetworkRegistry/NETREGISTRY]: Channel 'fml:handshake' : Version test of 'FML3' from client : ACCEPTED
[31Mar2025 02:10:16.617] [Netty Epoll Server IO #5/DEBUG] [net.minecraftforge.network.NetworkRegistry/NETREGISTRY]: Channel 'journeymap:common' : Version test of '1' from client : ACCEPTED
[31Mar2025 02:10:16.617] [Netty Epoll Server IO #5/DEBUG] [net.minecraftforge.network.NetworkRegistry/NETREGISTRY]: Channel 'useless_sword:useless_sword' : Version test of '1' from client : ACCEPTED
[31Mar2025 02:10:16.617] [Netty Epoll Server IO #5/DEBUG] [net.minecraftforge.network.NetworkRegistry/NETREGISTRY]: Channel 'mutantmonsters:1' : Version test of '1' from client : ACCEPTED
[31Mar2025 02:10:16.617] [Netty Epoll Server IO #5/DEBUG] [net.minecraftforge.network.NetworkRegistry/NETREGISTRY]: Channel 'minecraft:register' : Version test of 'FML3' from client : ACCEPTED
[31Mar2025 02:10:16.617] [Netty Epoll Server IO #5/DEBUG] [net.minecraftforge.network.NetworkRegistry/NETREGISTRY]: Channel 'forge:split' : Version test of '1.1' from client : ACCEPTED
[31Mar2025 02:10:16.617] [Netty Epoll Server IO #5/DEBUG] [net.minecraftforge.network.NetworkRegistry/NETREGISTRY]: Channel 'journeymap:perm_req' : Version test of '1' from client : ACCEPTED
[31Mar2025 02:10:16.617] [Netty Epoll Server IO #5/DEBUG] [net.minecraftforge.network.NetworkRegistry/NETREGISTRY]: Channel 'twilightforest:channel' : Version test of '2' from client : ACCEPTED
[31Mar2025 02:10:16.617] [Netty Epoll Server IO #5/DEBUG] [net.minecraftforge.network.NetworkRegistry/NETREGISTRY]: Channel 'geckolib:main' : Version test of '1' from client : ACCEPTED
[31Mar2025 02:10:16.617] [Netty Epoll Server IO #5/DEBUG] [net.minecraftforge.network.NetworkRegistry/NETREGISTRY]: Channel 'jade:networking' : Version test of '2' from client : ACCEPTED
[31Mar2025 02:10:16.617] [Netty Epoll Server IO #5/DEBUG] [net.minecraftforge.network.NetworkRegistry/NETREGISTRY]: Channel 'emotecraft:emote' : Version test of '8' from client : ACCEPTED
[31Mar2025 02:10:16.617] [Netty Epoll Server IO #5/DEBUG] [net.minecraftforge.network.NetworkRegistry/NETREGISTRY]: Accepting channel list from client
[31Mar2025 02:10:16.617] [Netty Epoll Server IO #5/DEBUG] [net.minecraftforge.network.HandshakeHandler/FMLHANDSHAKE]: Accepted client connection mod list
[31Mar2025 02:10:16.643] [Netty Epoll Server IO #5/DEBUG] [net.minecraftforge.network.LoginWrapper/FMLHANDSHAKE]: Recieved login wrapper packet event for channel fml:handshake with index 3
[31Mar2025 02:10:16.643] [Netty Epoll Server IO #5/DEBUG] [net.minecraftforge.network.HandshakeHandler/FMLHANDSHAKE]: Received client indexed reply 3 of type net.minecraftforge.network.HandshakeMessages$C2SAcknowledge
[31Mar2025 02:10:16.643] [Netty Epoll Server IO #5/DEBUG] [net.minecraftforge.network.HandshakeHandler/FMLHANDSHAKE]: Received acknowledgement from client
[31Mar2025 02:10:16.663] [Server thread/DEBUG] [net.minecraftforge.network.HandshakeHandler/FMLHANDSHAKE]: Sending ticking packet info 'Registry minecraft:item' to 'fml:handshake' sequence 6
[31Mar2025 02:10:16.698] [Server thread/DEBUG] [net.minecraftforge.network.HandshakeHandler/FMLHANDSHAKE]: Sending ticking packet info 'Registry minecraft:potion' to 'fml:handshake' sequence 7
[31Mar2025 02:10:16.737] [Netty Epoll Server IO #5/DEBUG] [net.minecraftforge.network.LoginWrapper/FMLHANDSHAKE]: Recieved login wrapper packet event for channel fml:handshake with index 4
[31Mar2025 02:10:16.738] [Netty Epoll Server IO #5/DEBUG] [net.minecraftforge.network.HandshakeHandler/FMLHANDSHAKE]: Received client indexed reply 4 of type net.minecraftforge.network.HandshakeMessages$C2SAcknowledge
[31Mar2025 02:10:16.738] [Netty Epoll Server IO #5/DEBUG] [net.minecraftforge.network.HandshakeHandler/FMLHANDSHAKE]: Received acknowledgement from client
[31Mar2025 02:10:16.738] [Netty Epoll Server IO #5/DEBUG] [net.minecraftforge.network.LoginWrapper/FMLHANDSHAKE]: Recieved login wrapper packet event for channel fml:handshake with index 5
[31Mar2025 02:10:16.738] [Netty Epoll Server IO #5/DEBUG] [net.minecraftforge.network.HandshakeHandler/FMLHANDSHAKE]: Received client indexed reply 5 of type net.minecraftforge.network.HandshakeMessages$C2SAcknowledge
[31Mar2025 02:10:16.738] [Netty Epoll Server IO #5/DEBUG] [net.minecraftforge.network.HandshakeHandler/FMLHANDSHAKE]: Received acknowledgement from client
[31Mar2025 02:10:16.755] [Server thread/DEBUG] [net.minecraftforge.network.HandshakeHandler/FMLHANDSHAKE]: Sending ticking packet info 'Registry celestisynth:cs_visuals' to 'fml:handshake' sequence 8
[31Mar2025 02:10:16.806] [Server thread/DEBUG] [net.minecraftforge.network.HandshakeHandler/FMLHANDSHAKE]: Sending ticking packet info 'Registry minecraft:block_entity_type' to 'fml:handshake' sequence 9
[31Mar2025 02:10:16.844] [Server thread/DEBUG] [net.minecraftforge.network.HandshakeHandler/FMLHANDSHAKE]: Sending ticking packet info 'Registry forge:display_contexts' to 'fml:handshake' sequence 10
[31Mar2025 02:10:16.902] [Server thread/DEBUG] [net.minecraftforge.network.HandshakeHandler/FMLHANDSHAKE]: Sending ticking packet info 'Registry minecraft:stat_type' to 'fml:handshake' sequence 11
[31Mar2025 02:10:16.951] [Server thread/DEBUG] [net.minecraftforge.network.HandshakeHandler/FMLHANDSHAKE]: Sending ticking packet info 'Registry celestisynth:cs_player_animations' to 'fml:handshake' sequence 12
[31Mar2025 02:10:17.008] [Server thread/DEBUG] [net.minecraftforge.network.HandshakeHandler/FMLHANDSHAKE]: Sending ticking packet info 'Registry twilightforest:enforcement' to 'fml:handshake' sequence 13
[31Mar2025 02:10:17.045] [Server thread/DEBUG] [net.minecraftforge.network.HandshakeHandler/FMLHANDSHAKE]: Sending ticking packet info 'Registry minecraft:menu' to 'fml:handshake' sequence 14
[31Mar2025 02:10:17.052] [Netty Epoll Server IO #5/DEBUG] [net.minecraftforge.network.LoginWrapper/FMLHANDSHAKE]: Recieved login wrapper packet event for channel fml:handshake with index 6
[31Mar2025 02:10:17.053] [Netty Epoll Server IO #5/DEBUG] [net.minecraftforge.network.HandshakeHandler/FMLHANDSHAKE]: Received client indexed reply 6 of type net.minecraftforge.network.HandshakeMessages$C2SAcknowledge
[31Mar2025 02:10:17.053] [Netty Epoll Server IO #5/DEBUG] [net.minecraftforge.network.HandshakeHandler/FMLHANDSHAKE]: Received acknowledgement from client
[31Mar2025 02:10:17.093] [Netty Epoll Server IO #5/DEBUG] [net.minecraftforge.network.LoginWrapper/FMLHANDSHAKE]: Recieved login wrapper packet event for channel fml:handshake with index 7
[31Mar2025 02:10:17.094] [Netty Epoll Server IO #5/DEBUG] [net.minecraftforge.network.HandshakeHandler/FMLHANDSHAKE]: Received client indexed reply 7 of type net.minecraftforge.network.HandshakeMessages$C2SAcknowledge
[31Mar2025 02:10:17.094] [Netty Epoll Server IO #5/DEBUG] [net.minecraftforge.network.HandshakeHandler/FMLHANDSHAKE]: Received acknowledgement from client
[31Mar2025 02:10:17.094] [Netty Epoll Server IO #5/DEBUG] [net.minecraftforge.network.LoginWrapper/FMLHANDSHAKE]: Recieved login wrapper packet event for channel fml:handshake with index 8
[31Mar2025 02:10:17.094] [Netty Epoll Server IO #5/DEBUG] [net.minecraftforge.network.HandshakeHandler/FMLHANDSHAKE]: Received client indexed reply 8 of type net.minecraftforge.network.HandshakeMessages$C2SAcknowledge
[31Mar2025 02:10:17.094] [Netty Epoll Server IO #5/DEBUG] [net.minecraftforge.network.HandshakeHandler/FMLHANDSHAKE]: Received acknowledgement from client
[31Mar2025 02:10:17.108] [Netty Epoll Server IO #5/DEBUG] [net.minecraftforge.network.LoginWrapper/FMLHANDSHAKE]: Recieved login wrapper packet event for channel fml:handshake with index 9
[31Mar2025 02:10:17.108] [Netty Epoll Server IO #5/DEBUG] [net.minecraftforge.network.HandshakeHandler/FMLHANDSHAKE]: Received client indexed reply 9 of type net.minecraftforge.network.HandshakeMessages$C2SAcknowledge
[31Mar2025 02:10:17.108] [Netty Epoll Server IO #5/DEBUG] [net.minecraftforge.network.HandshakeHandler/FMLHANDSHAKE]: Received acknowledgement from client
[31Mar2025 02:10:17.108] [Netty Epoll Server IO #5/DEBUG] [net.minecraftforge.network.LoginWrapper/FMLHANDSHAKE]: Recieved login wrapper packet event for channel fml:handshake with index 10
[31Mar2025 02:10:17.108] [Netty Epoll Server IO #5/DEBUG] [net.minecraftforge.network.HandshakeHandler/FMLHANDSHAKE]: Received client indexed reply 10 of type net.minecraftforge.network.HandshakeMessages$C2SAcknowledge
[31Mar2025 02:10:17.109] [Netty Epoll Server IO #5/DEBUG] [net.minecraftforge.network.HandshakeHandler/FMLHANDSHAKE]: Received acknowledgement from client
[31Mar2025 02:10:17.109] [Netty Epoll Server IO #5/DEBUG] [net.minecraftforge.network.LoginWrapper/FMLHANDSHAKE]: Recieved login wrapper packet event for channel fml:handshake with index 11
[31Mar2025 02:10:17.109] [Netty Epoll Server IO #5/DEBUG] [net.minecraftforge.network.HandshakeHandler/FMLHANDSHAKE]: Received client indexed reply 11 of type net.minecraftforge.network.HandshakeMessages$C2SAcknowledge
[31Mar2025 02:10:17.109] [Netty Epoll Server IO #5/DEBUG] [net.minecraftforge.network.HandshakeHandler/FMLHANDSHAKE]: Received acknowledgement from client
[31Mar2025 02:10:17.109] [Netty Epoll Server IO #5/DEBUG] [net.minecraftforge.network.LoginWrapper/FMLHANDSHAKE]: Recieved login wrapper packet event for channel fml:handshake with index 12
[31Mar2025 02:10:17.109] [Netty Epoll Server IO #5/DEBUG] [net.minecraftforge.network.HandshakeHandler/FMLHANDSHAKE]: Received client indexed reply 12 of type net.minecraftforge.network.HandshakeMessages$C2SAcknowledge
[31Mar2025 02:10:17.110] [Netty Epoll Server IO #5/DEBUG] [net.minecraftforge.network.HandshakeHandler/FMLHANDSHAKE]: Received acknowledgement from client
[31Mar2025 02:10:17.110] [Netty Epoll Server IO #5/DEBUG] [net.minecraftforge.network.LoginWrapper/FMLHANDSHAKE]: Recieved login wrapper packet event for channel fml:handshake with index 13
[31Mar2025 02:10:17.110] [Netty Epoll Server IO #5/DEBUG] [net.minecraftforge.network.HandshakeHandler/FMLHANDSHAKE]: Received client indexed reply 13 of type net.minecraftforge.network.HandshakeMessages$C2SAcknowledge
[31Mar2025 02:10:17.110] [Netty Epoll Server IO #5/DEBUG] [net.minecraftforge.network.HandshakeHandler/FMLHANDSHAKE]: Received acknowledgement from client
[31Mar2025 02:10:17.117] [Server thread/DEBUG] [net.minecraftforge.network.HandshakeHandler/FMLHANDSHAKE]: Sending ticking packet info 'Registry minecraft:fluid' to 'fml:handshake' sequence 15
[31Mar2025 02:10:17.154] [Server thread/DEBUG] [net.minecraftforge.network.HandshakeHandler/FMLHANDSHAKE]: Sending ticking packet info 'Registry minecraft:recipe_serializer' to 'fml:handshake' sequence 16
[31Mar2025 02:10:17.197] [Netty Epoll Server IO #5/DEBUG] [net.minecraftforge.network.LoginWrapper/FMLHANDSHAKE]: Recieved login wrapper packet event for channel fml:handshake with index 14
[31Mar2025 02:10:17.197] [Netty Epoll Server IO #5/DEBUG] [net.minecraftforge.network.HandshakeHandler/FMLHANDSHAKE]: Received client indexed reply 14 of type net.minecraftforge.network.HandshakeMessages$C2SAcknowledge
[31Mar2025 02:10:17.197] [Netty Epoll Server IO #5/DEBUG] [net.minecraftforge.network.HandshakeHandler/FMLHANDSHAKE]: Received acknowledgement from client
[31Mar2025 02:10:17.209] [Server thread/DEBUG] [net.minecraftforge.network.HandshakeHandler/FMLHANDSHAKE]: Sending ticking packet info 'Registry minecraft:sound_event' to 'fml:handshake' sequence 17
[31Mar2025 02:10:17.240] [Server thread/DEBUG] [net.minecraftforge.network.HandshakeHandler/FMLHANDSHAKE]: Sending ticking packet info 'Registry minecraft:particle_type' to 'fml:handshake' sequence 18
[31Mar2025 02:10:17.248] [Netty Epoll Server IO #5/DEBUG] [net.minecraftforge.network.LoginWrapper/FMLHANDSHAKE]: Recieved login wrapper packet event for channel fml:handshake with index 15
[31Mar2025 02:10:17.248] [Netty Epoll Server IO #5/DEBUG] [net.minecraftforge.network.HandshakeHandler/FMLHANDSHAKE]: Received client indexed reply 15 of type net.minecraftforge.network.HandshakeMessages$C2SAcknowledge
[31Mar2025 02:10:17.248] [Netty Epoll Server IO #5/DEBUG] [net.minecraftforge.network.HandshakeHandler/FMLHANDSHAKE]: Received acknowledgement from client
[31Mar2025 02:10:17.290] [Netty Epoll Server IO #5/DEBUG] [net.minecraftforge.network.LoginWrapper/FMLHANDSHAKE]: Recieved login wrapper packet event for channel fml:handshake with index 16
[31Mar2025 02:10:17.291] [Netty Epoll Server IO #5/DEBUG] [net.minecraftforge.network.HandshakeHandler/FMLHANDSHAKE]: Received client indexed reply 16 of type net.minecraftforge.network.HandshakeMessages$C2SAcknowledge
[31Mar2025 02:10:17.293] [Netty Epoll Server IO #5/DEBUG] [net.minecraftforge.network.HandshakeHandler/FMLHANDSHAKE]: Received acknowledgement from client
[31Mar2025 02:10:17.304] [Server thread/DEBUG] [net.minecraftforge.network.HandshakeHandler/FMLHANDSHAKE]: Sending ticking packet info 'Registry twilightforest:tiny_bird_variant' to 'fml:handshake' sequence 19
[31Mar2025 02:10:17.340] [Netty Epoll Server IO #5/DEBUG] [net.minecraftforge.network.LoginWrapper/FMLHANDSHAKE]: Recieved login wrapper packet event for channel fml:handshake with index 17
[31Mar2025 02:10:17.341] [Netty Epoll Server IO #5/DEBUG] [net.minecraftforge.network.HandshakeHandler/FMLHANDSHAKE]: Received client indexed reply 17 of type net.minecraftforge.network.HandshakeMessages$C2SAcknowledge
[31Mar2025 02:10:17.341] [Netty Epoll Server IO #5/DEBUG] [net.minecraftforge.network.HandshakeHandler/FMLHANDSHAKE]: Received acknowledgement from client
[31Mar2025 02:10:17.355] [Server thread/DEBUG] [net.minecraftforge.network.HandshakeHandler/FMLHANDSHAKE]: Sending ticking packet info 'Registry minecraft:painting_variant' to 'fml:handshake' sequence 20
[31Mar2025 02:10:17.381] [Netty Epoll Server IO #5/DEBUG] [net.minecraftforge.network.LoginWrapper/FMLHANDSHAKE]: Recieved login wrapper packet event for channel fml:handshake with index 18
[31Mar2025 02:10:17.382] [Netty Epoll Server IO #5/DEBUG] [net.minecraftforge.network.HandshakeHandler/FMLHANDSHAKE]: Received client indexed reply 18 of type net.minecraftforge.network.HandshakeMessages$C2SAcknowledge
[31Mar2025 02:10:17.382] [Netty Epoll Server IO #5/DEBUG] [net.minecraftforge.network.HandshakeHandler/FMLHANDSHAKE]: Received acknowledgement from client
[31Mar2025 02:10:17.404] [Server thread/DEBUG] [net.minecraftforge.network.HandshakeHandler/FMLHANDSHAKE]: Sending ticking packet info 'Registry forge:fluid_type' to 'fml:handshake' sequence 21
[31Mar2025 02:10:17.457] [Server thread/DEBUG] [net.minecraftforge.network.HandshakeHandler/FMLHANDSHAKE]: Sending ticking packet info 'Registry minecraft:block' to 'fml:handshake' sequence 22
[31Mar2025 02:10:17.473] [Netty Epoll Server IO #5/DEBUG] [net.minecraftforge.network.LoginWrapper/FMLHANDSHAKE]: Recieved login wrapper packet event for channel fml:handshake with index 19
[31Mar2025 02:10:17.473] [Netty Epoll Server IO #5/DEBUG] [net.minecraftforge.network.HandshakeHandler/FMLHANDSHAKE]: Received client indexed reply 19 of type net.minecraftforge.network.HandshakeMessages$C2SAcknowledge
[31Mar2025 02:10:17.473] [Netty Epoll Server IO #5/DEBUG] [net.minecraftforge.network.HandshakeHandler/FMLHANDSHAKE]: Received acknowledgement from client
[31Mar2025 02:10:17.489] [Server thread/DEBUG] [net.minecraftforge.network.HandshakeHandler/FMLHANDSHAKE]: Sending ticking packet info 'Registry forge:entity_data_serializers' to 'fml:handshake' sequence 23
[31Mar2025 02:10:17.489] [Netty Epoll Server IO #5/DEBUG] [net.minecraftforge.network.LoginWrapper/FMLHANDSHAKE]: Recieved login wrapper packet event for channel fml:handshake with index 20
[31Mar2025 02:10:17.489] [Netty Epoll Server IO #5/DEBUG] [net.minecraftforge.network.HandshakeHandler/FMLHANDSHAKE]: Received client indexed reply 20 of type net.minecraftforge.network.HandshakeMessages$C2SAcknowledge
[31Mar2025 02:10:17.490] [Netty Epoll Server IO #5/DEBUG] [net.minecraftforge.network.HandshakeHandler/FMLHANDSHAKE]: Received acknowledgement from client
[31Mar2025 02:10:17.553] [Netty Epoll Server IO #5/DEBUG] [net.minecraftforge.network.LoginWrapper/FMLHANDSHAKE]: Recieved login wrapper packet event for channel fml:handshake with index 21
[31Mar2025 02:10:17.553] [Netty Epoll Server IO #5/DEBUG] [net.minecraftforge.network.HandshakeHandler/FMLHANDSHAKE]: Received client indexed reply 21 of type net.minecraftforge.network.HandshakeMessages$C2SAcknowledge
[31Mar2025 02:10:17.554] [Netty Epoll Server IO #5/DEBUG] [net.minecraftforge.network.HandshakeHandler/FMLHANDSHAKE]: Received acknowledgement from client
[31Mar2025 02:10:17.577] [Netty Epoll Server IO #5/DEBUG] [net.minecraftforge.network.LoginWrapper/FMLHANDSHAKE]: Recieved login wrapper packet event for channel fml:handshake with index 22
[31Mar2025 02:10:17.577] [Netty Epoll Server IO #5/DEBUG] [net.minecraftforge.network.HandshakeHandler/FMLHANDSHAKE]: Received client indexed reply 22 of type net.minecraftforge.network.HandshakeMessages$C2SAcknowledge
[31Mar2025 02:10:17.577] [Netty Epoll Server IO #5/DEBUG] [net.minecraftforge.network.HandshakeHandler/FMLHANDSHAKE]: Received acknowledgement from client
[31Mar2025 02:10:17.579] [Server thread/DEBUG] [net.minecraftforge.network.HandshakeHandler/FMLHANDSHAKE]: Sending ticking packet info 'Registry minecraft:mob_effect' to 'fml:handshake' sequence 24
[31Mar2025 02:10:17.627] [Server thread/DEBUG] [net.minecraftforge.network.HandshakeHandler/FMLHANDSHAKE]: Sending ticking packet info 'Registry twilightforest:dwarf_rabbit_variant' to 'fml:handshake' sequence 25
[31Mar2025 02:10:17.672] [Netty Epoll Server IO #5/DEBUG] [net.minecraftforge.network.LoginWrapper/FMLHANDSHAKE]: Recieved login wrapper packet event for channel fml:handshake with index 23
[31Mar2025 02:10:17.673] [Netty Epoll Server IO #5/DEBUG] [net.minecraftforge.network.HandshakeHandler/FMLHANDSHAKE]: Received client indexed reply 23 of type net.minecraftforge.network.HandshakeMessages$C2SAcknowledge
[31Mar2025 02:10:17.673] [Netty Epoll Server IO #5/DEBUG] [net.minecraftforge.network.HandshakeHandler/FMLHANDSHAKE]: Received acknowledgement from client
[31Mar2025 02:10:17.674] [Server thread/DEBUG] [net.minecraftforge.network.HandshakeHandler/FMLHANDSHAKE]: Sending ticking packet info 'Registry minecraft:enchantment' to 'fml:handshake' sequence 26
[31Mar2025 02:10:17.707] [Server thread/DEBUG] [net.minecraftforge.network.HandshakeHandler/FMLHANDSHAKE]: Sending ticking packet info 'Registry minecraft:entity_type' to 'fml:handshake' sequence 27
[31Mar2025 02:10:17.746] [Server thread/DEBUG] [net.minecraftforge.network.HandshakeHandler/FMLHANDSHAKE]: Sending ticking packet info 'Config journeymap-server.toml' to 'fml:handshake' sequence 28
[31Mar2025 02:10:17.769] [Netty Epoll Server IO #5/DEBUG] [net.minecraftforge.network.LoginWrapper/FMLHANDSHAKE]: Recieved login wrapper packet event for channel fml:handshake with index 24
[31Mar2025 02:10:17.769] [Netty Epoll Server IO #5/DEBUG] [net.minecraftforge.network.HandshakeHandler/FMLHANDSHAKE]: Received client indexed reply 24 of type net.minecraftforge.network.HandshakeMessages$C2SAcknowledge
[31Mar2025 02:10:17.769] [Netty Epoll Server IO #5/DEBUG] [net.minecraftforge.network.HandshakeHandler/FMLHANDSHAKE]: Received acknowledgement from client
[31Mar2025 02:10:17.769] [Netty Epoll Server IO #5/DEBUG] [net.minecraftforge.network.LoginWrapper/FMLHANDSHAKE]: Recieved login wrapper packet event for channel fml:handshake with index 25
[31Mar2025 02:10:17.770] [Netty Epoll Server IO #5/DEBUG] [net.minecraftforge.network.HandshakeHandler/FMLHANDSHAKE]: Received client indexed reply 25 of type net.minecraftforge.network.HandshakeMessages$C2SAcknowledge
[31Mar2025 02:10:17.770] [Netty Epoll Server IO #5/DEBUG] [net.minecraftforge.network.HandshakeHandler/FMLHANDSHAKE]: Received acknowledgement from client
[31Mar2025 02:10:17.809] [Netty Epoll Server IO #5/DEBUG] [net.minecraftforge.network.LoginWrapper/FMLHANDSHAKE]: Recieved login wrapper packet event for channel fml:handshake with index 26
[31Mar2025 02:10:17.810] [Netty Epoll Server IO #5/DEBUG] [net.minecraftforge.network.HandshakeHandler/FMLHANDSHAKE]: Received client indexed reply 26 of type net.minecraftforge.network.HandshakeMessages$C2SAcknowledge
[31Mar2025 02:10:17.810] [Netty Epoll Server IO #5/DEBUG] [net.minecraftforge.network.HandshakeHandler/FMLHANDSHAKE]: Received acknowledgement from client
[31Mar2025 02:10:17.810] [Server thread/DEBUG] [net.minecraftforge.network.HandshakeHandler/FMLHANDSHAKE]: Sending ticking packet info 'Config curios-server.toml' to 'fml:handshake' sequence 29
[31Mar2025 02:10:17.857] [Server thread/DEBUG] [net.minecraftforge.network.HandshakeHandler/FMLHANDSHAKE]: Sending ticking packet info 'Config biggerstacks-server.toml' to 'fml:handshake' sequence 30
[31Mar2025 02:10:17.898] [Server thread/DEBUG] [net.minecraftforge.network.HandshakeHandler/FMLHANDSHAKE]: Sending ticking packet info 'Config chiselsandbits-server.toml' to 'fml:handshake' sequence 31
[31Mar2025 02:10:17.961] [Server thread/DEBUG] [net.minecraftforge.network.HandshakeHandler/FMLHANDSHAKE]: Sending ticking packet info 'Config travelersbackpack-server.toml' to 'fml:handshake' sequence 32
[31Mar2025 02:10:18.006] [Server thread/DEBUG] [net.minecraftforge.network.HandshakeHandler/FMLHANDSHAKE]: Sending ticking packet info 'Config gravestone-server.toml' to 'fml:handshake' sequence 33
[31Mar2025 02:10:18.063] [Server thread/DEBUG] [net.minecraftforge.network.HandshakeHandler/FMLHANDSHAKE]: Sending ticking packet info 'Config mutantmonsters-server.toml' to 'fml:handshake' sequence 34
[31Mar2025 02:10:18.098] [Server thread/DEBUG] [net.minecraftforge.network.HandshakeHandler/FMLHANDSHAKE]: Sending ticking packet info 'Config aether-server.toml' to 'fml:handshake' sequence 35
[31Mar2025 02:10:18.158] [Server thread/DEBUG] [net.minecraftforge.network.HandshakeHandler/FMLHANDSHAKE]: Sending ticking packet info 'Config jei-server.toml' to 'fml:handshake' sequence 36
[31Mar2025 02:10:18.201] [Server thread/DEBUG] [net.minecraftforge.network.HandshakeHandler/FMLHANDSHAKE]: Sending ticking packet info 'Config forge-server.toml' to 'fml:handshake' sequence 37
[31Mar2025 02:10:24.635] [Netty Epoll Server IO #5/DEBUG] [net.minecraftforge.network.LoginWrapper/FMLHANDSHAKE]: Recieved login wrapper packet event for channel fml:handshake with index 27
[31Mar2025 02:10:24.635] [Netty Epoll Server IO #5/DEBUG] [net.minecraftforge.network.HandshakeHandler/FMLHANDSHAKE]: Received client indexed reply 27 of type net.minecraftforge.network.HandshakeMessages$C2SAcknowledge
[31Mar2025 02:10:24.635] [Netty Epoll Server IO #5/DEBUG] [net.minecraftforge.network.HandshakeHandler/FMLHANDSHAKE]: Received acknowledgement from client
[31Mar2025 02:10:24.676] [Netty Epoll Server IO #5/DEBUG] [net.minecraftforge.network.LoginWrapper/FMLHANDSHAKE]: Recieved login wrapper packet event for channel fml:handshake with index 28
[31Mar2025 02:10:24.677] [Netty Epoll Server IO #5/DEBUG] [net.minecraftforge.network.HandshakeHandler/FMLHANDSHAKE]: Received client indexed reply 28 of type net.minecraftforge.network.HandshakeMessages$C2SAcknowledge
[31Mar2025 02:10:24.677] [Netty Epoll Server IO #5/DEBUG] [net.minecraftforge.network.HandshakeHandler/FMLHANDSHAKE]: Received acknowledgement from client
[31Mar2025 02:10:24.677] [Netty Epoll Server IO #5/DEBUG] [net.minecraftforge.network.LoginWrapper/FMLHANDSHAKE]: Recieved login wrapper packet event for channel fml:handshake with index 29
[31Mar2025 02:10:24.677] [Netty Epoll Server IO #5/DEBUG] [net.minecraftforge.network.HandshakeHandler/FMLHANDSHAKE]: Received client indexed reply 29 of type net.minecraftforge.network.HandshakeMessages$C2SAcknowledge
[31Mar2025 02:10:24.677] [Netty Epoll Server IO #5/DEBUG] [net.minecraftforge.network.HandshakeHandler/FMLHANDSHAKE]: Received acknowledgement from client
[31Mar2025 02:10:24.677] [Netty Epoll Server IO #5/DEBUG] [net.minecraftforge.network.LoginWrapper/FMLHANDSHAKE]: Recieved login wrapper packet event for channel fml:handshake with index 30
[31Mar2025 02:10:24.677] [Netty Epoll Server IO #5/DEBUG] [net.minecraftforge.network.HandshakeHandler/FMLHANDSHAKE]: Received client indexed reply 30 of type net.minecraftforge.network.HandshakeMessages$C2SAcknowledge
[31Mar2025 02:10:24.677] [Netty Epoll Server IO #5/DEBUG] [net.minecraftforge.network.HandshakeHandler/FMLHANDSHAKE]: Received acknowledgement from client
[31Mar2025 02:10:24.677] [Netty Epoll Server IO #5/DEBUG] [net.minecraftforge.network.LoginWrapper/FMLHANDSHAKE]: Recieved login wrapper packet event for channel fml:handshake with index 31
[31Mar2025 02:10:24.677] [Netty Epoll Server IO #5/DEBUG] [net.minecraftforge.network.HandshakeHandler/FMLHANDSHAKE]: Received client indexed reply 31 of type net.minecraftforge.network.HandshakeMessages$C2SAcknowledge
[31Mar2025 02:10:24.677] [Netty Epoll Server IO #5/DEBUG] [net.minecraftforge.network.HandshakeHandler/FMLHANDSHAKE]: Received acknowledgement from client
[31Mar2025 02:10:24.677] [Netty Epoll Server IO #5/DEBUG] [net.minecraftforge.network.LoginWrapper/FMLHANDSHAKE]: Recieved login wrapper packet event for channel fml:handshake with index 32
[31Mar2025 02:10:24.677] [Netty Epoll Server IO #5/DEBUG] [net.minecraftforge.network.HandshakeHandler/FMLHANDSHAKE]: Received client indexed reply 32 of type net.minecraftforge.network.HandshakeMessages$C2SAcknowledge
[31Mar2025 02:10:24.677] [Netty Epoll Server IO #5/DEBUG] [net.minecraftforge.network.HandshakeHandler/FMLHANDSHAKE]: Received acknowledgement from client
[31Mar2025 02:10:24.678] [Netty Epoll Server IO #5/DEBUG] [net.minecraftforge.network.LoginWrapper/FMLHANDSHAKE]: Recieved login wrapper packet event for channel fml:handshake with index 33
[31Mar2025 02:10:24.678] [Netty Epoll Server IO #5/DEBUG] [net.minecraftforge.network.HandshakeHandler/FMLHANDSHAKE]: Received client indexed reply 33 of type net.minecraftforge.network.HandshakeMessages$C2SAcknowledge
[31Mar2025 02:10:24.678] [Netty Epoll Server IO #5/DEBUG] [net.minecraftforge.network.HandshakeHandler/FMLHANDSHAKE]: Received acknowledgement from client
[31Mar2025 02:10:24.678] [Netty Epoll Server IO #5/DEBUG] [net.minecraftforge.network.LoginWrapper/FMLHANDSHAKE]: Recieved login wrapper packet event for channel fml:handshake with index 34
[31Mar2025 02:10:24.678] [Netty Epoll Server IO #5/DEBUG] [net.minecraftforge.network.HandshakeHandler/FMLHANDSHAKE]: Received client indexed reply 34 of type net.minecraftforge.network.HandshakeMessages$C2SAcknowledge
[31Mar2025 02:10:24.678] [Netty Epoll Server IO #5/DEBUG] [net.minecraftforge.network.HandshakeHandler/FMLHANDSHAKE]: Received acknowledgement from client
[31Mar2025 02:10:24.678] [Netty Epoll Server IO #5/DEBUG] [net.minecraftforge.network.LoginWrapper/FMLHANDSHAKE]: Recieved login wrapper packet event for channel fml:handshake with index 35
[31Mar2025 02:10:24.678] [Netty Epoll Server IO #5/DEBUG] [net.minecraftforge.network.HandshakeHandler/FMLHANDSHAKE]: Received client indexed reply 35 of type net.minecraftforge.network.HandshakeMessages$C2SAcknowledge
[31Mar2025 02:10:24.678] [Netty Epoll Server IO #5/DEBUG] [net.minecraftforge.network.HandshakeHandler/FMLHANDSHAKE]: Received acknowledgement from client
[31Mar2025 02:10:24.678] [Netty Epoll Server IO #5/DEBUG] [net.minecraftforge.network.LoginWrapper/FMLHANDSHAKE]: Recieved login wrapper packet event for channel fml:handshake with index 36
[31Mar2025 02:10:24.678] [Netty Epoll Server IO #5/DEBUG] [net.minecraftforge.network.HandshakeHandler/FMLHANDSHAKE]: Received client indexed reply 36 of type net.minecraftforge.network.HandshakeMessages$C2SAcknowledge
[31Mar2025 02:10:24.678] [Netty Epoll Server IO #5/DEBUG] [net.minecraftforge.network.HandshakeHandler/FMLHANDSHAKE]: Received acknowledgement from client
[31Mar2025 02:10:24.678] [Netty Epoll Server IO #5/DEBUG] [net.minecraftforge.network.LoginWrapper/FMLHANDSHAKE]: Recieved login wrapper packet event for channel fml:handshake with index 37
[31Mar2025 02:10:24.678] [Netty Epoll Server IO #5/DEBUG] [net.minecraftforge.network.HandshakeHandler/FMLHANDSHAKE]: Received client indexed reply 37 of type net.minecraftforge.network.HandshakeMessages$C2SAcknowledge
[31Mar2025 02:10:24.678] [Netty Epoll Server IO #5/DEBUG] [net.minecraftforge.network.HandshakeHandler/FMLHANDSHAKE]: Received acknowledgement from client
[31Mar2025 02:10:24.702] [Server thread/DEBUG] [net.minecraftforge.network.HandshakeHandler/FMLHANDSHAKE]: Handshake complete!
[31Mar2025 02:10:24.761] [Server thread/INFO] [net.minecraft.server.players.PlayerList/]: N1ghtyM1ghty[/127.191.112.105:48853] logged in with entity id 1018 at (-53.48741585659462, 7.0, -53.30000001192093)
[31Mar2025 02:10:24.762] [Server thread/DEBUG] [net.minecraftforge.network.filters.NetworkFilters/]: Injected net.minecraftforge.network.filters.ForgeConnectionNetworkFilter@38a3460a into net.minecraft.network.Connection@23ad6714
[31Mar2025 02:10:24.782] [Server thread/INFO] [net.minecraft.server.MinecraftServer/]: N1ghtyM1ghty joined the game
[31Mar2025 02:10:24.829] [Server thread/INFO] [Jade/]: Syncing config to N1ghtyM1ghty (22f29f25-59c8-3c25-a405-fd33136c744b)
[31Mar2025 02:10:25.097] [Netty Epoll Server IO #5/DEBUG] [emotecraft/]: [emotes server] Received data from: 22f29f25-59c8-3c25-a405-fd33136c744b data: NetData{purpose=CONFIG, threshold=8.0, stopEmoteID=null, emoteData=null, startingAt=0, player=null}
[31Mar2025 02:10:31.795] [Server thread/DEBUG] [net.minecraftforge.common.ForgeHooks/WP]: Gathering id map for writing to world save world
[31Mar2025 02:10:31.817] [Server thread/DEBUG] [net.minecraftforge.common.ForgeHooks/WP]: ID Map collection complete world
[31Mar2025 02:10:31.858] [Server thread/INFO] [net.minecraft.server.MinecraftServer/]: [Jandro_: Saved the game]
[31Mar2025 02:10:38.067] [Server thread/INFO] [net.minecraft.server.MinecraftServer/]: [Jandro_: Teleported Jandro_ to Joc_512]
[31Mar2025 02:10:42.904] [Server thread/INFO] [net.minecraft.server.MinecraftServer/]: Gam has completed the challenge [Free Willy]
[31Mar2025 02:11:22.965] [Server thread/INFO] [net.minecraft.server.MinecraftServer/]: N1ghtyM1ghty has completed the challenge [Cannibal]
[31Mar2025 02:11:24.022] [Server thread/INFO] [net.minecraft.server.MinecraftServer/]: N1ghtyM1ghty withered away
[31Mar2025 02:11:27.795] [Server thread/DEBUG] [twilightforest/]: Player N1ghtyM1ghty (22f29f25-59c8-3c25-a405-fd33136c744b) respawned and received items held in storage
[31Mar2025 02:11:53.290] [Server thread/DEBUG] [portb.transformerlib.TransformerLib/]: Transforming org/cyclops/evilcraft/blockentity/BlockEntityEnvironmentalAccumulator$Inventory (target of net/minecraft/world/Container)
[31Mar2025 02:11:59.384] [Server thread/DEBUG] [mixin/]: Mixing vanilla.ContainersMixin from biggerstacks.mixins.json into net.minecraft.world.Containers
[31Mar2025 02:11:59.384] [Server thread/DEBUG] [mixin/]: biggerstacks.mixins.json:vanilla.ContainersMixin: Class version 61 required is higher than the class version supported by the current version of Mixin (JAVA_8 supports class version 52)
[31Mar2025 02:12:40.412] [Server thread/DEBUG] [mixin/]: Mixing MixinPiglinAi from curios.mixins.json into net.minecraft.world.entity.monster.piglin.PiglinAi
[31Mar2025 02:13:27.856] [Server thread/INFO] [net.minecraft.server.MinecraftServer/]: Gam has made the advancement [Minecraft Comes Alive]
[31Mar2025 02:13:55.004] [Server thread/DEBUG] [portb.transformerlib.TransformerLib/]: Transforming com/tiviacz/travelersbackpack/inventory/BackpackWrapper$1 (target of net/minecraftforge/items/IItemHandler)
[31Mar2025 02:13:55.005] [Server thread/DEBUG] [portb.transformerlib.TransformerLib/]: Transforming com/tiviacz/travelersbackpack/inventory/BackpackWrapper$2 (target of net/minecraftforge/items/IItemHandler)
[31Mar2025 02:13:55.013] [Server thread/DEBUG] [portb.transformerlib.TransformerLib/]: Transforming com/tiviacz/travelersbackpack/inventory/upgrades/tanks/TanksUpgrade$2 (target of net/minecraftforge/items/IItemHandler)
[31Mar2025 02:13:55.015] [Server thread/DEBUG] [portb.transformerlib.TransformerLib/]: Transforming com/tiviacz/travelersbackpack/inventory/menu/slot/FluidSlotItemHandler (target of net/minecraft/world/inventory/Slot)
[31Mar2025 02:13:59.045] [Server thread/DEBUG] [portb.transformerlib.TransformerLib/]: Transforming com/tiviacz/travelersbackpack/inventory/menu/slot/TrashSlot (target of net/minecraft/world/inventory/Slot)
[31Mar2025 02:13:59.045] [Server thread/DEBUG] [portb.transformerlib.TransformerLib/]: Transforming com/tiviacz/travelersbackpack/inventory/menu/slot/FilterSlotItemHandler (target of net/minecraft/world/inventory/Slot)
[31Mar2025 02:13:59.046] [Server thread/DEBUG] [portb.transformerlib.TransformerLib/]: Transforming com/tiviacz/travelersbackpack/inventory/menu/slot/ResultSlotExt (target of net/minecraft/world/inventory/Slot)
[31Mar2025 02:13:59.046] [Server thread/DEBUG] [portb.transformerlib.TransformerLib/]: Transforming com/tiviacz/travelersbackpack/inventory/menu/slot/CraftingSlot (target of net/minecraft/world/inventory/Slot)
[31Mar2025 02:14:13.042] [Server thread/INFO] [net.minecraft.server.MinecraftServer/]: Joc_512 has made the advancement [Ice Bucket Challenge]
[31Mar2025 02:14:26.186] [Server thread/DEBUG] [net.minecraftforge.common.ForgeHooks/WP]: Gathering id map for writing to world save world
[31Mar2025 02:14:26.208] [Server thread/DEBUG] [net.minecraftforge.common.ForgeHooks/WP]: ID Map collection complete world
[31Mar2025 02:15:09.892] [Server thread/INFO] [net.minecraft.server.MinecraftServer/]: Jandro_ has made the advancement [Minecraft Comes Alive]
[31Mar2025 02:15:26.588] [Server thread/INFO] [net.minecraft.server.MinecraftServer/]: [Jandro_: Teleported Joc_512 to Jandro_]
[31Mar2025 02:15:36.884] [Server thread/INFO] [net.minecraft.server.MinecraftServer/]: Joc_512 has made the advancement [Minecraft Comes Alive]
[31Mar2025 02:15:45.286] [Server thread/INFO] [net.minecraft.server.MinecraftServer/]: Gam has made the advancement [Sweet Dreams]
[31Mar2025 02:15:51.684] [Server thread/INFO] [net.minecraft.server.MinecraftServer/]: [Jandro_: Gamerule playersSleepingPercentage is now set to: 50]
[31Mar2025 02:16:00.893] [Server thread/INFO] [net.minecraft.server.MinecraftServer/]: [Not Secure] <Gam> DUERMAN
[31Mar2025 02:16:02.843] [Server thread/INFO] [net.minecraft.server.MinecraftServer/]: [Not Secure] <Gam> PUTAS
[31Mar2025 02:16:07.438] [Server thread/INFO] [net.minecraft.server.MinecraftServer/]: Joc_512 has made the advancement [Sweet Dreams]
[31Mar2025 02:16:08.923] [Server thread/INFO] [net.minecraft.server.MinecraftServer/]: [Not Secure] <Gam> DUERMAN
[31Mar2025 02:16:11.639] [Server thread/INFO] [net.minecraft.server.MinecraftServer/]: Jandro_ has made the advancement [Sweet Dreams]
[31Mar2025 02:16:44.254] [Server thread/INFO] [net.minecraft.server.MinecraftServer/]: N1ghtyM1ghty has made the advancement [Take Aim]
[31Mar2025 02:17:26.736] [Server thread/INFO] [net.minecraft.server.MinecraftServer/]: N1ghtyM1ghty has made the advancement [First Age]
[31Mar2025 02:17:34.955] [Server thread/INFO] [net.minecraft.server.MinecraftServer/]: [Jandro_: Teleported Jandro_ to Gam]
[31Mar2025 02:17:47.445] [Server thread/INFO] [net.minecraft.server.MinecraftServer/]: [Jandro_: Teleported Jandro_ to Jandro_]
[31Mar2025 02:17:50.310] [Server thread/INFO] [net.minecraft.server.MinecraftServer/]: [Jandro_: Teleported Jandro_ to Joc_512]
[31Mar2025 02:18:08.251] [Server thread/INFO] [net.minecraft.server.MinecraftServer/]: N1ghtyM1ghty has made the advancement [Not Today, Thank You]
