[31Mar2025 02:53:38.240] [main/INFO] [cpw.mods.modlauncher.Launcher/MODLAUNCHER]: ModLauncher running: args [--launchTarget, forgeserver, --fml.forgeVersion, 47.3.7, --fml.mcVersion, 1.20.1, --fml.forgeGroup, net.minecraftforge, --fml.mcpVersion, 20230612.114412, nogui]
[31Mar2025 02:53:38.244] [main/INFO] [cpw.mods.modlauncher.Launcher/MODLAUNCHER]: ModLauncher 10.0.9+10.0.9+main.dcd20f30 starting: java version 17.0.14 by Ubuntu; OS Linux arch amd64 version 6.8.0-1021-azure
[31Mar2025 02:53:39.860] [main/INFO] [net.minecraftforge.fml.loading.ImmediateWindowHandler/]: ImmediateWindowProvider not loading because launch target is forgeserver
[31Mar2025 02:53:39.931] [main/INFO] [mixin/]: SpongePowered MIXIN Subsystem Version=0.8.5 Source=union:/workspaces/Minecraft_Server/servidor_minecraft/libraries/org/spongepowered/mixin/0.8.5/mixin-0.8.5.jar%2365!/ Service=ModLauncher Env=SERVER
[31Mar2025 02:53:40.281] [main/WARN] [net.minecraftforge.fml.loading.moddiscovery.ModFileParser/LOADING]: Mod file /workspaces/Minecraft_Server/servidor_minecraft/libraries/net/minecraftforge/fmlcore/1.20.1-47.3.7/fmlcore-1.20.1-47.3.7.jar is missing mods.toml file
[31Mar2025 02:53:40.282] [main/WARN] [net.minecraftforge.fml.loading.moddiscovery.ModFileParser/LOADING]: Mod file /workspaces/Minecraft_Server/servidor_minecraft/libraries/net/minecraftforge/javafmllanguage/1.20.1-47.3.7/javafmllanguage-1.20.1-47.3.7.jar is missing mods.toml file
[31Mar2025 02:53:40.283] [main/WARN] [net.minecraftforge.fml.loading.moddiscovery.ModFileParser/LOADING]: Mod file /workspaces/Minecraft_Server/servidor_minecraft/libraries/net/minecraftforge/lowcodelanguage/1.20.1-47.3.7/lowcodelanguage-1.20.1-47.3.7.jar is missing mods.toml file
[31Mar2025 02:53:40.284] [main/WARN] [net.minecraftforge.fml.loading.moddiscovery.ModFileParser/LOADING]: Mod file /workspaces/Minecraft_Server/servidor_minecraft/libraries/net/minecraftforge/mclanguage/1.20.1-47.3.7/mclanguage-1.20.1-47.3.7.jar is missing mods.toml file
[31Mar2025 02:53:40.613] [main/WARN] [net.minecraftforge.jarjar.selection.JarSelector/]: Attempted to select two dependency jars from JarJar which have the same identification: Mod File:  and Mod File: . Using Mod File: 
[31Mar2025 02:53:40.614] [main/WARN] [net.minecraftforge.jarjar.selection.JarSelector/]: Attempted to select a dependency jar for JarJar which was passed in as source: curios. Using Mod File: /workspaces/Minecraft_Server/servidor_minecraft/mods/curios-forge-5.12.1+1.20.1.jar
[31Mar2025 02:53:40.614] [main/INFO] [net.minecraftforge.fml.loading.moddiscovery.JarInJarDependencyLocator/]: Found 17 dependencies adding them to mods collection
[31Mar2025 02:53:43.422] [main/INFO] [mixin/]: Compatibility level set to JAVA_17
[31Mar2025 02:53:43.544] [main/ERROR] [mixin/]: Mixin config celestisynth.mixins.json does not specify "minVersion" property
[31Mar2025 02:53:43.562] [main/INFO] [cpw.mods.modlauncher.LaunchServiceHandler/MODLAUNCHER]: Launching target 'forgeserver' with arguments [nogui]
[31Mar2025 02:53:44.085] [main/INFO] [portb.transformerlib.TransformerLib/]: Loaded transformer transformers/vanilla.xml
[31Mar2025 02:53:44.088] [main/INFO] [portb.transformerlib.TransformerLib/]: Loaded transformer transformers/gregtechmodernce.xml
[31Mar2025 02:53:44.095] [main/INFO] [portb.transformerlib.TransformerLib/]: Loaded transformer transformers/assortedstorage.xml
[31Mar2025 02:53:44.100] [main/INFO] [portb.transformerlib.TransformerLib/]: Loaded transformer transformers/refinedstorage.xml
[31Mar2025 02:53:44.101] [main/INFO] [portb.transformerlib.TransformerLib/]: Loaded transformer transformers/ic2.xml
[31Mar2025 02:53:44.102] [main/INFO] [portb.transformerlib.TransformerLib/]: Loaded transformer transformers/computercraft.xml
[31Mar2025 02:53:44.106] [main/INFO] [portb.transformerlib.TransformerLib/]: Loaded transformer transformers/mekanism.xml
[31Mar2025 02:53:44.108] [main/INFO] [portb.transformerlib.TransformerLib/]: Loaded transformer transformers/ironfurnaces.xml
[31Mar2025 02:53:44.116] [main/WARN] [mixin/]: Reference map 'puzzlesaccessapi.common.refmap.json' for puzzlesaccessapi.common.mixins.json could not be read. If this is a development environment you can ignore this message
[31Mar2025 02:53:44.189] [main/INFO] [Puzzles Lib/]: Loading 53 mods:
	- ad_astra 1.15.1
	- aether 1.20.1-1.0.0-beta.1.4-neoforge
		|-- cumulus_menus 1.20.1-1.0.0-beta.1-neoforge
		\-- nitrogen_internals 1.20.1-0.1.3-neoforge
	- alexsmobs 1.22.9
	- animation_overhaul 1.3.1
		\-- playeranimator 1.0.2-rc1+1.20
	- architectury 9.2.14
	- artifacts 9.5.14
		\-- expandability 9.0.4
	- biggerstacks 1.20.1-1.0.0
	- botarium 2.3.4
	- celestisynth 1.20.1-1.3.1
	- chiselsandbits 1.4.141
		\-- scena 1.0.102
	- citadel 2.6.1
	- cloth_config 11.1.136
	- collective 7.94
	- curios 5.12.1+1.20.1
	- cyclopscore 1.19.9
	- emotecraft 2.2.7-b.build.50
	- evilcraft 1.2.52
		\-- evilcraftcompat 1.2.52
	- fabledweaponry 1.20.1-1.0.7.5
	- forge 47.3.7
	- geckolib 4.7.1.2
	- gravestone 1.20.1-1.0.24
	- incendium 5.3.5
	- inventoryhud 3.4.26
	- ironfurnaces 4.1.6
	- jade 11.13.1+forge
	- jei 15.20.0.106
	- journeymap 5.10.3
	- justzoom 2.1.1
	- konkrete 1.8.0
	- mca 7.5.14+1.20.1
	- minecraft 1.20.1
	- mr_dungeons_andtaverns 3.0.3.f
	- mss 1.2.7-1.20-forge
	- mutantmonsters 8.0.7
	- mythicmounts 20.1-7.4.2-forge
	- necronomicon 1.6.0
	- oreharvester 1.5
	- patchouli 1.20.1-84.1-FORGE
	- pfm 1.3
	- puzzleslib 8.1.29
		|-- mixinextras 0.4.1
		\-- puzzlesaccessapi 20.1.1
	- resourcefulconfig 2.1.3
	- resourcefullib 2.1.29
	- terralith 2.5.4
	- travelersbackpack 9.1.33
	- twilightforest 4.3.2508
	- useless_sword 1.0.1
[31Mar2025 02:53:44.197] [main/WARN] [mixin/]: Reference map 'nitrogen_internals.refmap.json' for nitrogen_internals.mixins.json could not be read. If this is a development environment you can ignore this message
[31Mar2025 02:53:44.203] [main/WARN] [mixin/]: Reference map 'chiselsandbits.refmap.json' for chisels-and-bits.mixins.json could not be read. If this is a development environment you can ignore this message
[31Mar2025 02:53:45.269] [main/WARN] [mixin/]: Error loading class: vectorwing/farmersdelight/common/block/entity/CookingPotBlockEntity (java.lang.ClassNotFoundException: vectorwing.farmersdelight.common.block.entity.CookingPotBlockEntity)
[31Mar2025 02:53:45.805] [main/INFO] [MixinExtras|Service/]: Initializing MixinExtras via com.llamalad7.mixinextras.service.MixinExtrasServiceImpl(version=0.4.1).
[31Mar2025 02:53:52.469] [modloading-worker-0/INFO] [necronomicon/]: File exists, reading config for elocindev.animation_overhaul.config.AnimationsConfig.
[31Mar2025 02:53:52.474] [modloading-worker-0/INFO] [necronomicon/]: Config for elocindev.animation_overhaul.config.AnimationsConfig read successfully.
[31Mar2025 02:53:52.499] [modloading-worker-0/INFO] [necronomicon/]: File exists, reading config for elocindev.animation_overhaul.config.PlayerConfig.
[31Mar2025 02:53:52.500] [modloading-worker-0/INFO] [necronomicon/]: Config for elocindev.animation_overhaul.config.PlayerConfig read successfully.
[31Mar2025 02:53:52.504] [modloading-worker-0/INFO] [animation_overhaul/]: Animation Overhaul's Config initialized
[31Mar2025 02:53:52.539] [modloading-worker-0/INFO] [scena-forge/]: Initialized scena-forge
[31Mar2025 02:53:52.580] [modloading-worker-0/INFO] [Puzzles Lib/]: Constructing common components for mutantmonsters:main
[31Mar2025 02:53:52.929] [modloading-worker-0/INFO] [dev.architectury.networking.forge.NetworkManagerImpl/]: Registering C2S receiver with id architectury:sync_ids
[31Mar2025 02:53:52.930] [modloading-worker-0/INFO] [dev.architectury.networking.forge.NetworkManagerImpl/]: Registering C2S receiver with id artifacts:networking_channel/42a7ad70b1cc371599a0eff744096b8a
[31Mar2025 02:53:52.935] [modloading-worker-0/INFO] [dev.architectury.networking.forge.NetworkManagerImpl/]: Registering C2S receiver with id artifacts:networking_channel/74a5e841822a3a87854ae896a33430d6
[31Mar2025 02:53:52.936] [modloading-worker-0/INFO] [dev.architectury.networking.forge.NetworkManagerImpl/]: Registering C2S receiver with id artifacts:networking_channel/eb3d1e2748533430848cadf0f37c7e9c
[31Mar2025 02:53:52.940] [modloading-worker-0/INFO] [dev.architectury.networking.forge.NetworkManagerImpl/]: Registering C2S receiver with id artifacts:networking_channel/91c8520f19f93b3e8b6a727568e194ab
[31Mar2025 02:53:52.941] [modloading-worker-0/INFO] [dev.architectury.networking.forge.NetworkManagerImpl/]: Registering C2S receiver with id artifacts:networking_channel/8c2784d778293fd482ed84b8aa5fedb9
[31Mar2025 02:53:52.956] [modloading-worker-0/INFO] [dev.architectury.networking.forge.NetworkManagerImpl/]: Registering C2S receiver with id artifacts:networking_channel/ea038224ea783d40b2863f52239e2604
[31Mar2025 02:53:52.958] [modloading-worker-0/INFO] [dev.architectury.networking.forge.NetworkManagerImpl/]: Registering C2S receiver with id artifacts:networking_channel/97ad64b7ecaf33209991c4f031501a58
[31Mar2025 02:53:53.494] [modloading-worker-0/INFO] [net.minecraftforge.common.ForgeMod/FORGEMOD]: Forge mod loading, version 47.3.7, for MC 1.20.1 with MCP 20230612.114412
[31Mar2025 02:53:53.497] [modloading-worker-0/INFO] [net.minecraftforge.common.MinecraftForge/FORGE]: MinecraftForge v47.3.7 Initialized
[31Mar2025 02:53:53.583] [ForkJoinPool.commonPool-worker-2/INFO] [com.unlikepaladin.pfm.PaladinFurnitureMod/]: [Paladin's Furniture Update Check] Cached update file detected, using that!
[31Mar2025 02:53:53.670] [modloading-worker-0/INFO] [de.keksuccino.konkrete.Konkrete/]: [KONKRETE] Successfully initialized!
[31Mar2025 02:53:53.671] [modloading-worker-0/INFO] [de.keksuccino.konkrete.Konkrete/]: [KONKRETE] Server-side libs ready to use!
[31Mar2025 02:53:53.748] [modloading-worker-0/INFO] [necronomicon/]: Necronomicon Initialized
[31Mar2025 02:53:53.749] [modloading-worker-0/INFO] [necronomicon/]: File exists, reading config for elocindev.necronomicon.NecronomiconConfig.
[31Mar2025 02:53:53.749] [modloading-worker-0/INFO] [necronomicon/]: Config for elocindev.necronomicon.NecronomiconConfig read successfully.
[31Mar2025 02:53:53.900] [modloading-worker-0/INFO] [ironfurnaces.IronFurnaces/]: Initializing Update Checker...
[31Mar2025 02:53:53.904] [ Iron Furnaces Update Checker/INFO] [ironfurnaces.IronFurnaces/]: Starting Update Check...
[31Mar2025 02:53:53.907] [modloading-worker-0/INFO] [Collective/]: Loading Collective version 7.94.
[31Mar2025 02:53:53.938] [modloading-worker-0/INFO] [com.aetherteam.cumulus.Cumulus/]: Disabling Cumulus as it is on server.
[31Mar2025 02:53:54.027] [ Iron Furnaces Update Checker/INFO] [ironfurnaces.IronFurnaces/]: Update Check done!
[31Mar2025 02:53:54.029] [ Iron Furnaces Update Checker/INFO] [ironfurnaces.IronFurnaces/]: Iron Furnaces is up to date!
[31Mar2025 02:53:54.080] [modloading-worker-0/WARN] [de.keksuccino.justzoom.JustZoom/]: [JUST ZOOM] Disabling 'Just Zoom' since it's a client-side mod and current environment is server!
[31Mar2025 02:53:54.083] [modloading-worker-0/INFO] [Puzzles Lib/]: Constructing common components for puzzleslib:main
[31Mar2025 02:53:54.119] [modloading-worker-0/INFO] [be.florens.expandability.ExpandAbility/]: ExpandAbility here, who dis?
[31Mar2025 02:53:54.131] [modloading-worker-0/INFO] [mod.chiselsandbits.forge.Forge/]: Initialized Chisels&Bits - Forge
[31Mar2025 02:53:54.254] [modloading-worker-0/INFO] [mod.chiselsandbits.registrars.ModBlockEntityTypes/]: Loaded block entity configuration.
[31Mar2025 02:53:54.270] [modloading-worker-0/INFO] [mod.chiselsandbits.registrars.ModBlocks/]: Loaded block configuration.
[31Mar2025 02:53:54.280] [modloading-worker-0/INFO] [mod.chiselsandbits.registrars.ModChiselModeGroups/]: Loaded chisel mode group configuration.
[31Mar2025 02:53:55.126] [modloading-worker-0/INFO] [mod.chiselsandbits.registrars.ModChiselModes/]: Loaded chisel mode configuration.
[31Mar2025 02:53:55.128] [modloading-worker-0/INFO] [mod.chiselsandbits.registrars.ModContainerTypes/]: Loaded container type configuration.
[31Mar2025 02:53:55.130] [modloading-worker-0/INFO] [mod.chiselsandbits.registrars.ModCreativeTabs/]: Loaded item group configuration.
[31Mar2025 02:53:55.159] [modloading-worker-0/INFO] [mod.chiselsandbits.registrars.ModItems/]: Loaded item configuration.
[31Mar2025 02:53:55.164] [modloading-worker-0/INFO] [mod.chiselsandbits.registrars.ModMetadataKeys/]: Loaded metadata key configuration.
[31Mar2025 02:53:55.171] [modloading-worker-0/INFO] [mod.chiselsandbits.registrars.ModModelProperties/]: Loaded model property configuration.
[31Mar2025 02:53:55.175] [modloading-worker-0/INFO] [mod.chiselsandbits.registrars.ModModificationOperation/]: Loaded modification operation configuration.
[31Mar2025 02:53:55.176] [modloading-worker-0/INFO] [mod.chiselsandbits.registrars.ModModificationOperationGroups/]: Loaded modification operation group configuration.
[31Mar2025 02:53:55.186] [modloading-worker-0/INFO] [mod.chiselsandbits.registrars.ModPatternPlacementTypes/]: Loaded pattern placement type configuration.
[31Mar2025 02:53:55.188] [modloading-worker-0/INFO] [mod.chiselsandbits.registrars.ModRecipeSerializers/]: Loaded recipe serializer configuration.
[31Mar2025 02:53:55.190] [modloading-worker-0/INFO] [mod.chiselsandbits.registrars.ModTags/]: Loaded tag configuration.
[31Mar2025 02:53:55.191] [modloading-worker-0/INFO] [mod.chiselsandbits.registrars.ModRecipeTypes/]: Registering recipe types.
[31Mar2025 02:53:55.193] [modloading-worker-0/INFO] [mod.chiselsandbits.registrars.ModEventHandler/]: Registering event handlers
[31Mar2025 02:53:57.613] [main/WARN] [com.unlikepaladin.pfm.PaladinFurnitureMod/]: Found block type with duplicate id (minecraft:oak), skipping
[31Mar2025 02:53:58.509] [main/WARN] [dev.architectury.registry.registries.forge.RegistrarManagerImpl/]: Registry entry listened Registry Entry [minecraft:entity_type / mca:grim_reaper] was not realized!
[31Mar2025 02:53:58.510] [main/WARN] [dev.architectury.registry.registries.forge.RegistrarManagerImpl/]: Registry entry listened Registry Entry [minecraft:entity_type / mca:male_villager] was not realized!
[31Mar2025 02:53:58.510] [main/WARN] [dev.architectury.registry.registries.forge.RegistrarManagerImpl/]: Registry entry listened Registry Entry [minecraft:entity_type / mca:male_zombie_villager] was not realized!
[31Mar2025 02:53:58.510] [main/WARN] [dev.architectury.registry.registries.forge.RegistrarManagerImpl/]: Registry entry listened Registry Entry [minecraft:entity_type / mca:female_zombie_villager] was not realized!
[31Mar2025 02:53:58.510] [main/WARN] [dev.architectury.registry.registries.forge.RegistrarManagerImpl/]: Registry entry listened Registry Entry [minecraft:entity_type / mca:female_villager] was not realized!
[31Mar2025 02:53:58.573] [main/INFO] [evilcraft/]: 2205 possible Broom base combinations are ready for flying!
[31Mar2025 02:53:58.988] [main/WARN] [net.minecraft.network.syncher.SynchedEntityData/]: defineId called for: class forge.net.mca.entity.GrimReaperEntity from class forge.net.mca.util.network.datasync.CEnumParameter
[31Mar2025 02:53:59.002] [main/WARN] [net.minecraft.network.syncher.SynchedEntityData/]: defineId called for: class forge.net.mca.entity.VillagerEntityMCA from class forge.net.mca.util.network.datasync.CDataParameter
[31Mar2025 02:53:59.002] [main/WARN] [net.minecraft.network.syncher.SynchedEntityData/]: defineId called for: class forge.net.mca.entity.VillagerEntityMCA from class forge.net.mca.util.network.datasync.CDataParameter
[31Mar2025 02:53:59.003] [main/WARN] [net.minecraft.network.syncher.SynchedEntityData/]: defineId called for: class forge.net.mca.entity.VillagerEntityMCA from class forge.net.mca.util.network.datasync.CDataParameter
[31Mar2025 02:53:59.003] [main/WARN] [net.minecraft.network.syncher.SynchedEntityData/]: defineId called for: class forge.net.mca.entity.VillagerEntityMCA from class forge.net.mca.util.network.datasync.CDataParameter
[31Mar2025 02:53:59.003] [main/WARN] [net.minecraft.network.syncher.SynchedEntityData/]: defineId called for: class forge.net.mca.entity.VillagerEntityMCA from class forge.net.mca.util.network.datasync.CDataParameter
[31Mar2025 02:53:59.004] [main/WARN] [net.minecraft.network.syncher.SynchedEntityData/]: defineId called for: class forge.net.mca.entity.VillagerEntityMCA from class forge.net.mca.util.network.datasync.CDataParameter
[31Mar2025 02:53:59.004] [main/WARN] [net.minecraft.network.syncher.SynchedEntityData/]: defineId called for: class forge.net.mca.entity.VillagerEntityMCA from class forge.net.mca.util.network.datasync.CDataParameter
[31Mar2025 02:53:59.004] [main/WARN] [net.minecraft.network.syncher.SynchedEntityData/]: defineId called for: class forge.net.mca.entity.VillagerEntityMCA from class forge.net.mca.util.network.datasync.CEnumParameter
[31Mar2025 02:53:59.006] [main/WARN] [net.minecraft.network.syncher.SynchedEntityData/]: defineId called for: class forge.net.mca.entity.VillagerEntityMCA from class forge.net.mca.util.network.datasync.CDataParameter
[31Mar2025 02:53:59.007] [main/WARN] [net.minecraft.network.syncher.SynchedEntityData/]: defineId called for: class forge.net.mca.entity.VillagerEntityMCA from class forge.net.mca.util.network.datasync.CDataParameter
[31Mar2025 02:53:59.007] [main/WARN] [net.minecraft.network.syncher.SynchedEntityData/]: defineId called for: class forge.net.mca.entity.VillagerEntityMCA from class forge.net.mca.util.network.datasync.CDataParameter
[31Mar2025 02:53:59.007] [main/WARN] [net.minecraft.network.syncher.SynchedEntityData/]: defineId called for: class forge.net.mca.entity.VillagerEntityMCA from class forge.net.mca.util.network.datasync.CDataParameter
[31Mar2025 02:53:59.007] [main/WARN] [net.minecraft.network.syncher.SynchedEntityData/]: defineId called for: class forge.net.mca.entity.VillagerEntityMCA from class forge.net.mca.util.network.datasync.CDataParameter
[31Mar2025 02:53:59.007] [main/WARN] [net.minecraft.network.syncher.SynchedEntityData/]: defineId called for: class forge.net.mca.entity.VillagerEntityMCA from class forge.net.mca.util.network.datasync.CDataParameter
[31Mar2025 02:53:59.008] [main/WARN] [net.minecraft.network.syncher.SynchedEntityData/]: defineId called for: class forge.net.mca.entity.VillagerEntityMCA from class forge.net.mca.util.network.datasync.CDataParameter
[31Mar2025 02:53:59.008] [main/WARN] [net.minecraft.network.syncher.SynchedEntityData/]: defineId called for: class forge.net.mca.entity.VillagerEntityMCA from class forge.net.mca.util.network.datasync.CDataParameter
[31Mar2025 02:53:59.008] [main/WARN] [net.minecraft.network.syncher.SynchedEntityData/]: defineId called for: class forge.net.mca.entity.VillagerEntityMCA from class forge.net.mca.util.network.datasync.CDataParameter
[31Mar2025 02:53:59.008] [main/WARN] [net.minecraft.network.syncher.SynchedEntityData/]: defineId called for: class forge.net.mca.entity.VillagerEntityMCA from class forge.net.mca.util.network.datasync.CDataParameter
[31Mar2025 02:53:59.008] [main/WARN] [net.minecraft.network.syncher.SynchedEntityData/]: defineId called for: class forge.net.mca.entity.VillagerEntityMCA from class forge.net.mca.util.network.datasync.CDataParameter
[31Mar2025 02:53:59.009] [main/WARN] [net.minecraft.network.syncher.SynchedEntityData/]: defineId called for: class forge.net.mca.entity.VillagerEntityMCA from class forge.net.mca.util.network.datasync.CEnumParameter
[31Mar2025 02:53:59.009] [main/WARN] [net.minecraft.network.syncher.SynchedEntityData/]: defineId called for: class forge.net.mca.entity.VillagerEntityMCA from class forge.net.mca.util.network.datasync.CDataParameter
[31Mar2025 02:53:59.013] [main/WARN] [net.minecraft.network.syncher.SynchedEntityData/]: defineId called for: class forge.net.mca.entity.VillagerEntityMCA from class forge.net.mca.util.network.datasync.CDataParameter
[31Mar2025 02:53:59.013] [main/WARN] [net.minecraft.network.syncher.SynchedEntityData/]: defineId called for: class forge.net.mca.entity.VillagerEntityMCA from class forge.net.mca.util.network.datasync.CEnumParameter
[31Mar2025 02:53:59.013] [main/WARN] [net.minecraft.network.syncher.SynchedEntityData/]: defineId called for: class forge.net.mca.entity.VillagerEntityMCA from class forge.net.mca.util.network.datasync.CDataParameter
[31Mar2025 02:53:59.013] [main/WARN] [net.minecraft.network.syncher.SynchedEntityData/]: defineId called for: class forge.net.mca.entity.VillagerEntityMCA from class forge.net.mca.util.network.datasync.CEnumParameter
[31Mar2025 02:53:59.014] [main/WARN] [net.minecraft.network.syncher.SynchedEntityData/]: defineId called for: class forge.net.mca.entity.VillagerEntityMCA from class forge.net.mca.util.network.datasync.CEnumParameter
[31Mar2025 02:53:59.014] [main/WARN] [net.minecraft.network.syncher.SynchedEntityData/]: defineId called for: class forge.net.mca.entity.VillagerEntityMCA from class forge.net.mca.util.network.datasync.CDataParameter
[31Mar2025 02:53:59.014] [main/WARN] [net.minecraft.network.syncher.SynchedEntityData/]: defineId called for: class forge.net.mca.entity.VillagerEntityMCA from class forge.net.mca.util.network.datasync.CDataParameter
[31Mar2025 02:53:59.015] [main/WARN] [net.minecraft.network.syncher.SynchedEntityData/]: defineId called for: class forge.net.mca.entity.VillagerEntityMCA from class forge.net.mca.util.network.datasync.CDataParameter
[31Mar2025 02:53:59.015] [main/WARN] [net.minecraft.network.syncher.SynchedEntityData/]: defineId called for: class forge.net.mca.entity.VillagerEntityMCA from class forge.net.mca.util.network.datasync.CDataParameter
[31Mar2025 02:53:59.016] [main/WARN] [net.minecraft.network.syncher.SynchedEntityData/]: defineId called for: class forge.net.mca.entity.VillagerEntityMCA from class forge.net.mca.util.network.datasync.CDataParameter
[31Mar2025 02:53:59.017] [main/WARN] [net.minecraft.network.syncher.SynchedEntityData/]: defineId called for: class forge.net.mca.entity.VillagerEntityMCA from class forge.net.mca.util.network.datasync.CDataParameter
[31Mar2025 02:53:59.023] [main/WARN] [net.minecraft.network.syncher.SynchedEntityData/]: defineId called for: class forge.net.mca.entity.VillagerEntityMCA from class forge.net.mca.util.network.datasync.CDataParameter
[31Mar2025 02:53:59.023] [main/WARN] [net.minecraft.network.syncher.SynchedEntityData/]: defineId called for: class forge.net.mca.entity.VillagerEntityMCA from class forge.net.mca.util.network.datasync.CDataParameter
[31Mar2025 02:53:59.025] [main/WARN] [net.minecraft.network.syncher.SynchedEntityData/]: defineId called for: class forge.net.mca.entity.VillagerEntityMCA from class forge.net.mca.util.network.datasync.CDataParameter
[31Mar2025 02:53:59.025] [main/WARN] [net.minecraft.network.syncher.SynchedEntityData/]: defineId called for: class forge.net.mca.entity.VillagerEntityMCA from class forge.net.mca.util.network.datasync.CDataParameter
[31Mar2025 02:53:59.025] [main/WARN] [net.minecraft.network.syncher.SynchedEntityData/]: defineId called for: class forge.net.mca.entity.VillagerEntityMCA from class forge.net.mca.util.network.datasync.CDataParameter
[31Mar2025 02:53:59.060] [main/INFO] [Puzzles Lib/]: Loading common config for mutantmonsters
[31Mar2025 02:53:59.062] [Thread-2/INFO] [Puzzles Lib/]: Reloading common config for mutantmonsters
[31Mar2025 02:53:59.353] [Forge Version Check/INFO] [net.minecraftforge.fml.VersionChecker/]: [cyclopscore] Starting version check at https://raw.githubusercontent.com/CyclopsMC/Versions/master/forge_update/cyclops-core.json
[31Mar2025 02:53:59.440] [Forge Version Check/INFO] [net.minecraftforge.fml.VersionChecker/]: [cyclopscore] Found status: UP_TO_DATE Current: 1.19.9 Target: null
[31Mar2025 02:53:59.445] [Forge Version Check/INFO] [net.minecraftforge.fml.VersionChecker/]: [mutantmonsters] Starting version check at https://raw.githubusercontent.com/Fuzss/modresources/main/update/mutantmonsters.json
[31Mar2025 02:53:59.459] [Forge Version Check/INFO] [net.minecraftforge.fml.VersionChecker/]: [mutantmonsters] Found status: UP_TO_DATE Current: 8.0.7 Target: null
[31Mar2025 02:53:59.463] [Forge Version Check/INFO] [net.minecraftforge.fml.VersionChecker/]: [aether] Starting version check at https://github.com/The-Aether-Team/The-Aether/raw/1.20.1-develop/update.json
[31Mar2025 02:53:59.492] [modloading-worker-0/INFO] [evilcraft/]: Registered packet handler.
[31Mar2025 02:53:59.524] [modloading-worker-0/ERROR] [patchouli/]: Failed to load book ad_astra:astrodux defined by mod ad_astra, skipping
java.lang.IllegalArgumentException: Book ad_astra:astrodux has use_resource_pack set to false. This behaviour was removed in 1.20. The book author should enable this flag and move all book contents clientside to /assets/, leaving the book.json in /data/. See https://vazkiimods.github.io/Patchouli/docs/upgrading/upgrade-guide-120 for details.
	at vazkii.patchouli.common.book.Book.<init>(Book.java:145) ~[Patchouli-1.20.1-84.1-FORGE.jar%23180!/:1.20.1-84.1-FORGE]
	at vazkii.patchouli.common.book.BookRegistry.loadBook(BookRegistry.java:90) ~[Patchouli-1.20.1-84.1-FORGE.jar%23180!/:1.20.1-84.1-FORGE]
	at vazkii.patchouli.common.book.BookRegistry.lambda$init$3(BookRegistry.java:75) ~[Patchouli-1.20.1-84.1-FORGE.jar%23180!/:1.20.1-84.1-FORGE]
	at java.util.HashMap.forEach(HashMap.java:1421) ~[?:?]
	at vazkii.patchouli.common.book.BookRegistry.init(BookRegistry.java:70) ~[Patchouli-1.20.1-84.1-FORGE.jar%23180!/:1.20.1-84.1-FORGE]
	at vazkii.patchouli.forge.common.ForgeModInitializer.onInitialize(ForgeModInitializer.java:76) ~[Patchouli-1.20.1-84.1-FORGE.jar%23180!/:1.20.1-84.1-FORGE]
	at vazkii.patchouli.forge.common.__ForgeModInitializer_onInitialize_FMLCommonSetupEvent.invoke(.dynamic) ~[Patchouli-1.20.1-84.1-FORGE.jar%23180!/:1.20.1-84.1-FORGE]
	at net.minecraftforge.eventbus.ASMEventHandler.invoke(ASMEventHandler.java:73) ~[eventbus-6.0.5.jar%2352!/:?]
	at net.minecraftforge.eventbus.EventBus.post(EventBus.java:315) ~[eventbus-6.0.5.jar%2352!/:?]
	at net.minecraftforge.eventbus.EventBus.post(EventBus.java:296) ~[eventbus-6.0.5.jar%2352!/:?]
	at net.minecraftforge.fml.javafmlmod.FMLModContainer.acceptEvent(FMLModContainer.java:114) ~[javafmllanguage-1.20.1-47.3.7.jar%23191!/:?]
	at net.minecraftforge.fml.ModContainer.lambda$buildTransitionHandler$4(ModContainer.java:125) ~[fmlcore-1.20.1-47.3.7.jar%23190!/:?]
	at java.util.concurrent.CompletableFuture$AsyncRun.run(CompletableFuture.java:1804) ~[?:?]
	at java.util.concurrent.CompletableFuture$AsyncRun.exec(CompletableFuture.java:1796) ~[?:?]
	at java.util.concurrent.ForkJoinTask.doExec(ForkJoinTask.java:373) ~[?:?]
	at java.util.concurrent.ForkJoinPool$WorkQueue.topLevelExec(ForkJoinPool.java:1182) ~[?:?]
	at java.util.concurrent.ForkJoinPool.scan(ForkJoinPool.java:1655) ~[?:?]
	at java.util.concurrent.ForkJoinPool.runWorker(ForkJoinPool.java:1622) ~[?:?]
	at java.util.concurrent.ForkJoinWorkerThread.run(ForkJoinWorkerThread.java:165) ~[?:?]
[31Mar2025 02:53:59.623] [main/INFO] [journeymap/]: Initializing Packet Registries
[31Mar2025 02:53:59.688] [main/INFO] [com.tiviacz.travelersbackpack.TravelersBackpack/]: Registered the FluidEffect with Unique ID of minecraft:water for Water (Fluid Amount Required: 1000) with the ID 0
[31Mar2025 02:53:59.692] [main/INFO] [com.tiviacz.travelersbackpack.TravelersBackpack/]: Registered the FluidEffect with Unique ID of minecraft:lava for Lava (Fluid Amount Required: 1000) with the ID 1
[31Mar2025 02:53:59.693] [main/INFO] [com.tiviacz.travelersbackpack.TravelersBackpack/]: Registered the FluidEffect with Unique ID of travelersbackpack:potion for Uncraftable Potion (Fluid Amount Required: 250) with the ID 2
[31Mar2025 02:53:59.693] [main/INFO] [com.tiviacz.travelersbackpack.TravelersBackpack/]: Registered the FluidEffect with Unique ID of minecraft:milk for Milk (Fluid Amount Required: 1000) with the ID 3
[31Mar2025 02:53:59.702] [Forge Version Check/INFO] [net.minecraftforge.fml.VersionChecker/]: [aether] Found status: OUTDATED Current: 1.20.1-1.0.0-beta.1.4-neoforge Target: 1.20.1-1.5.2-neoforge
[31Mar2025 02:53:59.702] [Forge Version Check/INFO] [net.minecraftforge.fml.VersionChecker/]: [journeymap] Starting version check at https://forge.curseupdate.com/32274/journeymap
[31Mar2025 02:53:59.825] [Forge Version Check/INFO] [net.minecraftforge.fml.VersionChecker/]: [journeymap] Found status: UP_TO_DATE Current: 5.10.3 Target: null
[31Mar2025 02:53:59.825] [Forge Version Check/INFO] [net.minecraftforge.fml.VersionChecker/]: [travelersbackpack] Starting version check at https://gist.githubusercontent.com/Tiviacz1337/906937677aa472285dff9d6c2a189d5e/raw
[31Mar2025 02:53:59.849] [modloading-worker-0/INFO] [Jade/]: Start loading plugin at com.aetherteam.aether.integration.jade.AetherJadePlugin
[31Mar2025 02:53:59.870] [modloading-worker-0/INFO] [Jade/]: Start loading plugin at twilightforest.compat.jade.JadeCompat
[31Mar2025 02:53:59.873] [modloading-worker-0/INFO] [Jade/]: Start loading plugin at snownee.jade.addon.vanilla.VanillaPlugin
[31Mar2025 02:53:59.896] [Forge Version Check/INFO] [net.minecraftforge.fml.VersionChecker/]: [travelersbackpack] Found status: AHEAD Current: 9.1.33 Target: null
[31Mar2025 02:53:59.899] [Forge Version Check/INFO] [net.minecraftforge.fml.VersionChecker/]: [evilcraft] Starting version check at https://raw.githubusercontent.com/CyclopsMC/Versions/master/forge_update/evilcraft.json
[31Mar2025 02:53:59.917] [Forge Version Check/INFO] [net.minecraftforge.fml.VersionChecker/]: [evilcraft] Found status: UP_TO_DATE Current: 1.2.52 Target: null
[31Mar2025 02:53:59.917] [Forge Version Check/INFO] [net.minecraftforge.fml.VersionChecker/]: [puzzlesaccessapi] Starting version check at https://raw.githubusercontent.com/Fuzss/modresources/main/update/puzzlesaccessapi.json
[31Mar2025 02:53:59.919] [modloading-worker-0/INFO] [Jade/]: Start loading plugin at snownee.jade.addon.universal.UniversalPlugin
[31Mar2025 02:53:59.927] [Forge Version Check/INFO] [net.minecraftforge.fml.VersionChecker/]: [puzzlesaccessapi] Found status: BETA Current: 20.1.1 Target: null
[31Mar2025 02:53:59.928] [Forge Version Check/INFO] [net.minecraftforge.fml.VersionChecker/]: [forge] Starting version check at https://files.minecraftforge.net/net/minecraftforge/forge/promotions_slim.json
[31Mar2025 02:53:59.934] [modloading-worker-0/INFO] [Jade/]: Start loading plugin at snownee.jade.addon.core.CorePlugin
[31Mar2025 02:53:59.936] [modloading-worker-0/INFO] [Jade/]: Start loading plugin at de.maxhenkel.gravestone.integration.waila.PluginGraveStone
[31Mar2025 02:54:00.090] [Forge Version Check/INFO] [net.minecraftforge.fml.VersionChecker/]: [forge] Found status: OUTDATED Current: 47.3.7 Target: 47.4.0
[31Mar2025 02:54:00.091] [Forge Version Check/INFO] [net.minecraftforge.fml.VersionChecker/]: [twilightforest] Starting version check at https://gh.tamaized.com/TeamTwilight/twilightforest/update.json
[31Mar2025 02:54:00.226] [Forge Version Check/INFO] [net.minecraftforge.fml.VersionChecker/]: [twilightforest] Found status: AHEAD Current: 4.3.2508 Target: null
[31Mar2025 02:54:00.226] [Forge Version Check/INFO] [net.minecraftforge.fml.VersionChecker/]: [gravestone] Starting version check at https://update.maxhenkel.de/forge/gravestone
[31Mar2025 02:54:00.754] [Forge Version Check/INFO] [net.minecraftforge.fml.VersionChecker/]: [gravestone] Found status: AHEAD Current: 1.20.1-1.0.24 Target: null
[31Mar2025 02:54:00.755] [Forge Version Check/INFO] [net.minecraftforge.fml.VersionChecker/]: [mr_dungeons_andtaverns] Starting version check at https://api.modrinth.com/updates/tpehi7ww/forge_updates.json
[31Mar2025 02:54:00.987] [Forge Version Check/INFO] [net.minecraftforge.fml.VersionChecker/]: [mr_dungeons_andtaverns] Found status: OUTDATED Current: 3.0.3.f Target: 3.0.3.f+mod
[31Mar2025 02:54:00.988] [Forge Version Check/INFO] [net.minecraftforge.fml.VersionChecker/]: [inventoryhud] Starting version check at https://raw.githubusercontent.com/DmitryLovin/pluginUpdate/master/invupdate.json
[31Mar2025 02:54:01.003] [Forge Version Check/INFO] [net.minecraftforge.fml.VersionChecker/]: [inventoryhud] Found status: UP_TO_DATE Current: 3.4.26 Target: null
[31Mar2025 02:54:01.003] [Forge Version Check/INFO] [net.minecraftforge.fml.VersionChecker/]: [cumulus_menus] Starting version check at https://github.com/The-Aether-Team/Cumulus/raw/1.20.1-develop/update.json
[31Mar2025 02:54:01.024] [Forge Version Check/INFO] [net.minecraftforge.fml.VersionChecker/]: [cumulus_menus] Found status: OUTDATED Current: 1.20.1-1.0.0-beta.1-neoforge Target: 1.20.1-1.0.1-neoforge
[31Mar2025 02:54:01.024] [Forge Version Check/INFO] [net.minecraftforge.fml.VersionChecker/]: [puzzleslib] Starting version check at https://raw.githubusercontent.com/Fuzss/modresources/main/update/puzzleslib.json
[31Mar2025 02:54:01.037] [Forge Version Check/INFO] [net.minecraftforge.fml.VersionChecker/]: [puzzleslib] Found status: UP_TO_DATE Current: 8.1.29 Target: null
[31Mar2025 02:54:05.010] [main/INFO] [com.mojang.authlib.yggdrasil.YggdrasilAuthenticationService/]: Environment: authHost='https://authserver.mojang.com', accountsHost='https://api.mojang.com', sessionHost='https://sessionserver.mojang.com', servicesHost='https://api.minecraftservices.com', name='PROD'
[31Mar2025 02:54:08.707] [main/WARN] [net.minecraft.server.packs.VanillaPackResourcesBuilder/]: Assets URL 'union:/workspaces/Minecraft_Server/servidor_minecraft/libraries/net/minecraft/server/1.20.1-20230612.114412/server-1.20.1-20230612.114412-srg.jar%23189!/assets/.mcassetsroot' uses unexpected schema
[31Mar2025 02:54:08.707] [main/WARN] [net.minecraft.server.packs.VanillaPackResourcesBuilder/]: Assets URL 'union:/workspaces/Minecraft_Server/servidor_minecraft/libraries/net/minecraft/server/1.20.1-20230612.114412/server-1.20.1-20230612.114412-srg.jar%23189!/data/.mcassetsroot' uses unexpected schema
[31Mar2025 02:54:12.821] [main/INFO] [com.github.alexthe666.alexsmobs.AlexsMobs/]: Adding datapack listener capsid_recipes
[31Mar2025 02:54:13.020] [Worker-Main-3/ERROR] [net.minecraft.tags.TagLoader/]: Couldn't load tag curios:spellbook as it is missing following references: celestisynth:celestial_spell_book (from celestisynth-1.20.1-1.3.1.jar)
[31Mar2025 02:54:14.482] [main/WARN] [net.minecraft.world.level.storage.loot.LootDataManager/]: Found loot table element validation problem in {loot_tables:minecraft:chests/pillager_outpost}.pools[8].entries[0].functions[2]: Parameters [<parameter minecraft:tool>] are not provided in this context
[31Mar2025 02:54:14.549] [main/INFO] [net.minecraft.world.item.crafting.RecipeManager/]: Skipping loading recipe twilightforest:jeed/frosted as it's serializer returned null
[31Mar2025 02:54:14.558] [main/INFO] [net.minecraft.world.item.crafting.RecipeManager/]: Skipping loading recipe twilightforest:jeed/hunger as it's serializer returned null
[31Mar2025 02:54:14.616] [main/INFO] [net.minecraft.world.item.crafting.RecipeManager/]: Skipping loading recipe twilightforest:jeed/blindness as it's serializer returned null
[31Mar2025 02:54:14.628] [main/INFO] [net.minecraft.world.item.crafting.RecipeManager/]: Skipping loading recipe twilightforest:jeed/poison as it's serializer returned null
[31Mar2025 02:54:14.630] [main/ERROR] [net.minecraft.world.item.crafting.RecipeManager/]: Parsing error loading recipe useless_sword:dragonbreathdiamondswordcraft2
com.google.gson.JsonSyntaxException: Unknown item 'useless_sword:dragonbreathdiamondsword'
	at net.minecraftforge.common.crafting.CraftingHelper.getItem(CraftingHelper.java:160) ~[forge-1.20.1-47.3.7-universal.jar%23194!/:?]
	at net.minecraftforge.common.crafting.CraftingHelper.getItemStack(CraftingHelper.java:186) ~[forge-1.20.1-47.3.7-universal.jar%23194!/:?]
	at net.minecraft.world.item.crafting.ShapedRecipe.m_151274_(ShapedRecipe.java:286) ~[server-1.20.1-20230612.114412-srg.jar%23189!/:?]
	at net.minecraft.world.item.crafting.ShapelessRecipe$Serializer.m_6729_(ShapelessRecipe.java:95) ~[server-1.20.1-20230612.114412-srg.jar%23189!/:?]
	at net.minecraft.world.item.crafting.ShapelessRecipe$Serializer.m_6729_(ShapelessRecipe.java:84) ~[server-1.20.1-20230612.114412-srg.jar%23189!/:?]
	at net.minecraftforge.common.extensions.IForgeRecipeSerializer.fromJson(IForgeRecipeSerializer.java:23) ~[forge-1.20.1-47.3.7-universal.jar%23194!/:?]
	at net.minecraft.world.item.crafting.RecipeManager.fromJson(RecipeManager.java:171) ~[server-1.20.1-20230612.114412-srg.jar%23189!/:?]
	at net.minecraft.world.item.crafting.RecipeManager.m_5787_(RecipeManager.java:67) ~[server-1.20.1-20230612.114412-srg.jar%23189!/:?]
	at net.minecraft.world.item.crafting.RecipeManager.m_5787_(RecipeManager.java:34) ~[server-1.20.1-20230612.114412-srg.jar%23189!/:?]
	at net.minecraft.server.packs.resources.SimplePreparableReloadListener.m_10789_(SimplePreparableReloadListener.java:13) ~[server-1.20.1-20230612.114412-srg.jar%23189!/:?]
	at java.util.concurrent.CompletableFuture$UniAccept.tryFire(CompletableFuture.java:718) ~[?:?]
	at java.util.concurrent.CompletableFuture$Completion.run(CompletableFuture.java:482) ~[?:?]
	at net.minecraft.server.packs.resources.SimpleReloadInstance.m_143940_(SimpleReloadInstance.java:69) ~[server-1.20.1-20230612.114412-srg.jar%23189!/:?]
	at net.minecraft.Util.m_214652_(Util.java:783) ~[server-1.20.1-20230612.114412-srg.jar%23189!/:?]
	at net.minecraft.Util.m_214679_(Util.java:772) ~[server-1.20.1-20230612.114412-srg.jar%23189!/:?]
	at net.minecraft.server.Main.main(Main.java:166) ~[server-1.20.1-20230612.114412-srg.jar%23189!/:?]
	at jdk.internal.reflect.NativeMethodAccessorImpl.invoke0(Native Method) ~[?:?]
	at jdk.internal.reflect.NativeMethodAccessorImpl.invoke(NativeMethodAccessorImpl.java:77) ~[?:?]
	at jdk.internal.reflect.DelegatingMethodAccessorImpl.invoke(DelegatingMethodAccessorImpl.java:43) ~[?:?]
	at java.lang.reflect.Method.invoke(Method.java:569) ~[?:?]
	at net.minecraftforge.fml.loading.targets.CommonLaunchHandler.runTarget(CommonLaunchHandler.java:111) ~[fmlloader-1.20.1-47.3.7.jar%2369!/:?]
	at net.minecraftforge.fml.loading.targets.CommonLaunchHandler.serverService(CommonLaunchHandler.java:103) ~[fmlloader-1.20.1-47.3.7.jar%2369!/:?]
	at net.minecraftforge.fml.loading.targets.CommonServerLaunchHandler.lambda$makeService$0(CommonServerLaunchHandler.java:27) ~[fmlloader-1.20.1-47.3.7.jar%2369!/:?]
	at cpw.mods.modlauncher.LaunchServiceHandlerDecorator.launch(LaunchServiceHandlerDecorator.java:30) ~[modlauncher-10.0.9.jar%2355!/:?]
	at cpw.mods.modlauncher.LaunchServiceHandler.launch(LaunchServiceHandler.java:53) ~[modlauncher-10.0.9.jar%2355!/:?]
	at cpw.mods.modlauncher.LaunchServiceHandler.launch(LaunchServiceHandler.java:71) ~[modlauncher-10.0.9.jar%2355!/:?]
	at cpw.mods.modlauncher.Launcher.run(Launcher.java:108) ~[modlauncher-10.0.9.jar%2355!/:?]
	at cpw.mods.modlauncher.Launcher.main(Launcher.java:78) ~[modlauncher-10.0.9.jar%2355!/:?]
	at cpw.mods.modlauncher.BootstrapLaunchConsumer.accept(BootstrapLaunchConsumer.java:26) ~[modlauncher-10.0.9.jar%2355!/:?]
	at cpw.mods.modlauncher.BootstrapLaunchConsumer.accept(BootstrapLaunchConsumer.java:23) ~[modlauncher-10.0.9.jar%2355!/:?]
	at cpw.mods.bootstraplauncher.BootstrapLauncher.main(BootstrapLauncher.java:141) ~[bootstraplauncher-1.1.2.jar:?]
[31Mar2025 02:54:14.656] [main/INFO] [net.minecraft.world.item.crafting.RecipeManager/]: Skipping loading recipe twilightforest:jeed/resistance as it's serializer returned null
[31Mar2025 02:54:14.659] [main/ERROR] [net.minecraft.world.item.crafting.RecipeManager/]: Parsing error loading recipe celestisynth:celestial_spellbook
com.google.gson.JsonSyntaxException: Unknown item 'irons_spellbooks:ruined_book'
	at net.minecraft.world.item.crafting.ShapedRecipe.m_151280_(ShapedRecipe.java:292) ~[server-1.20.1-20230612.114412-srg.jar%23189!/:?]
	at java.util.Optional.orElseThrow(Optional.java:403) ~[?:?]
	at net.minecraft.world.item.crafting.ShapedRecipe.m_151278_(ShapedRecipe.java:291) ~[server-1.20.1-20230612.114412-srg.jar%23189!/:?]
	at net.minecraft.world.item.crafting.Ingredient.m_43919_(Ingredient.java:219) ~[server-1.20.1-20230612.114412-srg.jar%23189!/:?]
	at net.minecraftforge.common.crafting.VanillaIngredientSerializer.parse(VanillaIngredientSerializer.java:27) ~[forge-1.20.1-47.3.7-universal.jar%23194!/:?]
	at net.minecraftforge.common.crafting.CraftingHelper.getIngredient(CraftingHelper.java:148) ~[forge-1.20.1-47.3.7-universal.jar%23194!/:?]
	at net.minecraft.world.item.crafting.Ingredient.m_288218_(Ingredient.java:194) ~[server-1.20.1-20230612.114412-srg.jar%23189!/:?]
	at net.minecraft.world.item.crafting.ShapedRecipe.m_44210_(ShapedRecipe.java:278) ~[server-1.20.1-20230612.114412-srg.jar%23189!/:?]
	at net.minecraft.world.item.crafting.ShapedRecipe$Serializer.m_6729_(ShapedRecipe.java:306) ~[server-1.20.1-20230612.114412-srg.jar%23189!/:?]
	at net.minecraft.world.item.crafting.ShapedRecipe$Serializer.m_6729_(ShapedRecipe.java:301) ~[server-1.20.1-20230612.114412-srg.jar%23189!/:?]
	at net.minecraftforge.common.extensions.IForgeRecipeSerializer.fromJson(IForgeRecipeSerializer.java:23) ~[forge-1.20.1-47.3.7-universal.jar%23194!/:?]
	at net.minecraft.world.item.crafting.RecipeManager.fromJson(RecipeManager.java:171) ~[server-1.20.1-20230612.114412-srg.jar%23189!/:?]
	at net.minecraft.world.item.crafting.RecipeManager.m_5787_(RecipeManager.java:67) ~[server-1.20.1-20230612.114412-srg.jar%23189!/:?]
	at net.minecraft.world.item.crafting.RecipeManager.m_5787_(RecipeManager.java:34) ~[server-1.20.1-20230612.114412-srg.jar%23189!/:?]
	at net.minecraft.server.packs.resources.SimplePreparableReloadListener.m_10789_(SimplePreparableReloadListener.java:13) ~[server-1.20.1-20230612.114412-srg.jar%23189!/:?]
	at java.util.concurrent.CompletableFuture$UniAccept.tryFire(CompletableFuture.java:718) ~[?:?]
	at java.util.concurrent.CompletableFuture$Completion.run(CompletableFuture.java:482) ~[?:?]
	at net.minecraft.server.packs.resources.SimpleReloadInstance.m_143940_(SimpleReloadInstance.java:69) ~[server-1.20.1-20230612.114412-srg.jar%23189!/:?]
	at net.minecraft.Util.m_214652_(Util.java:783) ~[server-1.20.1-20230612.114412-srg.jar%23189!/:?]
	at net.minecraft.Util.m_214679_(Util.java:772) ~[server-1.20.1-20230612.114412-srg.jar%23189!/:?]
	at net.minecraft.server.Main.main(Main.java:166) ~[server-1.20.1-20230612.114412-srg.jar%23189!/:?]
	at jdk.internal.reflect.NativeMethodAccessorImpl.invoke0(Native Method) ~[?:?]
	at jdk.internal.reflect.NativeMethodAccessorImpl.invoke(NativeMethodAccessorImpl.java:77) ~[?:?]
	at jdk.internal.reflect.DelegatingMethodAccessorImpl.invoke(DelegatingMethodAccessorImpl.java:43) ~[?:?]
	at java.lang.reflect.Method.invoke(Method.java:569) ~[?:?]
	at net.minecraftforge.fml.loading.targets.CommonLaunchHandler.runTarget(CommonLaunchHandler.java:111) ~[fmlloader-1.20.1-47.3.7.jar%2369!/:?]
	at net.minecraftforge.fml.loading.targets.CommonLaunchHandler.serverService(CommonLaunchHandler.java:103) ~[fmlloader-1.20.1-47.3.7.jar%2369!/:?]
	at net.minecraftforge.fml.loading.targets.CommonServerLaunchHandler.lambda$makeService$0(CommonServerLaunchHandler.java:27) ~[fmlloader-1.20.1-47.3.7.jar%2369!/:?]
	at cpw.mods.modlauncher.LaunchServiceHandlerDecorator.launch(LaunchServiceHandlerDecorator.java:30) ~[modlauncher-10.0.9.jar%2355!/:?]
	at cpw.mods.modlauncher.LaunchServiceHandler.launch(LaunchServiceHandler.java:53) ~[modlauncher-10.0.9.jar%2355!/:?]
	at cpw.mods.modlauncher.LaunchServiceHandler.launch(LaunchServiceHandler.java:71) ~[modlauncher-10.0.9.jar%2355!/:?]
	at cpw.mods.modlauncher.Launcher.run(Launcher.java:108) ~[modlauncher-10.0.9.jar%2355!/:?]
	at cpw.mods.modlauncher.Launcher.main(Launcher.java:78) ~[modlauncher-10.0.9.jar%2355!/:?]
	at cpw.mods.modlauncher.BootstrapLaunchConsumer.accept(BootstrapLaunchConsumer.java:26) ~[modlauncher-10.0.9.jar%2355!/:?]
	at cpw.mods.modlauncher.BootstrapLaunchConsumer.accept(BootstrapLaunchConsumer.java:23) ~[modlauncher-10.0.9.jar%2355!/:?]
	at cpw.mods.bootstraplauncher.BootstrapLauncher.main(BootstrapLauncher.java:141) ~[bootstraplauncher-1.1.2.jar:?]
[31Mar2025 02:54:14.685] [main/INFO] [net.minecraft.world.item.crafting.RecipeManager/]: Skipping loading recipe twilightforest:jeed/regeneration as it's serializer returned null
[31Mar2025 02:54:14.687] [main/INFO] [net.minecraft.world.item.crafting.RecipeManager/]: Skipping loading recipe twilightforest:jeed/slowness as it's serializer returned null
[31Mar2025 02:54:14.690] [main/INFO] [net.minecraft.world.item.crafting.RecipeManager/]: Skipping loading recipe twilightforest:jeed/fire_resistance as it's serializer returned null
[31Mar2025 02:54:14.695] [main/INFO] [net.minecraft.world.item.crafting.RecipeManager/]: Loaded 33 recipes
[31Mar2025 02:54:14.754] [main/ERROR] [net.minecraft.server.ServerAdvancementManager/]: Parsing error loading custom advancement useless_sword:swordmaster: Expected item to be an item, was unknown string 'useless_sword:withersword'
[31Mar2025 02:54:14.877] [main/INFO] [net.minecraft.advancements.AdvancementList/]: Loaded 5345 advancements
[31Mar2025 02:54:14.883] [main/INFO] [twilightforest/]: Loaded 9 Stalactite configs!
[31Mar2025 02:54:14.896] [main/INFO] [top.theillusivec4.curios.Curios/]: Loaded 17 curio slots
[31Mar2025 02:54:14.902] [main/INFO] [top.theillusivec4.curios.Curios/]: Loaded 13 curio entities
[31Mar2025 02:54:14.969] [main/INFO] [com.aqutheseal.celestisynth.api.misc.CodecJsonDataManager/]: Beginning loading of data for data loader: tiered_item_stats
[31Mar2025 02:54:14.969] [main/INFO] [com.aqutheseal.celestisynth.api.misc.CodecJsonDataManager/]: Data loader for tiered_item_stats loaded 0 jsons
[31Mar2025 02:54:18.252] [main/INFO] [evilcraft/]: 19 Broom modifiers can be applied!
[31Mar2025 02:54:18.479] [Server thread/INFO] [net.minecraft.server.dedicated.DedicatedServer/]: Starting minecraft server version 1.20.1
[31Mar2025 02:54:18.479] [Server thread/INFO] [net.minecraft.server.dedicated.DedicatedServer/]: Loading properties
[31Mar2025 02:54:18.479] [Server thread/INFO] [net.minecraft.server.dedicated.DedicatedServer/]: Default game type: SURVIVAL
[31Mar2025 02:54:18.479] [Server thread/INFO] [net.minecraft.server.MinecraftServer/]: Generating keypair
[31Mar2025 02:54:18.591] [Server thread/INFO] [net.minecraft.server.dedicated.DedicatedServer/]: Starting Minecraft server on *:25565
[31Mar2025 02:54:18.615] [Server thread/INFO] [net.minecraft.server.network.ServerConnectionListener/]: Using epoll channel type
[31Mar2025 02:54:18.709] [Server thread/WARN] [net.minecraft.server.dedicated.DedicatedServer/]: **** SERVER IS RUNNING IN OFFLINE/INSECURE MODE!
[31Mar2025 02:54:18.709] [Server thread/WARN] [net.minecraft.server.dedicated.DedicatedServer/]: The server will make no attempt to authenticate usernames. Beware.
[31Mar2025 02:54:18.709] [Server thread/WARN] [net.minecraft.server.dedicated.DedicatedServer/]: While this makes the game possible to play without internet access, it also opens up the ability for hackers to connect with any username they choose.
[31Mar2025 02:54:18.709] [Server thread/WARN] [net.minecraft.server.dedicated.DedicatedServer/]: To change this, set "online-mode" to "true" in the server.properties file.
[31Mar2025 02:54:18.727] [Server thread/INFO] [Puzzles Lib/]: Loading server config for mutantmonsters
[31Mar2025 02:54:18.728] [Thread-2/INFO] [Puzzles Lib/]: Reloading server config for mutantmonsters
[31Mar2025 02:54:18.729] [Server thread/INFO] [journeymap/]: Loading JourneyMap Forge Configs
[31Mar2025 02:54:18.729] [Thread-2/INFO] [Puzzles Lib/]: Reloading server config for mutantmonsters
[31Mar2025 02:54:18.729] [Thread-2/INFO] [journeymap/]: Loading JourneyMap Forge Configs
[31Mar2025 02:54:18.730] [Thread-2/INFO] [journeymap/]: Loading JourneyMap Forge Configs
[31Mar2025 02:54:18.932] [Server thread/INFO] [portb.configlib.ConfigLib/]: Reading stacksize ruleset
[31Mar2025 02:54:18.937] [Config file watcher thread/INFO] [portb.configlib.ConfigLib/]: Starting config file watcher
[31Mar2025 02:54:18.947] [Server thread/INFO] [net.minecraft.server.dedicated.DedicatedServer/]: Preparing level "world"
[31Mar2025 02:54:21.814] [Server thread/INFO] [net.minecraft.server.MinecraftServer/]: Preparing start region for dimension minecraft:overworld
[31Mar2025 02:54:26.066] [Worker-Main-3/INFO] [net.minecraft.server.level.progress.LoggerChunkProgressListener/]: Preparing spawn area: 0%
[31Mar2025 02:54:26.147] [Worker-Main-1/INFO] [net.minecraft.server.level.progress.LoggerChunkProgressListener/]: Preparing spawn area: 0%
[31Mar2025 02:54:26.156] [Worker-Main-2/INFO] [net.minecraft.server.level.progress.LoggerChunkProgressListener/]: Preparing spawn area: 0%
[31Mar2025 02:54:26.167] [Worker-Main-3/INFO] [net.minecraft.server.level.progress.LoggerChunkProgressListener/]: Preparing spawn area: 0%
[31Mar2025 02:54:26.181] [Worker-Main-2/INFO] [net.minecraft.server.level.progress.LoggerChunkProgressListener/]: Preparing spawn area: 0%
[31Mar2025 02:54:26.433] [Worker-Main-1/INFO] [net.minecraft.server.level.progress.LoggerChunkProgressListener/]: Preparing spawn area: 0%
[31Mar2025 02:54:26.470] [Worker-Main-1/INFO] [net.minecraft.server.level.progress.LoggerChunkProgressListener/]: Preparing spawn area: 0%
[31Mar2025 02:54:26.495] [Worker-Main-1/INFO] [net.minecraft.server.level.progress.LoggerChunkProgressListener/]: Preparing spawn area: 0%
[31Mar2025 02:54:26.517] [Worker-Main-2/INFO] [net.minecraft.server.level.progress.LoggerChunkProgressListener/]: Preparing spawn area: 0%
[31Mar2025 02:54:26.530] [Worker-Main-2/INFO] [net.minecraft.server.level.progress.LoggerChunkProgressListener/]: Preparing spawn area: 0%
[31Mar2025 02:54:26.823] [Worker-Main-3/INFO] [net.minecraft.server.level.progress.LoggerChunkProgressListener/]: Preparing spawn area: 0%
[31Mar2025 02:54:27.316] [Worker-Main-2/INFO] [net.minecraft.server.level.progress.LoggerChunkProgressListener/]: Preparing spawn area: 0%
[31Mar2025 02:54:27.815] [Worker-Main-1/INFO] [net.minecraft.server.level.progress.LoggerChunkProgressListener/]: Preparing spawn area: 34%
[31Mar2025 02:54:28.356] [Server thread/INFO] [net.minecraft.server.level.progress.LoggerChunkProgressListener/]: Time elapsed: 6542 ms
[31Mar2025 02:54:28.357] [Server thread/INFO] [net.minecraft.server.dedicated.DedicatedServer/]: Done (9.637s)! For help, type "help"
[31Mar2025 02:54:28.407] [Server thread/INFO] [net.minecraftforge.server.permission.PermissionAPI/]: Successfully initialized permission handler forge:default_handler
[31Mar2025 02:54:28.482] [Server thread/INFO] [cyclopscore/]: Loading infobook /data/cyclopscore/info/test.xml
[31Mar2025 02:54:28.492] [Server thread/INFO] [evilcraft/]: Loading infobook /data/evilcraft/info/book.xml
[31Mar2025 02:54:28.539] [Server thread/WARN] [evilcraft/]: Invalid appendix info_book.evilcraft.second_age.tools.broom from mod evilcraft in an infobook: The broom modifier evilcraft:witherer has no valid items
[31Mar2025 02:54:28.540] [Server thread/WARN] [evilcraft/]: Invalid appendix info_book.evilcraft.second_age.tools.broom from mod evilcraft in an infobook: The broom modifier evilcraft:hungerer has no valid items
[31Mar2025 02:54:28.540] [Server thread/WARN] [evilcraft/]: Invalid appendix info_book.evilcraft.second_age.tools.broom from mod evilcraft in an infobook: The broom modifier evilcraft:kamikaze has no valid items
[31Mar2025 02:54:28.541] [Server thread/WARN] [evilcraft/]: Invalid appendix info_book.evilcraft.second_age.tools.broom from mod evilcraft in an infobook: The broom modifier evilcraft:withershield has no valid items
[31Mar2025 02:54:28.562] [Server thread/INFO] [patchouli/]: Sending reload packet to clients
[31Mar2025 02:55:04.650] [Server thread/INFO] [net.minecraft.server.players.PlayerList/]: N1ghtyM1ghty[/127.191.112.105:43129] logged in with entity id 135 at (-91.39977225070123, 14.0, -17.739827837513005)
[31Mar2025 02:55:04.773] [Server thread/INFO] [net.minecraft.server.MinecraftServer/]: N1ghtyM1ghty joined the game
[31Mar2025 02:55:05.033] [Server thread/INFO] [Jade/]: Syncing config to N1ghtyM1ghty (22f29f25-59c8-3c25-a405-fd33136c744b)
[31Mar2025 02:55:11.747] [Server thread/INFO] [net.minecraft.server.players.PlayerList/]: Gam[/127.130.2.202:55679] logged in with entity id 181 at (2464.590546431783, 70.0, -772.7048321664635)
[31Mar2025 02:55:11.768] [Server thread/INFO] [net.minecraft.server.MinecraftServer/]: Gam joined the game
[31Mar2025 02:55:11.800] [Server thread/INFO] [Jade/]: Syncing config to Gam (77f5e4c4-c57c-343e-87a8-94964d97a761)
[31Mar2025 02:55:44.640] [Server thread/WARN] [net.minecraft.network.syncher.SynchedEntityData/]: defineId called for: class forge.net.mca.entity.ZombieVillagerEntityMCA from class forge.net.mca.util.network.datasync.CDataParameter
[31Mar2025 02:55:44.640] [Server thread/WARN] [net.minecraft.network.syncher.SynchedEntityData/]: defineId called for: class forge.net.mca.entity.ZombieVillagerEntityMCA from class forge.net.mca.util.network.datasync.CDataParameter
[31Mar2025 02:55:44.641] [Server thread/WARN] [net.minecraft.network.syncher.SynchedEntityData/]: defineId called for: class forge.net.mca.entity.ZombieVillagerEntityMCA from class forge.net.mca.util.network.datasync.CDataParameter
[31Mar2025 02:55:44.641] [Server thread/WARN] [net.minecraft.network.syncher.SynchedEntityData/]: defineId called for: class forge.net.mca.entity.ZombieVillagerEntityMCA from class forge.net.mca.util.network.datasync.CDataParameter
[31Mar2025 02:55:44.641] [Server thread/WARN] [net.minecraft.network.syncher.SynchedEntityData/]: defineId called for: class forge.net.mca.entity.ZombieVillagerEntityMCA from class forge.net.mca.util.network.datasync.CDataParameter
[31Mar2025 02:55:44.642] [Server thread/WARN] [net.minecraft.network.syncher.SynchedEntityData/]: defineId called for: class forge.net.mca.entity.ZombieVillagerEntityMCA from class forge.net.mca.util.network.datasync.CDataParameter
[31Mar2025 02:55:44.642] [Server thread/WARN] [net.minecraft.network.syncher.SynchedEntityData/]: defineId called for: class forge.net.mca.entity.ZombieVillagerEntityMCA from class forge.net.mca.util.network.datasync.CDataParameter
[31Mar2025 02:55:44.642] [Server thread/WARN] [net.minecraft.network.syncher.SynchedEntityData/]: defineId called for: class forge.net.mca.entity.ZombieVillagerEntityMCA from class forge.net.mca.util.network.datasync.CEnumParameter
[31Mar2025 02:55:44.642] [Server thread/WARN] [net.minecraft.network.syncher.SynchedEntityData/]: defineId called for: class forge.net.mca.entity.ZombieVillagerEntityMCA from class forge.net.mca.util.network.datasync.CDataParameter
[31Mar2025 02:55:44.643] [Server thread/WARN] [net.minecraft.network.syncher.SynchedEntityData/]: defineId called for: class forge.net.mca.entity.ZombieVillagerEntityMCA from class forge.net.mca.util.network.datasync.CDataParameter
[31Mar2025 02:55:44.643] [Server thread/WARN] [net.minecraft.network.syncher.SynchedEntityData/]: defineId called for: class forge.net.mca.entity.ZombieVillagerEntityMCA from class forge.net.mca.util.network.datasync.CDataParameter
[31Mar2025 02:55:44.643] [Server thread/WARN] [net.minecraft.network.syncher.SynchedEntityData/]: defineId called for: class forge.net.mca.entity.ZombieVillagerEntityMCA from class forge.net.mca.util.network.datasync.CDataParameter
[31Mar2025 02:55:44.643] [Server thread/WARN] [net.minecraft.network.syncher.SynchedEntityData/]: defineId called for: class forge.net.mca.entity.ZombieVillagerEntityMCA from class forge.net.mca.util.network.datasync.CDataParameter
[31Mar2025 02:55:44.644] [Server thread/WARN] [net.minecraft.network.syncher.SynchedEntityData/]: defineId called for: class forge.net.mca.entity.ZombieVillagerEntityMCA from class forge.net.mca.util.network.datasync.CDataParameter
[31Mar2025 02:55:44.644] [Server thread/WARN] [net.minecraft.network.syncher.SynchedEntityData/]: defineId called for: class forge.net.mca.entity.ZombieVillagerEntityMCA from class forge.net.mca.util.network.datasync.CDataParameter
[31Mar2025 02:55:44.644] [Server thread/WARN] [net.minecraft.network.syncher.SynchedEntityData/]: defineId called for: class forge.net.mca.entity.ZombieVillagerEntityMCA from class forge.net.mca.util.network.datasync.CDataParameter
[31Mar2025 02:55:44.644] [Server thread/WARN] [net.minecraft.network.syncher.SynchedEntityData/]: defineId called for: class forge.net.mca.entity.ZombieVillagerEntityMCA from class forge.net.mca.util.network.datasync.CDataParameter
[31Mar2025 02:55:44.644] [Server thread/WARN] [net.minecraft.network.syncher.SynchedEntityData/]: defineId called for: class forge.net.mca.entity.ZombieVillagerEntityMCA from class forge.net.mca.util.network.datasync.CDataParameter
[31Mar2025 02:55:44.645] [Server thread/WARN] [net.minecraft.network.syncher.SynchedEntityData/]: defineId called for: class forge.net.mca.entity.ZombieVillagerEntityMCA from class forge.net.mca.util.network.datasync.CDataParameter
[31Mar2025 02:55:44.645] [Server thread/WARN] [net.minecraft.network.syncher.SynchedEntityData/]: defineId called for: class forge.net.mca.entity.ZombieVillagerEntityMCA from class forge.net.mca.util.network.datasync.CEnumParameter
[31Mar2025 02:55:44.645] [Server thread/WARN] [net.minecraft.network.syncher.SynchedEntityData/]: defineId called for: class forge.net.mca.entity.ZombieVillagerEntityMCA from class forge.net.mca.util.network.datasync.CDataParameter
[31Mar2025 02:55:44.645] [Server thread/WARN] [net.minecraft.network.syncher.SynchedEntityData/]: defineId called for: class forge.net.mca.entity.ZombieVillagerEntityMCA from class forge.net.mca.util.network.datasync.CDataParameter
[31Mar2025 02:55:44.646] [Server thread/WARN] [net.minecraft.network.syncher.SynchedEntityData/]: defineId called for: class forge.net.mca.entity.ZombieVillagerEntityMCA from class forge.net.mca.util.network.datasync.CEnumParameter
[31Mar2025 02:55:44.646] [Server thread/WARN] [net.minecraft.network.syncher.SynchedEntityData/]: defineId called for: class forge.net.mca.entity.ZombieVillagerEntityMCA from class forge.net.mca.util.network.datasync.CDataParameter
[31Mar2025 02:55:44.646] [Server thread/WARN] [net.minecraft.network.syncher.SynchedEntityData/]: defineId called for: class forge.net.mca.entity.ZombieVillagerEntityMCA from class forge.net.mca.util.network.datasync.CEnumParameter
[31Mar2025 02:55:44.646] [Server thread/WARN] [net.minecraft.network.syncher.SynchedEntityData/]: defineId called for: class forge.net.mca.entity.ZombieVillagerEntityMCA from class forge.net.mca.util.network.datasync.CEnumParameter
[31Mar2025 02:55:44.646] [Server thread/WARN] [net.minecraft.network.syncher.SynchedEntityData/]: defineId called for: class forge.net.mca.entity.ZombieVillagerEntityMCA from class forge.net.mca.util.network.datasync.CDataParameter
[31Mar2025 02:55:44.647] [Server thread/WARN] [net.minecraft.network.syncher.SynchedEntityData/]: defineId called for: class forge.net.mca.entity.ZombieVillagerEntityMCA from class forge.net.mca.util.network.datasync.CDataParameter
[31Mar2025 02:55:44.647] [Server thread/WARN] [net.minecraft.network.syncher.SynchedEntityData/]: defineId called for: class forge.net.mca.entity.ZombieVillagerEntityMCA from class forge.net.mca.util.network.datasync.CDataParameter
[31Mar2025 02:55:44.647] [Server thread/WARN] [net.minecraft.network.syncher.SynchedEntityData/]: defineId called for: class forge.net.mca.entity.ZombieVillagerEntityMCA from class forge.net.mca.util.network.datasync.CDataParameter
[31Mar2025 02:55:44.647] [Server thread/WARN] [net.minecraft.network.syncher.SynchedEntityData/]: defineId called for: class forge.net.mca.entity.ZombieVillagerEntityMCA from class forge.net.mca.util.network.datasync.CDataParameter
[31Mar2025 02:55:44.647] [Server thread/WARN] [net.minecraft.network.syncher.SynchedEntityData/]: defineId called for: class forge.net.mca.entity.ZombieVillagerEntityMCA from class forge.net.mca.util.network.datasync.CDataParameter
[31Mar2025 02:55:44.648] [Server thread/WARN] [net.minecraft.network.syncher.SynchedEntityData/]: defineId called for: class forge.net.mca.entity.ZombieVillagerEntityMCA from class forge.net.mca.util.network.datasync.CDataParameter
[31Mar2025 02:55:44.648] [Server thread/WARN] [net.minecraft.network.syncher.SynchedEntityData/]: defineId called for: class forge.net.mca.entity.ZombieVillagerEntityMCA from class forge.net.mca.util.network.datasync.CDataParameter
[31Mar2025 02:55:44.648] [Server thread/WARN] [net.minecraft.network.syncher.SynchedEntityData/]: defineId called for: class forge.net.mca.entity.ZombieVillagerEntityMCA from class forge.net.mca.util.network.datasync.CDataParameter
[31Mar2025 02:55:44.648] [Server thread/WARN] [net.minecraft.network.syncher.SynchedEntityData/]: defineId called for: class forge.net.mca.entity.ZombieVillagerEntityMCA from class forge.net.mca.util.network.datasync.CDataParameter
[31Mar2025 02:55:44.648] [Server thread/WARN] [net.minecraft.network.syncher.SynchedEntityData/]: defineId called for: class forge.net.mca.entity.ZombieVillagerEntityMCA from class forge.net.mca.util.network.datasync.CDataParameter
[31Mar2025 02:56:31.685] [Server thread/INFO] [net.minecraft.server.network.ServerLoginPacketListenerImpl/]: com.mojang.authlib.GameProfile@7df02245[id=<null>,name=Jandro_,properties={},legacy=false] (/127.53.240.191:55085) lost connection: Disconnected
[31Mar2025 02:56:36.030] [Server thread/INFO] [net.minecraft.server.MinecraftServer/]: Gam has made the advancement [Ant Farm]
[31Mar2025 02:56:44.430] [Server thread/INFO] [net.minecraft.server.network.ServerLoginPacketListenerImpl/]: com.mojang.authlib.GameProfile@4f9f3cb9[id=<null>,name=Jandro_,properties={},legacy=false] (/127.53.240.191:41471) lost connection: Disconnected
[31Mar2025 02:56:56.470] [Server thread/INFO] [net.minecraft.server.players.PlayerList/]: Jandro_[/127.53.240.191:36395] logged in with entity id 1148 at (2906.587850259991, 67.0, -78.81480793806499)
[31Mar2025 02:56:56.490] [Server thread/INFO] [net.minecraft.server.MinecraftServer/]: Jandro_ joined the game
[31Mar2025 02:56:56.511] [Server thread/INFO] [Jade/]: Syncing config to Jandro_ (be7d4d5e-94b5-3df6-9174-cd0460e4a156)
[31Mar2025 02:57:15.332] [Server thread/INFO] [net.minecraft.server.MinecraftServer/]: Jandro_ has made the advancement [Mine? Mine? Mine?]
[31Mar2025 02:57:49.863] [Server thread/INFO] [net.minecraft.server.players.PlayerList/]: Joc_512[/127.150.30.202:48123] logged in with entity id 2405 at (2921.667352965761, 66.68125, -149.81422589407472)
[31Mar2025 02:57:49.878] [Server thread/INFO] [net.minecraft.server.MinecraftServer/]: Joc_512 joined the game
[31Mar2025 02:57:49.924] [Server thread/INFO] [Jade/]: Syncing config to Joc_512 (a4818cf5-df0b-3b18-a01b-01bd46e431fa)
[31Mar2025 03:01:51.049] [Server thread/INFO] [net.minecraft.server.MinecraftServer/]: [Jandro_: Teleported Jandro_ to Gam]
[31Mar2025 03:02:20.298] [Server thread/INFO] [net.minecraft.server.MinecraftServer/]: [Jandro_: Teleported Jandro_ to Gam]
[31Mar2025 03:02:44.860] [Server thread/INFO] [net.minecraft.server.MinecraftServer/]: [Jandro_: Teleported Jandro_ to N1ghtyM1ghty]
[31Mar2025 03:02:50.465] [Server thread/ERROR] [net.minecraft.world.level.levelgen.structure.templatesystem.StructureTemplateManager/]: Couldn't load structure mss:diorite_house
net.minecraft.ReportedException: Loading NBT data
	at net.minecraft.nbt.CompoundTag.m_128413_(CompoundTag.java:480) ~[server-1.20.1-20230612.114412-srg.jar%23189!/:?]
	at net.minecraft.nbt.CompoundTag$1.m_7300_(CompoundTag.java:45) ~[server-1.20.1-20230612.114412-srg.jar%23189!/:?]
	at net.minecraft.nbt.CompoundTag$1.m_7300_(CompoundTag.java:32) ~[server-1.20.1-20230612.114412-srg.jar%23189!/:?]
	at net.minecraft.nbt.ListTag$1.m_7300_(ListTag.java:43) ~[server-1.20.1-20230612.114412-srg.jar%23189!/:?]
	at net.minecraft.nbt.ListTag$1.m_7300_(ListTag.java:26) ~[server-1.20.1-20230612.114412-srg.jar%23189!/:?]
	at net.minecraft.nbt.CompoundTag.m_128413_(CompoundTag.java:474) ~[server-1.20.1-20230612.114412-srg.jar%23189!/:?]
	at net.minecraft.nbt.CompoundTag$1.m_7300_(CompoundTag.java:45) ~[server-1.20.1-20230612.114412-srg.jar%23189!/:?]
	at net.minecraft.nbt.CompoundTag$1.m_7300_(CompoundTag.java:32) ~[server-1.20.1-20230612.114412-srg.jar%23189!/:?]
	at net.minecraft.nbt.NbtIo.m_128930_(NbtIo.java:153) ~[server-1.20.1-20230612.114412-srg.jar%23189!/:?]
	at net.minecraft.nbt.NbtIo.m_128934_(NbtIo.java:99) ~[server-1.20.1-20230612.114412-srg.jar%23189!/:?]
	at net.minecraft.nbt.NbtIo.m_128939_(NbtIo.java:35) ~[server-1.20.1-20230612.114412-srg.jar%23189!/:?]
	at net.minecraft.world.level.levelgen.structure.templatesystem.StructureTemplateManager.m_230377_(StructureTemplateManager.java:227) ~[server-1.20.1-20230612.114412-srg.jar%23189!/:?]
	at net.minecraft.world.level.levelgen.structure.templatesystem.StructureTemplateManager.m_230372_(StructureTemplateManager.java:217) ~[server-1.20.1-20230612.114412-srg.jar%23189!/:?]
	at net.minecraft.world.level.levelgen.structure.templatesystem.StructureTemplateManager.m_230427_(StructureTemplateManager.java:130) ~[server-1.20.1-20230612.114412-srg.jar%23189!/:?]
	at net.minecraft.world.level.levelgen.structure.templatesystem.StructureTemplateManager.m_230425_(StructureTemplateManager.java:108) ~[server-1.20.1-20230612.114412-srg.jar%23189!/:?]
	at java.util.concurrent.ConcurrentHashMap.computeIfAbsent(ConcurrentHashMap.java:1740) ~[?:?]
	at net.minecraft.world.level.levelgen.structure.templatesystem.StructureTemplateManager.m_230407_(StructureTemplateManager.java:98) ~[server-1.20.1-20230612.114412-srg.jar%23189!/:?]
	at net.minecraft.world.level.levelgen.structure.templatesystem.StructureTemplateManager.m_230359_(StructureTemplateManager.java:86) ~[server-1.20.1-20230612.114412-srg.jar%23189!/:?]
	at com.mojang.datafixers.util.Either$Left.map(Either.java:38) ~[datafixerupper-6.0.8.jar%2377!/:?]
	at net.minecraft.world.level.levelgen.structure.pools.SinglePoolElement.m_227299_(SinglePoolElement.java:81) ~[server-1.20.1-20230612.114412-srg.jar%23189!/:?]
	at net.minecraft.world.level.levelgen.structure.pools.SinglePoolElement.m_214015_(SinglePoolElement.java:115) ~[server-1.20.1-20230612.114412-srg.jar%23189!/:?]
	at net.minecraft.world.level.levelgen.structure.PoolElementStructurePiece.<init>(PoolElementStructurePiece.java:58) ~[server-1.20.1-20230612.114412-srg.jar%23189!/:?]
	at net.minecraft.world.level.levelgen.structure.pieces.PiecesContainer.m_192753_(PiecesContainer.java:73) ~[server-1.20.1-20230612.114412-srg.jar%23189!/:?]
	at net.minecraft.world.level.levelgen.structure.StructureStart.m_226857_(StructureStart.java:57) ~[server-1.20.1-20230612.114412-srg.jar%23189!/:?]
	at net.minecraft.world.level.chunk.storage.ChunkSerializer.m_188254_(ChunkSerializer.java:454) ~[server-1.20.1-20230612.114412-srg.jar%23189!/:?]
	at net.minecraft.world.level.chunk.storage.ChunkSerializer.m_188230_(ChunkSerializer.java:199) ~[server-1.20.1-20230612.114412-srg.jar%23189!/:?]
	at net.minecraft.server.level.ChunkMap.m_288112_(ChunkMap.java:578) ~[server-1.20.1-20230612.114412-srg.jar%23189!/:?]
	at java.util.concurrent.CompletableFuture$UniApply.tryFire(CompletableFuture.java:646) ~[?:?]
	at java.util.concurrent.CompletableFuture$Completion.run(CompletableFuture.java:482) ~[?:?]
	at net.minecraft.util.thread.BlockableEventLoop.m_6367_(BlockableEventLoop.java:156) ~[server-1.20.1-20230612.114412-srg.jar%23189!/:?]
	at net.minecraft.server.level.ServerChunkCache$MainThreadExecutor.m_6367_(ServerChunkCache.java:541) ~[server-1.20.1-20230612.114412-srg.jar%23189!/:?]
	at net.minecraft.util.thread.BlockableEventLoop.m_7245_(BlockableEventLoop.java:130) ~[server-1.20.1-20230612.114412-srg.jar%23189!/:?]
	at net.minecraft.server.level.ServerChunkCache$MainThreadExecutor.m_7245_(ServerChunkCache.java:549) ~[server-1.20.1-20230612.114412-srg.jar%23189!/:?]
	at net.minecraft.server.level.ServerChunkCache.m_8466_(ServerChunkCache.java:269) ~[server-1.20.1-20230612.114412-srg.jar%23189!/:?]
	at net.minecraft.server.MinecraftServer.m_129961_(MinecraftServer.java:758) ~[server-1.20.1-20230612.114412-srg.jar%23189!/:?]
	at net.minecraft.server.MinecraftServer.m_7245_(MinecraftServer.java:747) ~[server-1.20.1-20230612.114412-srg.jar%23189!/:?]
	at net.minecraft.util.thread.BlockableEventLoop.m_18701_(BlockableEventLoop.java:139) ~[server-1.20.1-20230612.114412-srg.jar%23189!/:?]
	at net.minecraft.server.MinecraftServer.m_130012_(MinecraftServer.java:733) ~[server-1.20.1-20230612.114412-srg.jar%23189!/:?]
	at net.minecraft.server.MinecraftServer.m_130011_(MinecraftServer.java:665) ~[server-1.20.1-20230612.114412-srg.jar%23189!/:?]
	at net.minecraft.server.MinecraftServer.m_206580_(MinecraftServer.java:251) ~[server-1.20.1-20230612.114412-srg.jar%23189!/:?]
	at java.lang.Thread.run(Thread.java:840) ~[?:?]
Caused by: java.io.IOException: Invalid tag id: 26
	at net.minecraft.nbt.TagType$1.m_197591_(TagType.java:58) ~[server-1.20.1-20230612.114412-srg.jar%23189!/:?]
	at net.minecraft.nbt.TagType$1.m_7300_(TagType.java:63) ~[server-1.20.1-20230612.114412-srg.jar%23189!/:?]
	at net.minecraft.nbt.TagType$1.m_7300_(TagType.java:56) ~[server-1.20.1-20230612.114412-srg.jar%23189!/:?]
	at net.minecraft.nbt.CompoundTag.m_128413_(CompoundTag.java:474) ~[server-1.20.1-20230612.114412-srg.jar%23189!/:?]
	... 40 more
[31Mar2025 03:02:55.804] [Server thread/INFO] [net.minecraft.server.MinecraftServer/]: [Jandro_: Teleported Gam to Jandro_]
[31Mar2025 03:03:55.672] [Server thread/WARN] [net.minecraft.server.network.ServerGamePacketListenerImpl/]: Żar-ptak (vehicle of Joc_512) moved too quickly! -8.231839405098818,4.17618742024057,-5.401570669297435
[31Mar2025 03:03:56.592] [Server thread/INFO] [net.minecraft.server.MinecraftServer/]: [Jandro_: Teleported Jandro_ to Gam]
[31Mar2025 03:04:38.212] [Server thread/ERROR] [net.minecraft.Util/]: POI data mismatch: already registered at BlockPos{x=112, y=6, z=-317}
[31Mar2025 03:04:38.212] [Server thread/ERROR] [net.minecraft.Util/]: POI data mismatch: already registered at BlockPos{x=110, y=6, z=-317}
[31Mar2025 03:05:46.792] [Server thread/INFO] [net.minecraft.server.MinecraftServer/]: [Jandro_: Saved the game]
[31Mar2025 03:06:51.498] [Server thread/INFO] [net.minecraft.server.MinecraftServer/]: [Not Secure] <Jandro_> ed s
[31Mar2025 03:08:01.384] [Server thread/INFO] [net.minecraft.server.network.ServerGamePacketListenerImpl/]: Joc_512 lost connection: Disconnected
[31Mar2025 03:08:01.384] [Server thread/INFO] [net.minecraft.server.MinecraftServer/]: Joc_512 left the game
[31Mar2025 03:09:10.722] [Server thread/INFO] [net.minecraft.server.MinecraftServer/]: Gam has made the advancement [Sneak 100]
[31Mar2025 03:10:07.424] [Server thread/INFO] [net.minecraft.server.MinecraftServer/]: Jandro_ has completed the challenge [It Spreads]
[31Mar2025 03:10:53.753] [Server thread/INFO] [net.minecraft.server.MinecraftServer/]: [Jandro_: Teleported Jandro_ to Gam]
[31Mar2025 03:11:27.570] [Server thread/INFO] [net.minecraft.server.MinecraftServer/]: Jandro_ has made the advancement [Sneak 100]
[31Mar2025 03:11:43.936] [Server thread/INFO] [net.minecraft.server.MinecraftServer/]: [Jandro_: Teleported Jandro_ to Gam]
[31Mar2025 03:12:26.725] [Server thread/INFO] [net.minecraft.server.MinecraftServer/]: N1ghtyM1ghty has made the advancement [Ant Farm]
[31Mar2025 03:13:38.951] [Server thread/INFO] [net.minecraft.server.MinecraftServer/]: [Jandro_: Teleported Jandro_ to N1ghtyM1ghty]
[31Mar2025 03:13:40.838] [Server thread/INFO] [net.minecraft.server.players.PlayerList/]: Joc_512[/127.150.30.202:43945] logged in with entity id 13380 at (-331.49588268298857, 107.0, -372.8245237320557)
[31Mar2025 03:13:40.855] [Server thread/INFO] [net.minecraft.server.MinecraftServer/]: Joc_512 joined the game
[31Mar2025 03:13:40.869] [Server thread/INFO] [Jade/]: Syncing config to Joc_512 (a4818cf5-df0b-3b18-a01b-01bd46e431fa)
[31Mar2025 03:13:55.632] [Server thread/INFO] [net.minecraft.server.MinecraftServer/]: Gam has made the advancement [Chest Slayer]
[31Mar2025 03:13:55.632] [Server thread/INFO] [net.minecraft.server.MinecraftServer/]: Gam has completed the challenge [It Spreads]
[31Mar2025 03:13:57.030] [Server thread/INFO] [net.minecraft.server.MinecraftServer/]: Gam has made the advancement [Amateur Archaeologist]
[31Mar2025 03:13:57.838] [Server thread/INFO] [net.minecraft.server.MinecraftServer/]: [Jandro_: Teleported Jandro_ to Gam]
[31Mar2025 03:14:08.777] [Server thread/INFO] [net.minecraft.world.entity.npc.Villager/]: Villager VillagerEntityMCA['Judy'/13410, l='ServerLevel[world]', x=-340.72, y=112.00, z=-359.91] died, message: 'Judy was slain by Zombie'
[31Mar2025 03:14:08.778] [Server thread/INFO] [net.minecraft.world.entity.LivingEntity/]: Named entity VillagerEntityMCA['Judy'/13410, l='ServerLevel[world]', x=-340.72, y=112.00, z=-359.91] died: Judy was slain by Zombie
[31Mar2025 03:14:13.573] [Server thread/INFO] [net.minecraft.server.MinecraftServer/]: N1ghtyM1ghty was slain by Dragon
[31Mar2025 03:14:30.682] [Server thread/INFO] [net.minecraft.server.MinecraftServer/]: N1ghtyM1ghty was slain by Dragon
[31Mar2025 03:14:38.476] [Server thread/WARN] [net.minecraft.server.network.ServerGamePacketListenerImpl/]: Żar-ptak (vehicle of Joc_512) moved too quickly! -1.3611063042828278,-3.131877171819781,-10.219985088049725
[31Mar2025 03:14:38.477] [Server thread/WARN] [net.minecraft.server.network.ServerGamePacketListenerImpl/]: Żar-ptak (vehicle of Joc_512) moved too quickly! -1.4694530868403604,-3.3732016370814506,-11.033516329946224
[31Mar2025 03:14:38.477] [Server thread/WARN] [net.minecraft.server.network.ServerGamePacketListenerImpl/]: Żar-ptak (vehicle of Joc_512) moved too quickly! -1.5780739683721094,-3.614573658216514,-11.849105667834124
[31Mar2025 03:14:38.478] [Server thread/WARN] [net.minecraft.server.network.ServerGamePacketListenerImpl/]: Żar-ptak (vehicle of Joc_512) moved too quickly! -1.6869392913760635,-3.8559913520132767,-12.666530415780016
[31Mar2025 03:14:38.479] [Server thread/WARN] [net.minecraft.server.network.ServerGamePacketListenerImpl/]: Żar-ptak (vehicle of Joc_512) moved too quickly! -1.7960226072912064,-4.097452909835198,-13.485591982462779
[31Mar2025 03:14:38.482] [Server thread/WARN] [net.minecraft.server.network.ServerGamePacketListenerImpl/]: Żar-ptak (vehicle of Joc_512) moved too quickly! -1.905300329290128,-4.3389565946676925,-14.306113264137252
[31Mar2025 03:14:38.486] [Server thread/WARN] [net.minecraft.server.network.ServerGamePacketListenerImpl/]: Żar-ptak (vehicle of Joc_512) moved too quickly! -2.0147514226396197,-4.580500738281927,-15.127936319678724
[31Mar2025 03:14:38.487] [Server thread/WARN] [net.minecraft.server.network.ServerGamePacketListenerImpl/]: Żar-ptak (vehicle of Joc_512) moved too quickly! -2.124357128563986,-4.822083738510912,-15.950920297188304
[31Mar2025 03:16:37.641] [Server thread/INFO] [net.minecraft.server.MinecraftServer/]: [Jandro_: Teleported Gam to Jandro_]
[31Mar2025 03:16:46.990] [Server thread/WARN] [net.minecraft.server.network.ServerGamePacketListenerImpl/]: Żar-ptak (vehicle of Joc_512) moved too quickly! -0.6819602116564525,-0.5566942396173005,-9.976865257447571
[31Mar2025 03:16:46.990] [Server thread/WARN] [net.minecraft.server.network.ServerGamePacketListenerImpl/]: Żar-ptak (vehicle of Joc_512) moved too quickly! -0.07103650518460825,0.3268737775793511,-11.677444037243504
[31Mar2025 03:17:42.177] [Server thread/INFO] [net.minecraft.server.MinecraftServer/]: Jandro_ was slain by Enderman
[31Mar2025 03:17:47.756] [Server thread/INFO] [net.minecraft.server.MinecraftServer/]: [Jandro_: Teleported Jandro_ to Gam]
[31Mar2025 03:18:14.894] [Server thread/INFO] [net.minecraft.server.MinecraftServer/]: Gam has made the advancement [Diamonds!]
[31Mar2025 03:18:59.549] [Server thread/INFO] [net.minecraft.server.MinecraftServer/]: [Jandro_: Teleported Gam to Jandro_]
[31Mar2025 03:19:37.078] [Server thread/INFO] [net.minecraft.server.MinecraftServer/]: Gam has made the advancement [Take Aim]
[31Mar2025 03:20:15.263] [Server thread/INFO] [net.minecraft.server.MinecraftServer/]: Gam has made the advancement [First Age]
[31Mar2025 03:20:32.259] [Server thread/WARN] [net.minecraft.server.network.ServerGamePacketListenerImpl/]: Żar-ptak (vehicle of Joc_512) moved too quickly! -10.300638068470334,-1.9950109934589904,0.8770124918620468
[31Mar2025 03:20:32.260] [Server thread/WARN] [net.minecraft.server.network.ServerGamePacketListenerImpl/]: Żar-ptak (vehicle of Joc_512) moved too quickly! -11.147319605059465,-2.1794463035975014,0.9448034831267478
[31Mar2025 03:20:45.464] [Server thread/INFO] [net.minecraft.server.MinecraftServer/]: N1ghtyM1ghty was shot by Mutant Skeleton
[31Mar2025 03:21:00.487] [Server thread/INFO] [net.minecraft.server.MinecraftServer/]: Joc_512 has made the advancement [Trouble is Brewing]
[31Mar2025 03:21:45.038] [Server thread/INFO] [net.minecraft.server.MinecraftServer/]: [Jandro_: Teleported Jandro_ to Joc_512]
[31Mar2025 03:21:52.493] [Server thread/INFO] [net.minecraft.server.MinecraftServer/]: [Jandro_: Teleported Jandro_ to Joc_512]
[31Mar2025 03:23:04.399] [Server thread/INFO] [net.minecraft.server.MinecraftServer/]: [Jandro_: Teleported Jandro_ to Gam]
[31Mar2025 03:23:23.390] [Server thread/INFO] [net.minecraft.server.MinecraftServer/]: N1ghtyM1ghty withered away
[31Mar2025 03:24:34.536] [Server thread/INFO] [net.minecraft.server.MinecraftServer/]: N1ghtyM1ghty has made the advancement [Sweet Dreams]
[31Mar2025 03:25:20.693] [Server thread/INFO] [net.minecraft.server.MinecraftServer/]: Joc_512 has completed the challenge [The Power of the Sun]
[31Mar2025 03:26:25.071] [Server thread/WARN] [net.minecraft.server.network.ServerGamePacketListenerImpl/]: Żar-ptak (vehicle of Joc_512) moved too quickly! -3.903429026318463,1.5444364544112972,-9.906192825000517
[31Mar2025 03:26:25.075] [Server thread/WARN] [net.minecraft.server.network.ServerGamePacketListenerImpl/]: Żar-ptak (vehicle of Joc_512) moved too quickly! -4.949653245864738,2.376002553285076,-11.173208510290351
[31Mar2025 03:26:25.077] [Server thread/WARN] [net.minecraft.server.network.ServerGamePacketListenerImpl/]: Żar-ptak (vehicle of Joc_512) moved too quickly! -5.9427983655673415,3.1185573146089354,-12.370616258988548
[31Mar2025 03:26:25.234] [Server thread/WARN] [net.minecraft.server.network.ServerGamePacketListenerImpl/]: Żar-ptak (vehicle of Joc_512) moved too quickly! 5.864932471154589,-4.226520823032828,7.051364038964493
[31Mar2025 03:26:25.234] [Server thread/WARN] [net.minecraft.server.network.ServerGamePacketListenerImpl/]: Żar-ptak (vehicle of Joc_512) moved too quickly! 5.864932471154589,-4.226520823032828,7.051364038964493
[31Mar2025 03:26:25.235] [Server thread/WARN] [net.minecraft.server.network.ServerGamePacketListenerImpl/]: Żar-ptak (vehicle of Joc_512) moved too quickly! 5.864932471154589,-4.226520823032828,7.051364038964493
[31Mar2025 03:26:40.398] [Server thread/INFO] [net.minecraft.server.MinecraftServer/]: [Jandro_: Teleported Jandro_ to Gam]
[31Mar2025 03:26:41.069] [Server thread/INFO] [net.minecraft.server.MinecraftServer/]: Gam was slain by Spider
[31Mar2025 03:26:56.812] [Server thread/INFO] [net.minecraft.server.MinecraftServer/]: [Jandro_: Teleported Gam to Jandro_]
[31Mar2025 03:27:24.488] [Server thread/INFO] [net.minecraft.server.MinecraftServer/]: [Jandro_: Teleported Jandro_ to Gam]
[31Mar2025 03:28:41.740] [Server thread/INFO] [net.minecraft.server.MinecraftServer/]: [Jandro_: Teleported Jandro_ to Gam]
[31Mar2025 03:29:27.202] [Server thread/INFO] [net.minecraft.server.MinecraftServer/]: [Jandro_: Teleported Jandro_ to N1ghtyM1ghty]
[31Mar2025 03:29:33.793] [Server thread/INFO] [net.minecraft.server.MinecraftServer/]: [Jandro_: Teleported Gam to Jandro_]
[31Mar2025 03:30:08.539] [Server thread/INFO] [net.minecraft.server.MinecraftServer/]: [Jandro_: Teleported Jandro_ to Gam]
[31Mar2025 03:31:56.187] [Server thread/INFO] [net.minecraft.server.MinecraftServer/]: Gam has made the advancement [Cover Me with Diamonds]
[31Mar2025 03:32:53.928] [Server thread/INFO] [net.minecraft.server.MinecraftServer/]: N1ghtyM1ghty was obliterated by a sonically-charged shriek
[31Mar2025 03:33:51.029] [Server thread/INFO] [net.minecraft.server.MinecraftServer/]: N1ghtyM1ghty was slain by Warden
[31Mar2025 03:34:18.360] [Server thread/WARN] [net.minecraft.server.network.ServerGamePacketListenerImpl/]: Żar-ptak (vehicle of Joc_512) moved too quickly! -9.103007446940865,-0.021894285606620656,-4.208510429435364
[31Mar2025 03:34:18.360] [Server thread/WARN] [net.minecraft.server.network.ServerGamePacketListenerImpl/]: Żar-ptak (vehicle of Joc_512) moved too quickly! -9.848558143607988,-0.02872118631320575,-4.5847581366249415
[31Mar2025 03:34:18.362] [Server thread/WARN] [net.minecraft.server.network.ServerGamePacketListenerImpl/]: Żar-ptak (vehicle of Joc_512) moved too quickly! -10.593001396201544,-0.024131076149146224,-4.96317586664054
[31Mar2025 03:34:18.363] [Server thread/WARN] [net.minecraft.server.network.ServerGamePacketListenerImpl/]: Żar-ptak (vehicle of Joc_512) moved too quickly! -11.3364570301419,-0.008576068531496617,-5.343528823068027
[31Mar2025 03:34:18.364] [Server thread/WARN] [net.minecraft.server.network.ServerGamePacketListenerImpl/]: Żar-ptak (vehicle of Joc_512) moved too quickly! -12.07903190574143,0.01750962680551993,-5.725607614459477
[31Mar2025 03:34:18.366] [Server thread/WARN] [net.minecraft.server.network.ServerGamePacketListenerImpl/]: Żar-ptak (vehicle of Joc_512) moved too quickly! -12.820821321030962,-0.013519006483377893,-6.109225505516179
[31Mar2025 03:34:18.367] [Server thread/WARN] [net.minecraft.server.network.ServerGamePacketListenerImpl/]: Żar-ptak (vehicle of Joc_512) moved too quickly! -13.561910262795209,-0.03217224074373348,-6.494215965693911
[31Mar2025 03:34:18.371] [Server thread/WARN] [net.minecraft.server.network.ServerGamePacketListenerImpl/]: Żar-ptak (vehicle of Joc_512) moved too quickly! -14.302374522251739,-0.03894014154576553,-6.88043048304894
[31Mar2025 03:34:18.372] [Server thread/WARN] [net.minecraft.server.network.ServerGamePacketListenerImpl/]: Żar-ptak (vehicle of Joc_512) moved too quickly! -15.042281690009986,-0.03429336787226589,-7.267736614626301
[31Mar2025 03:34:19.452] [Server thread/WARN] [net.minecraft.server.network.ServerGamePacketListenerImpl/]: Żar-ptak (vehicle of Joc_512) moved too quickly! -9.086739306236268,-0.01928101763628831,-4.202870192263617
[31Mar2025 03:34:19.455] [Server thread/WARN] [net.minecraft.server.network.ServerGamePacketListenerImpl/]: Żar-ptak (vehicle of Joc_512) moved too quickly! -9.854004635759338,-0.03781853058984552,-4.531283782036098
[31Mar2025 03:34:19.456] [Server thread/WARN] [net.minecraft.server.network.ServerGamePacketListenerImpl/]: Żar-ptak (vehicle of Joc_512) moved too quickly! -10.62212576669208,-0.044475292646666276,-4.857835539182361
[31Mar2025 03:34:19.457] [Server thread/WARN] [net.minecraft.server.network.ServerGamePacketListenerImpl/]: Żar-ptak (vehicle of Joc_512) moved too quickly! -11.391010101343454,-0.039721781320182004,-5.182726913944634
[31Mar2025 03:34:19.457] [Server thread/WARN] [net.minecraft.server.network.ServerGamePacketListenerImpl/]: Żar-ptak (vehicle of Joc_512) moved too quickly! -12.16057506109064,-0.02400984322309796,-5.506137559654235
[31Mar2025 03:34:19.460] [Server thread/WARN] [net.minecraft.server.network.ServerGamePacketListenerImpl/]: Żar-ptak (vehicle of Joc_512) moved too quickly! -12.930747002315911,0.0022265681493109923,-5.828227691156371
[31Mar2025 03:34:19.462] [Server thread/WARN] [net.minecraft.server.network.ServerGamePacketListenerImpl/]: Żar-ptak (vehicle of Joc_512) moved too quickly! -13.70146024963924,-0.02865731745637845,-6.149140188054616
[31Mar2025 03:34:19.463] [Server thread/WARN] [net.minecraft.server.network.ServerGamePacketListenerImpl/]: Żar-ptak (vehicle of Joc_512) moved too quickly! -14.472656233754606,-0.0471715360390732,-6.469002470382748
[31Mar2025 03:34:20.689] [Server thread/WARN] [net.minecraft.server.network.ServerGamePacketListenerImpl/]: Żar-ptak (vehicle of Joc_512) moved too quickly! -9.289775112384632,-0.018196989599999824,-3.7612824748155163
[31Mar2025 03:34:20.690] [Server thread/WARN] [net.minecraft.server.network.ServerGamePacketListenerImpl/]: Żar-ptak (vehicle of Joc_512) moved too quickly! -10.064498201726565,-0.024789237530825403,-4.0734713886304235
[31Mar2025 03:34:20.695] [Server thread/WARN] [net.minecraft.server.network.ServerGamePacketListenerImpl/]: Żar-ptak (vehicle of Joc_512) moved too quickly! -10.839270163057336,-0.01997376683652874,-4.385553979340557
[31Mar2025 03:34:20.695] [Server thread/WARN] [net.minecraft.server.network.ServerGamePacketListenerImpl/]: Żar-ptak (vehicle of Joc_512) moved too quickly! -11.61408570842923,-0.00420232296144718,-4.697541751103245
[31Mar2025 03:34:20.696] [Server thread/WARN] [net.minecraft.server.network.ServerGamePacketListenerImpl/]: Żar-ptak (vehicle of Joc_512) moved too quickly! -12.388940122049462,0.02209123776127342,-5.009444963326132
[31Mar2025 03:34:20.696] [Server thread/WARN] [net.minecraft.server.network.ServerGamePacketListenerImpl/]: Żar-ptak (vehicle of Joc_512) moved too quickly! -13.163829198374515,-0.008737761607306993,-5.321272765349249
[31Mar2025 03:34:20.699] [Server thread/WARN] [net.minecraft.server.network.ServerGamePacketListenerImpl/]: Żar-ptak (vehicle of Joc_512) moved too quickly! -13.938749186901077,-0.027199267446874842,-5.633033316554247
[31Mar2025 03:34:20.702] [Server thread/WARN] [net.minecraft.server.network.ServerGamePacketListenerImpl/]: Żar-ptak (vehicle of Joc_512) moved too quickly! -14.713696742929642,-0.03378303226999435,-5.94473389347786
[31Mar2025 03:34:20.706] [Server thread/WARN] [net.minecraft.server.MinecraftServer/]: Can't keep up! Is the server overloaded? Running 2844ms or 56 ticks behind
[31Mar2025 03:34:29.179] [Server thread/INFO] [net.minecraft.server.MinecraftServer/]: N1ghtyM1ghty was slain by Warden
[31Mar2025 03:34:51.243] [Worker-Main-3/ERROR] [net.minecraft.Util/]: Detected setBlock in a far chunk [-312, -58], pos: MutableBlockPos{x=-4992, y=33, z=-922}, status: minecraft:features, currently generating: ResourceKey[minecraft:worldgen/placed_feature / terralith:cave/thermal/dripstone]
[31Mar2025 03:34:51.243] [Worker-Main-3/ERROR] [net.minecraft.Util/]: Detected setBlock in a far chunk [-312, -58], pos: MutableBlockPos{x=-4992, y=34, z=-922}, status: minecraft:features, currently generating: ResourceKey[minecraft:worldgen/placed_feature / terralith:cave/thermal/dripstone]
[31Mar2025 03:34:51.244] [Worker-Main-3/ERROR] [net.minecraft.Util/]: Detected setBlock in a far chunk [-312, -58], pos: MutableBlockPos{x=-4992, y=34, z=-921}, status: minecraft:features, currently generating: ResourceKey[minecraft:worldgen/placed_feature / terralith:cave/thermal/dripstone]
[31Mar2025 03:34:51.244] [Worker-Main-3/ERROR] [net.minecraft.Util/]: Detected setBlock in a far chunk [-312, -58], pos: MutableBlockPos{x=-4992, y=35, z=-921}, status: minecraft:features, currently generating: ResourceKey[minecraft:worldgen/placed_feature / terralith:cave/thermal/dripstone]
[31Mar2025 03:35:03.190] [Server thread/INFO] [net.minecraft.server.MinecraftServer/]: [Jandro_: Teleported Jandro_ to Joc_512]
[31Mar2025 03:36:17.836] [Server thread/INFO] [net.minecraft.server.MinecraftServer/]: [Jandro_: Set own game mode to Creative Mode]
[31Mar2025 03:36:41.907] [Server thread/INFO] [net.minecraft.server.MinecraftServer/]: [Jandro_: Set own game mode to Spectator Mode]
[31Mar2025 03:36:45.261] [Server thread/INFO] [net.minecraft.server.MinecraftServer/]: [Jandro_: Set own game mode to Survival Mode]
[31Mar2025 03:37:47.207] [Server thread/WARN] [net.minecraft.server.MinecraftServer/]: Can't keep up! Is the server overloaded? Running 31694ms or 633 ticks behind
[31Mar2025 03:37:47.233] [Server thread/INFO] [net.minecraft.server.network.ServerGamePacketListenerImpl/]: N1ghtyM1ghty lost connection: Disconnected
[31Mar2025 03:37:47.233] [Server thread/INFO] [net.minecraft.server.MinecraftServer/]: N1ghtyM1ghty left the game
[31Mar2025 03:37:47.238] [Server thread/INFO] [net.minecraft.server.network.ServerGamePacketListenerImpl/]: Gam lost connection: Disconnected
[31Mar2025 03:37:47.238] [Server thread/INFO] [net.minecraft.server.MinecraftServer/]: Gam left the game
[31Mar2025 03:37:47.242] [Server thread/INFO] [net.minecraft.server.network.ServerGamePacketListenerImpl/]: Jandro_ lost connection: Disconnected
[31Mar2025 03:37:47.242] [Server thread/INFO] [net.minecraft.server.MinecraftServer/]: Jandro_ left the game
[31Mar2025 03:37:47.247] [Server thread/INFO] [net.minecraft.server.network.ServerGamePacketListenerImpl/]: Joc_512 lost connection: Disconnected
[31Mar2025 03:37:47.247] [Server thread/INFO] [net.minecraft.server.MinecraftServer/]: Joc_512 left the game
[31Mar2025 03:37:47.255] [Server thread/INFO] [net.minecraft.server.MinecraftServer/]: [Not Secure] [Server] hola
[31Mar2025 03:37:47.468] [Server thread/INFO] [net.minecraft.server.MinecraftServer/]: [Jandro_: Saved the game]
[31Mar2025 03:38:07.668] [Server thread/INFO] [net.minecraft.server.MinecraftServer/]: [Not Secure] [Server] a
[31Mar2025 03:38:14.030] [Server thread/INFO] [net.minecraft.server.players.PlayerList/]: Jandro_[/127.53.240.191:49841] logged in with entity id 36445 at (-4760.827197032301, 49.0, -1231.4848920292245)
[31Mar2025 03:38:14.043] [Server thread/INFO] [net.minecraft.server.MinecraftServer/]: Jandro_ joined the game
[31Mar2025 03:38:14.052] [Server thread/INFO] [Jade/]: Syncing config to Jandro_ (be7d4d5e-94b5-3df6-9174-cd0460e4a156)
[31Mar2025 03:38:18.646] [Server thread/INFO] [net.minecraft.server.players.PlayerList/]: Joc_512[/127.150.30.202:55801] logged in with entity id 36845 at (-5140.528091441669, 84.16902609356822, -1663.2130361065247)
[31Mar2025 03:38:18.659] [Server thread/INFO] [net.minecraft.server.MinecraftServer/]: Joc_512 joined the game
[31Mar2025 03:38:19.010] [Server thread/INFO] [Jade/]: Syncing config to Joc_512 (a4818cf5-df0b-3b18-a01b-01bd46e431fa)
[31Mar2025 03:38:44.437] [Worker-Main-1/ERROR] [net.minecraft.world.entity.decoration.HangingEntity/]: Hanging entity at invalid position: BlockPos{x=202, y=47, z=211}
[31Mar2025 03:38:45.437] [Server thread/INFO] [net.minecraft.server.players.PlayerList/]: Gam[/127.130.2.202:60755] logged in with entity id 37471 at (10.342995642991712, 13.024424088213681, -17.254795630101146)
[31Mar2025 03:38:45.459] [Server thread/INFO] [net.minecraft.server.MinecraftServer/]: Gam joined the game
[31Mar2025 03:38:45.548] [Server thread/INFO] [Jade/]: Syncing config to Gam (77f5e4c4-c57c-343e-87a8-94964d97a761)
[31Mar2025 03:38:50.398] [Server thread/INFO] [net.minecraft.server.MinecraftServer/]: [Jandro_: Teleported Jandro_ to Gam]
[31Mar2025 03:38:56.339] [Server thread/INFO] [net.minecraft.server.players.PlayerList/]: N1ghtyM1ghty[/127.191.112.105:52533] logged in with entity id 37858 at (12.287320176958284, 12.0, -20.714986595357285)
[31Mar2025 03:38:56.352] [Server thread/INFO] [net.minecraft.server.MinecraftServer/]: N1ghtyM1ghty joined the game
[31Mar2025 03:38:56.421] [Server thread/INFO] [Jade/]: Syncing config to N1ghtyM1ghty (22f29f25-59c8-3c25-a405-fd33136c744b)
[31Mar2025 03:39:34.635] [Server thread/INFO] [net.minecraft.server.MinecraftServer/]: [Jandro_: Teleported Jandro_ to Joc_512]
[31Mar2025 03:39:44.102] [Server thread/INFO] [net.minecraft.server.MinecraftServer/]: [Jandro_: Teleported Joc_512 to Gam]
[31Mar2025 03:39:56.300] [Server thread/INFO] [net.minecraft.server.MinecraftServer/]: [Jandro_: Teleported Jandro_ to Joc_512]
[31Mar2025 03:40:08.274] [Server thread/INFO] [net.minecraft.server.MinecraftServer/]: Joc_512 has made the advancement [KEEP ROLLIN' ROLLIN' ROLLIN']
[31Mar2025 03:41:18.538] [Server thread/INFO] [net.minecraft.server.MinecraftServer/]: [Jandro_: Teleported Jandro_ to Joc_512]
[31Mar2025 03:41:29.587] [Server thread/INFO] [net.minecraft.server.MinecraftServer/]: [Not Secure] <N1ghtyM1ghty> denme montura
[31Mar2025 03:41:34.738] [Server thread/INFO] [net.minecraft.server.MinecraftServer/]: [Not Secure] <Jandro_> sexo te vamos a dar
[31Mar2025 03:41:41.635] [Server thread/INFO] [net.minecraft.server.MinecraftServer/]: [Jandro_: Teleported Gam to Joc_512]
[31Mar2025 03:41:43.862] [Server thread/INFO] [net.minecraft.server.MinecraftServer/]: [N1ghtyM1ghty: Teleported Jandro_ to N1ghtyM1ghty]
[31Mar2025 03:41:59.479] [Server thread/INFO] [net.minecraft.server.MinecraftServer/]: [Jandro_: Teleported Jandro_ to Joc_512]
[31Mar2025 03:42:37.561] [Server thread/INFO] [net.minecraft.server.MinecraftServer/]: [Jandro_: Teleported Jandro_ to Joc_512]
[31Mar2025 03:43:21.338] [Server thread/INFO] [net.minecraft.server.MinecraftServer/]: [Jandro_: Saved the game]
[31Mar2025 03:43:25.586] [Server thread/INFO] [net.minecraft.server.MinecraftServer/]: [Not Secure] [Server] cp
[31Mar2025 03:44:35.834] [Server thread/INFO] [net.minecraft.server.network.ServerGamePacketListenerImpl/]: N1ghtyM1ghty lost connection: Disconnected
[31Mar2025 03:44:35.834] [Server thread/INFO] [net.minecraft.server.MinecraftServer/]: N1ghtyM1ghty left the game
[31Mar2025 03:46:21.527] [Server thread/INFO] [net.minecraft.server.MinecraftServer/]: Joc_512 has made the advancement [Take Aim]
[31Mar2025 03:47:19.626] [Server thread/INFO] [net.minecraft.server.MinecraftServer/]: Jandro_ has made the advancement [The Cutest Predator]
[31Mar2025 03:51:51.308] [Server thread/WARN] [net.minecraft.server.level.ServerPlayerGameMode/]: Mismatch in destroy block pos: BlockPos{x=-5687, y=69, z=-1840} BlockPos{x=-5688, y=67, z=-1842}
[31Mar2025 03:51:51.354] [Server thread/WARN] [net.minecraft.server.level.ServerPlayerGameMode/]: Mismatch in destroy block pos: BlockPos{x=-5687, y=69, z=-1840} BlockPos{x=-5688, y=67, z=-1842}
[31Mar2025 03:56:22.049] [Server thread/INFO] [net.minecraft.server.MinecraftServer/]: Joc_512 has completed the challenge [Chisels & Bits!]
[31Mar2025 03:57:11.936] [Server thread/ERROR] [net.minecraftforge.fml.loading.RuntimeDistCleaner/DISTXFORM]: Attempted to load class net/minecraft/client/renderer/RenderType for invalid dist DEDICATED_SERVER
[31Mar2025 03:57:11.941] [Server thread/ERROR] [net.minecraftforge.fml.loading.RuntimeDistCleaner/DISTXFORM]: Attempted to load class net/minecraft/client/renderer/RenderType for invalid dist DEDICATED_SERVER
[31Mar2025 03:57:11.942] [Server thread/ERROR] [net.minecraftforge.fml.loading.RuntimeDistCleaner/DISTXFORM]: Attempted to load class net/minecraft/client/renderer/RenderType for invalid dist DEDICATED_SERVER
[31Mar2025 03:57:11.943] [Server thread/ERROR] [net.minecraftforge.fml.loading.RuntimeDistCleaner/DISTXFORM]: Attempted to load class net/minecraft/client/renderer/RenderType for invalid dist DEDICATED_SERVER
[31Mar2025 03:57:11.944] [Server thread/ERROR] [net.minecraftforge.fml.loading.RuntimeDistCleaner/DISTXFORM]: Attempted to load class net/minecraft/client/renderer/RenderType for invalid dist DEDICATED_SERVER
[31Mar2025 03:57:11.973] [Server thread/ERROR] [net.minecraftforge.fml.loading.RuntimeDistCleaner/DISTXFORM]: Attempted to load class net/minecraft/client/renderer/RenderType for invalid dist DEDICATED_SERVER
[31Mar2025 03:57:11.974] [Server thread/ERROR] [net.minecraftforge.fml.loading.RuntimeDistCleaner/DISTXFORM]: Attempted to load class net/minecraft/client/renderer/RenderType for invalid dist DEDICATED_SERVER
[31Mar2025 03:57:11.974] [Server thread/ERROR] [net.minecraftforge.fml.loading.RuntimeDistCleaner/DISTXFORM]: Attempted to load class net/minecraft/client/renderer/RenderType for invalid dist DEDICATED_SERVER
[31Mar2025 03:57:11.975] [Server thread/ERROR] [net.minecraftforge.fml.loading.RuntimeDistCleaner/DISTXFORM]: Attempted to load class net/minecraft/client/renderer/RenderType for invalid dist DEDICATED_SERVER
[31Mar2025 03:57:11.976] [Server thread/ERROR] [net.minecraftforge.fml.loading.RuntimeDistCleaner/DISTXFORM]: Attempted to load class net/minecraft/client/renderer/RenderType for invalid dist DEDICATED_SERVER
[31Mar2025 03:57:11.991] [Server thread/ERROR] [net.minecraftforge.fml.loading.RuntimeDistCleaner/DISTXFORM]: Attempted to load class net/minecraft/client/renderer/RenderType for invalid dist DEDICATED_SERVER
[31Mar2025 03:57:11.992] [Server thread/ERROR] [net.minecraftforge.fml.loading.RuntimeDistCleaner/DISTXFORM]: Attempted to load class net/minecraft/client/renderer/RenderType for invalid dist DEDICATED_SERVER
[31Mar2025 03:57:11.993] [Server thread/ERROR] [net.minecraftforge.fml.loading.RuntimeDistCleaner/DISTXFORM]: Attempted to load class net/minecraft/client/renderer/RenderType for invalid dist DEDICATED_SERVER
[31Mar2025 03:57:11.994] [Server thread/ERROR] [net.minecraftforge.fml.loading.RuntimeDistCleaner/DISTXFORM]: Attempted to load class net/minecraft/client/renderer/RenderType for invalid dist DEDICATED_SERVER
[31Mar2025 03:57:11.995] [Server thread/ERROR] [net.minecraftforge.fml.loading.RuntimeDistCleaner/DISTXFORM]: Attempted to load class net/minecraft/client/renderer/RenderType for invalid dist DEDICATED_SERVER
[31Mar2025 03:57:12.004] [Server thread/ERROR] [net.minecraftforge.fml.loading.RuntimeDistCleaner/DISTXFORM]: Attempted to load class net/minecraft/client/renderer/RenderType for invalid dist DEDICATED_SERVER
[31Mar2025 03:57:12.005] [Server thread/ERROR] [net.minecraftforge.fml.loading.RuntimeDistCleaner/DISTXFORM]: Attempted to load class net/minecraft/client/renderer/RenderType for invalid dist DEDICATED_SERVER
[31Mar2025 03:57:12.005] [Server thread/ERROR] [net.minecraftforge.fml.loading.RuntimeDistCleaner/DISTXFORM]: Attempted to load class net/minecraft/client/renderer/RenderType for invalid dist DEDICATED_SERVER
[31Mar2025 03:57:12.006] [Server thread/ERROR] [net.minecraftforge.fml.loading.RuntimeDistCleaner/DISTXFORM]: Attempted to load class net/minecraft/client/renderer/RenderType for invalid dist DEDICATED_SERVER
[31Mar2025 03:57:12.006] [Server thread/ERROR] [net.minecraftforge.fml.loading.RuntimeDistCleaner/DISTXFORM]: Attempted to load class net/minecraft/client/renderer/RenderType for invalid dist DEDICATED_SERVER
[31Mar2025 03:57:12.032] [Server thread/ERROR] [net.minecraftforge.fml.loading.RuntimeDistCleaner/DISTXFORM]: Attempted to load class net/minecraft/client/renderer/RenderType for invalid dist DEDICATED_SERVER
[31Mar2025 03:57:12.033] [Server thread/ERROR] [net.minecraftforge.fml.loading.RuntimeDistCleaner/DISTXFORM]: Attempted to load class net/minecraft/client/renderer/RenderType for invalid dist DEDICATED_SERVER
[31Mar2025 03:57:12.033] [Server thread/ERROR] [net.minecraftforge.fml.loading.RuntimeDistCleaner/DISTXFORM]: Attempted to load class net/minecraft/client/renderer/RenderType for invalid dist DEDICATED_SERVER
[31Mar2025 03:57:12.034] [Server thread/ERROR] [net.minecraftforge.fml.loading.RuntimeDistCleaner/DISTXFORM]: Attempted to load class net/minecraft/client/renderer/RenderType for invalid dist DEDICATED_SERVER
[31Mar2025 03:57:12.035] [Server thread/ERROR] [net.minecraftforge.fml.loading.RuntimeDistCleaner/DISTXFORM]: Attempted to load class net/minecraft/client/renderer/RenderType for invalid dist DEDICATED_SERVER
[31Mar2025 03:57:12.041] [Server thread/ERROR] [net.minecraftforge.fml.loading.RuntimeDistCleaner/DISTXFORM]: Attempted to load class net/minecraft/client/renderer/RenderType for invalid dist DEDICATED_SERVER
[31Mar2025 03:57:12.042] [Server thread/ERROR] [net.minecraftforge.fml.loading.RuntimeDistCleaner/DISTXFORM]: Attempted to load class net/minecraft/client/renderer/RenderType for invalid dist DEDICATED_SERVER
[31Mar2025 03:57:12.043] [Server thread/ERROR] [net.minecraftforge.fml.loading.RuntimeDistCleaner/DISTXFORM]: Attempted to load class net/minecraft/client/renderer/RenderType for invalid dist DEDICATED_SERVER
[31Mar2025 03:57:12.043] [Server thread/ERROR] [net.minecraftforge.fml.loading.RuntimeDistCleaner/DISTXFORM]: Attempted to load class net/minecraft/client/renderer/RenderType for invalid dist DEDICATED_SERVER
[31Mar2025 03:57:12.044] [Server thread/ERROR] [net.minecraftforge.fml.loading.RuntimeDistCleaner/DISTXFORM]: Attempted to load class net/minecraft/client/renderer/RenderType for invalid dist DEDICATED_SERVER
[31Mar2025 03:57:12.080] [Server thread/ERROR] [net.minecraftforge.fml.loading.RuntimeDistCleaner/DISTXFORM]: Attempted to load class net/minecraft/client/renderer/RenderType for invalid dist DEDICATED_SERVER
[31Mar2025 03:57:12.082] [Server thread/ERROR] [net.minecraftforge.fml.loading.RuntimeDistCleaner/DISTXFORM]: Attempted to load class net/minecraft/client/renderer/RenderType for invalid dist DEDICATED_SERVER
[31Mar2025 03:57:12.083] [Server thread/ERROR] [net.minecraftforge.fml.loading.RuntimeDistCleaner/DISTXFORM]: Attempted to load class net/minecraft/client/renderer/RenderType for invalid dist DEDICATED_SERVER
[31Mar2025 03:57:12.084] [Server thread/ERROR] [net.minecraftforge.fml.loading.RuntimeDistCleaner/DISTXFORM]: Attempted to load class net/minecraft/client/renderer/RenderType for invalid dist DEDICATED_SERVER
[31Mar2025 03:57:12.086] [Server thread/ERROR] [net.minecraftforge.fml.loading.RuntimeDistCleaner/DISTXFORM]: Attempted to load class net/minecraft/client/renderer/RenderType for invalid dist DEDICATED_SERVER
[31Mar2025 03:57:12.089] [Server thread/ERROR] [net.minecraftforge.fml.loading.RuntimeDistCleaner/DISTXFORM]: Attempted to load class net/minecraft/client/renderer/RenderType for invalid dist DEDICATED_SERVER
[31Mar2025 03:57:12.090] [Server thread/ERROR] [net.minecraftforge.fml.loading.RuntimeDistCleaner/DISTXFORM]: Attempted to load class net/minecraft/client/renderer/RenderType for invalid dist DEDICATED_SERVER
[31Mar2025 03:57:12.092] [Server thread/ERROR] [net.minecraftforge.fml.loading.RuntimeDistCleaner/DISTXFORM]: Attempted to load class net/minecraft/client/renderer/RenderType for invalid dist DEDICATED_SERVER
[31Mar2025 03:57:12.093] [Server thread/ERROR] [net.minecraftforge.fml.loading.RuntimeDistCleaner/DISTXFORM]: Attempted to load class net/minecraft/client/renderer/RenderType for invalid dist DEDICATED_SERVER
[31Mar2025 03:57:12.094] [Server thread/ERROR] [net.minecraftforge.fml.loading.RuntimeDistCleaner/DISTXFORM]: Attempted to load class net/minecraft/client/renderer/RenderType for invalid dist DEDICATED_SERVER
[31Mar2025 03:57:30.263] [Config file watcher thread/INFO] [portb.configlib.ConfigLib/]: Watcher has shut down
[31Mar2025 03:57:30.264] [Server thread/INFO] [net.minecraft.server.MinecraftServer/]: Stopping server
[31Mar2025 03:57:30.265] [Server thread/INFO] [net.minecraft.server.MinecraftServer/]: Saving players
[31Mar2025 03:57:30.282] [Server thread/INFO] [net.minecraft.server.network.ServerGamePacketListenerImpl/]: Jandro_ lost connection: Server closed
[31Mar2025 03:57:30.282] [Server thread/INFO] [net.minecraft.server.MinecraftServer/]: Jandro_ left the game
[31Mar2025 03:57:30.288] [Server thread/INFO] [net.minecraft.server.MinecraftServer/]: Saving worlds
[31Mar2025 03:57:30.838] [Server thread/INFO] [net.minecraft.server.MinecraftServer/]: Saving chunks for level 'ServerLevel[world]'/minecraft:overworld
[31Mar2025 03:57:33.233] [Server thread/INFO] [net.minecraft.server.MinecraftServer/]: Saving chunks for level 'ServerLevel[world]'/ad_astra:venus_orbit
[31Mar2025 03:57:33.234] [Server thread/INFO] [net.minecraft.server.MinecraftServer/]: Saving chunks for level 'ServerLevel[world]'/twilightforest:twilight_forest
[31Mar2025 03:57:33.235] [Server thread/INFO] [net.minecraft.server.MinecraftServer/]: Saving chunks for level 'ServerLevel[world]'/ad_astra:venus
[31Mar2025 03:57:33.235] [Server thread/INFO] [net.minecraft.server.MinecraftServer/]: Saving chunks for level 'ServerLevel[world]'/minecraft:the_end
[31Mar2025 03:57:33.236] [Server thread/INFO] [net.minecraft.server.MinecraftServer/]: Saving chunks for level 'ServerLevel[world]'/minecraft:the_nether
[31Mar2025 03:57:33.236] [Server thread/INFO] [net.minecraft.server.MinecraftServer/]: Saving chunks for level 'ServerLevel[world]'/ad_astra:mars
[31Mar2025 03:57:33.237] [Server thread/INFO] [net.minecraft.server.MinecraftServer/]: Saving chunks for level 'ServerLevel[world]'/ad_astra:mercury_orbit
[31Mar2025 03:57:33.238] [Server thread/INFO] [net.minecraft.server.MinecraftServer/]: Saving chunks for level 'ServerLevel[world]'/aether:the_aether
[31Mar2025 03:57:33.238] [Server thread/INFO] [net.minecraft.server.MinecraftServer/]: Saving chunks for level 'ServerLevel[world]'/ad_astra:mercury
[31Mar2025 03:57:33.239] [Server thread/INFO] [net.minecraft.server.MinecraftServer/]: Saving chunks for level 'ServerLevel[world]'/ad_astra:moon_orbit
[31Mar2025 03:57:33.239] [Server thread/INFO] [net.minecraft.server.MinecraftServer/]: Saving chunks for level 'ServerLevel[world]'/ad_astra:earth_orbit
[31Mar2025 03:57:33.240] [Server thread/INFO] [net.minecraft.server.MinecraftServer/]: Saving chunks for level 'ServerLevel[world]'/ad_astra:mars_orbit
[31Mar2025 03:57:33.240] [Server thread/INFO] [net.minecraft.server.MinecraftServer/]: Saving chunks for level 'ServerLevel[world]'/ad_astra:glacio
[31Mar2025 03:57:33.241] [Server thread/INFO] [net.minecraft.server.MinecraftServer/]: Saving chunks for level 'ServerLevel[world]'/ad_astra:glacio_orbit
[31Mar2025 03:57:33.241] [Server thread/INFO] [net.minecraft.server.MinecraftServer/]: Saving chunks for level 'ServerLevel[world]'/ad_astra:moon
[31Mar2025 03:57:33.314] [Server thread/INFO] [net.minecraft.server.MinecraftServer/]: ThreadedAnvilChunkStorage (world): All chunks are saved
[31Mar2025 03:57:33.315] [Server thread/INFO] [net.minecraft.server.MinecraftServer/]: ThreadedAnvilChunkStorage (venus_orbit): All chunks are saved
[31Mar2025 03:57:33.315] [Server thread/INFO] [net.minecraft.server.MinecraftServer/]: ThreadedAnvilChunkStorage (twilight_forest): All chunks are saved
[31Mar2025 03:57:33.315] [Server thread/INFO] [net.minecraft.server.MinecraftServer/]: ThreadedAnvilChunkStorage (venus): All chunks are saved
[31Mar2025 03:57:33.315] [Server thread/INFO] [net.minecraft.server.MinecraftServer/]: ThreadedAnvilChunkStorage (DIM1): All chunks are saved
[31Mar2025 03:57:33.315] [Server thread/INFO] [net.minecraft.server.MinecraftServer/]: ThreadedAnvilChunkStorage (DIM-1): All chunks are saved
[31Mar2025 03:57:33.315] [Server thread/INFO] [net.minecraft.server.MinecraftServer/]: ThreadedAnvilChunkStorage (mars): All chunks are saved
[31Mar2025 03:57:33.315] [Server thread/INFO] [net.minecraft.server.MinecraftServer/]: ThreadedAnvilChunkStorage (mercury_orbit): All chunks are saved
[31Mar2025 03:57:33.315] [Server thread/INFO] [net.minecraft.server.MinecraftServer/]: ThreadedAnvilChunkStorage (the_aether): All chunks are saved
[31Mar2025 03:57:33.315] [Server thread/INFO] [net.minecraft.server.MinecraftServer/]: ThreadedAnvilChunkStorage (mercury): All chunks are saved
[31Mar2025 03:57:33.315] [Server thread/INFO] [net.minecraft.server.MinecraftServer/]: ThreadedAnvilChunkStorage (moon_orbit): All chunks are saved
[31Mar2025 03:57:33.315] [Server thread/INFO] [net.minecraft.server.MinecraftServer/]: ThreadedAnvilChunkStorage (earth_orbit): All chunks are saved
[31Mar2025 03:57:33.315] [Server thread/INFO] [net.minecraft.server.MinecraftServer/]: ThreadedAnvilChunkStorage (mars_orbit): All chunks are saved
[31Mar2025 03:57:33.315] [Server thread/INFO] [net.minecraft.server.MinecraftServer/]: ThreadedAnvilChunkStorage (glacio): All chunks are saved
[31Mar2025 03:57:33.316] [Server thread/INFO] [net.minecraft.server.MinecraftServer/]: ThreadedAnvilChunkStorage (glacio_orbit): All chunks are saved
[31Mar2025 03:57:33.316] [Server thread/INFO] [net.minecraft.server.MinecraftServer/]: ThreadedAnvilChunkStorage (moon): All chunks are saved
[31Mar2025 03:57:33.316] [Server thread/INFO] [net.minecraft.server.MinecraftServer/]: ThreadedAnvilChunkStorage: All dimensions are saved
[31Mar2025 03:57:33.819] [Server thread/INFO] [journeymap/]: Loading JourneyMap Forge Configs
